----------------
; Command Info ;
----------------
Report Timing: Found 10 setup paths (0 violated).  Worst case slack is 1.140 

Tcl Command:
    report_timing -setup -file reports/setup.rpt -npaths 10 -detail full_path

Options:
    -setup 
    -npaths 10 
    -detail full_path 
    -file {reports/setup.rpt} 

Delay Model:
    Slow 1200mV 85C Model

+-----------------------------------------------------------------------------------------------------------------------------------------------------------------------------------------------------------------------+
; Summary of Paths                                                                                                                                                                                                      ;
+-------+-----------------------------------------------------------------------------------+--------------------------------------------------+---------------+---------------+--------------+------------+------------+
; Slack ; From Node                                                                         ; To Node                                          ; Launch Clock  ; Latch Clock   ; Relationship ; Clock Skew ; Data Delay ;
+-------+-----------------------------------------------------------------------------------+--------------------------------------------------+---------------+---------------+--------------+------------+------------+
; 1.140 ; igor_uart_top:system|igor_top:core|igor_rollout_tile:tiles[1].tile|best_score[11] ; igor_uart_top:system|igor_top:core|previous_v[2] ; MAX10_CLK1_50 ; MAX10_CLK1_50 ; 20.000       ; 0.345      ; 19.198     ;
; 1.140 ; igor_uart_top:system|igor_top:core|igor_rollout_tile:tiles[1].tile|best_score[11] ; igor_uart_top:system|igor_top:core|previous_v[1] ; MAX10_CLK1_50 ; MAX10_CLK1_50 ; 20.000       ; 0.345      ; 19.198     ;
; 1.180 ; igor_uart_top:system|igor_top:core|igor_rollout_tile:tiles[1].tile|best_score[11] ; igor_uart_top:system|igor_top:core|previous_v[2] ; MAX10_CLK1_50 ; MAX10_CLK1_50 ; 20.000       ; 0.345      ; 19.158     ;
; 1.180 ; igor_uart_top:system|igor_top:core|igor_rollout_tile:tiles[1].tile|best_score[11] ; igor_uart_top:system|igor_top:core|previous_v[1] ; MAX10_CLK1_50 ; MAX10_CLK1_50 ; 20.000       ; 0.345      ; 19.158     ;
; 1.181 ; igor_uart_top:system|igor_top:core|igor_rollout_tile:tiles[0].tile|best_score[5]  ; igor_uart_top:system|igor_top:core|previous_v[2] ; MAX10_CLK1_50 ; MAX10_CLK1_50 ; 20.000       ; 0.338      ; 19.150     ;
; 1.181 ; igor_uart_top:system|igor_top:core|igor_rollout_tile:tiles[0].tile|best_score[5]  ; igor_uart_top:system|igor_top:core|previous_v[1] ; MAX10_CLK1_50 ; MAX10_CLK1_50 ; 20.000       ; 0.338      ; 19.150     ;
; 1.185 ; igor_uart_top:system|igor_top:core|igor_rollout_tile:tiles[1].tile|best_score[11] ; igor_uart_top:system|igor_top:core|previous_v[2] ; MAX10_CLK1_50 ; MAX10_CLK1_50 ; 20.000       ; 0.345      ; 19.153     ;
; 1.185 ; igor_uart_top:system|igor_top:core|igor_rollout_tile:tiles[1].tile|best_score[11] ; igor_uart_top:system|igor_top:core|previous_v[1] ; MAX10_CLK1_50 ; MAX10_CLK1_50 ; 20.000       ; 0.345      ; 19.153     ;
; 1.188 ; igor_uart_top:system|igor_top:core|igor_rollout_tile:tiles[1].tile|best_score[11] ; igor_uart_top:system|igor_top:core|previous_v[2] ; MAX10_CLK1_50 ; MAX10_CLK1_50 ; 20.000       ; 0.345      ; 19.150     ;
; 1.188 ; igor_uart_top:system|igor_top:core|igor_rollout_tile:tiles[1].tile|best_score[11] ; igor_uart_top:system|igor_top:core|previous_v[1] ; MAX10_CLK1_50 ; MAX10_CLK1_50 ; 20.000       ; 0.345      ; 19.150     ;
+-------+-----------------------------------------------------------------------------------+--------------------------------------------------+---------------+---------------+--------------+------------+------------+

Path #1: Setup slack is 1.140 
===============================================================================
+--------------------------------------------------------------------------------------------------------+
; Path Summary                                                                                           ;
+--------------------+-----------------------------------------------------------------------------------+
; Property           ; Value                                                                             ;
+--------------------+-----------------------------------------------------------------------------------+
; From Node          ; igor_uart_top:system|igor_top:core|igor_rollout_tile:tiles[1].tile|best_score[11] ;
; To Node            ; igor_uart_top:system|igor_top:core|previous_v[2]                                  ;
; Launch Clock       ; MAX10_CLK1_50                                                                     ;
; Latch Clock        ; MAX10_CLK1_50                                                                     ;
; Data Arrival Time  ; 22.863                                                                            ;
; Data Required Time ; 24.003                                                                            ;
; Slack              ; 1.140                                                                             ;
+--------------------+-----------------------------------------------------------------------------------+

+------------------------------------------------------------------------------------+
; Statistics                                                                         ;
+------------------------+--------+-------+-------------+------------+-------+-------+
; Property               ; Value  ; Count ; Total Delay ; % of Total ; Min   ; Max   ;
+------------------------+--------+-------+-------------+------------+-------+-------+
; Setup Relationship     ; 20.000 ;       ;             ;            ;       ;       ;
; Clock Skew             ; 0.345  ;       ;             ;            ;       ;       ;
; Data Delay             ; 19.198 ;       ;             ;            ;       ;       ;
; Number of Logic Levels ;        ; 15    ;             ;            ;       ;       ;
; Physical Delays        ;        ;       ;             ;            ;       ;       ;
;  Arrival Path          ;        ;       ;             ;            ;       ;       ;
;   Clock                ;        ;       ;             ;            ;       ;       ;
;    IC                  ;        ; 3     ; 2.362       ; 64         ; 0.000 ; 1.468 ;
;    Cell                ;        ; 3     ; 1.303       ; 36         ; 0.000 ; 0.793 ;
;   Data                 ;        ;       ;             ;            ;       ;       ;
;    IC                  ;        ; 64    ; 9.200       ; 48         ; 0.000 ; 1.768 ;
;    Cell                ;        ; 65    ; 9.791       ; 51         ; 0.000 ; 0.637 ;
;    uTco                ;        ; 1     ; 0.207       ; 1          ; 0.207 ; 0.207 ;
;  Required Path         ;        ;       ;             ;            ;       ;       ;
;   Clock                ;        ;       ;             ;            ;       ;       ;
;    IC                  ;        ; 3     ; 2.684       ; 68         ; 0.000 ; 1.826 ;
;    Cell                ;        ; 3     ; 1.268       ; 32         ; 0.000 ; 0.793 ;
+------------------------+--------+-------+-------------+------------+-------+-------+
Note: Negative delays are omitted from totals when calculating percentages

+--------------------------------------------------------------------------------------------------------------------------------------------------+
; Data Arrival Path                                                                                                                                ;
+----------+---------+----+------+--------+--------------------+-----------------------------------------------------------------------------------+
; Total    ; Incr    ; RF ; Type ; Fanout ; Location           ; Element                                                                           ;
+----------+---------+----+------+--------+--------------------+-----------------------------------------------------------------------------------+
; 0.000    ; 0.000   ;    ;      ;        ;                    ; launch edge time                                                                  ;
; 3.665    ; 3.665   ;    ;      ;        ;                    ; clock path                                                                        ;
;   0.000  ;   0.000 ;    ;      ;        ;                    ; source latency                                                                    ;
;   0.000  ;   0.000 ;    ;      ; 1      ; PIN_P11            ; MAX10_CLK1_50                                                                     ;
;   0.000  ;   0.000 ; RR ; IC   ; 1      ; IOIBUF_X34_Y0_N29  ; MAX10_CLK1_50~input|i                                                             ;
;   0.793  ;   0.793 ; RR ; CELL ; 1      ; IOIBUF_X34_Y0_N29  ; MAX10_CLK1_50~input|o                                                             ;
;   1.687  ;   0.894 ; RR ; IC   ; 1      ; CLKCTRL_G19        ; MAX10_CLK1_50~inputclkctrl|inclk[0]                                               ;
;   1.687  ;   0.000 ; RR ; CELL ; 1680   ; CLKCTRL_G19        ; MAX10_CLK1_50~inputclkctrl|outclk                                                 ;
;   3.155  ;   1.468 ; RR ; IC   ; 1      ; FF_X39_Y10_N15     ; system|core|tiles[1].tile|best_score[11]|clk                                      ;
;   3.665  ;   0.510 ; RR ; CELL ; 1      ; FF_X39_Y10_N15     ; igor_uart_top:system|igor_top:core|igor_rollout_tile:tiles[1].tile|best_score[11] ;
; 22.863   ; 19.198  ;    ;      ;        ;                    ; data path                                                                         ;
;   3.872  ;   0.207 ;    ; uTco ; 1      ; FF_X39_Y10_N15     ; igor_uart_top:system|igor_top:core|igor_rollout_tile:tiles[1].tile|best_score[11] ;
;   3.872  ;   0.000 ; FF ; CELL ; 5      ; FF_X39_Y10_N15     ; system|core|tiles[1].tile|best_score[11]|q                                        ;
;   5.640  ;   1.768 ; FF ; IC   ; 1      ; LCCOMB_X38_Y10_N22 ; system|core|selector|LessThan0~23|datab                                           ;
;   6.121  ;   0.481 ; FF ; CELL ; 1      ; LCCOMB_X38_Y10_N22 ; system|core|selector|LessThan0~23|cout                                            ;
;   6.121  ;   0.000 ; FF ; IC   ; 1      ; LCCOMB_X38_Y10_N24 ; system|core|selector|LessThan0~25|cin                                             ;
;   6.180  ;   0.059 ; FR ; CELL ; 1      ; LCCOMB_X38_Y10_N24 ; system|core|selector|LessThan0~25|cout                                            ;
;   6.180  ;   0.000 ; RR ; IC   ; 1      ; LCCOMB_X38_Y10_N26 ; system|core|selector|LessThan0~27|cin                                             ;
;   6.239  ;   0.059 ; RF ; CELL ; 1      ; LCCOMB_X38_Y10_N26 ; system|core|selector|LessThan0~27|cout                                            ;
;   6.239  ;   0.000 ; FF ; IC   ; 1      ; LCCOMB_X38_Y10_N28 ; system|core|selector|LessThan0~29|cin                                             ;
;   6.298  ;   0.059 ; FR ; CELL ; 1      ; LCCOMB_X38_Y10_N28 ; system|core|selector|LessThan0~29|cout                                            ;
;   6.298  ;   0.000 ; RR ; IC   ; 1      ; LCCOMB_X38_Y10_N30 ; system|core|selector|LessThan0~31|cin                                             ;
;   6.357  ;   0.059 ; RF ; CELL ; 1      ; LCCOMB_X38_Y10_N30 ; system|core|selector|LessThan0~31|cout                                            ;
;   6.357  ;   0.000 ; FF ; IC   ; 1      ; LCCOMB_X38_Y9_N0   ; system|core|selector|LessThan0~33|cin                                             ;
;   6.416  ;   0.059 ; FR ; CELL ; 1      ; LCCOMB_X38_Y9_N0   ; system|core|selector|LessThan0~33|cout                                            ;
;   6.416  ;   0.000 ; RR ; IC   ; 1      ; LCCOMB_X38_Y9_N2   ; system|core|selector|LessThan0~35|cin                                             ;
;   6.475  ;   0.059 ; RF ; CELL ; 1      ; LCCOMB_X38_Y9_N2   ; system|core|selector|LessThan0~35|cout                                            ;
;   6.475  ;   0.000 ; FF ; IC   ; 1      ; LCCOMB_X38_Y9_N4   ; system|core|selector|LessThan0~37|cin                                             ;
;   6.534  ;   0.059 ; FR ; CELL ; 1      ; LCCOMB_X38_Y9_N4   ; system|core|selector|LessThan0~37|cout                                            ;
;   6.534  ;   0.000 ; RR ; IC   ; 1      ; LCCOMB_X38_Y9_N6   ; system|core|selector|LessThan0~39|cin                                             ;
;   6.593  ;   0.059 ; RF ; CELL ; 1      ; LCCOMB_X38_Y9_N6   ; system|core|selector|LessThan0~39|cout                                            ;
;   6.593  ;   0.000 ; FF ; IC   ; 1      ; LCCOMB_X38_Y9_N8   ; system|core|selector|LessThan0~41|cin                                             ;
;   6.652  ;   0.059 ; FR ; CELL ; 1      ; LCCOMB_X38_Y9_N8   ; system|core|selector|LessThan0~41|cout                                            ;
;   6.652  ;   0.000 ; RR ; IC   ; 1      ; LCCOMB_X38_Y9_N10  ; system|core|selector|LessThan0~43|cin                                             ;
;   6.711  ;   0.059 ; RF ; CELL ; 1      ; LCCOMB_X38_Y9_N10  ; system|core|selector|LessThan0~43|cout                                            ;
;   6.711  ;   0.000 ; FF ; IC   ; 1      ; LCCOMB_X38_Y9_N12  ; system|core|selector|LessThan0~45|cin                                             ;
;   6.770  ;   0.059 ; FR ; CELL ; 1      ; LCCOMB_X38_Y9_N12  ; system|core|selector|LessThan0~45|cout                                            ;
;   6.770  ;   0.000 ; RR ; IC   ; 1      ; LCCOMB_X38_Y9_N14  ; system|core|selector|LessThan0~47|cin                                             ;
;   6.829  ;   0.059 ; RF ; CELL ; 1      ; LCCOMB_X38_Y9_N14  ; system|core|selector|LessThan0~47|cout                                            ;
;   6.829  ;   0.000 ; FF ; IC   ; 1      ; LCCOMB_X38_Y9_N16  ; system|core|selector|LessThan0~49|cin                                             ;
;   6.888  ;   0.059 ; FR ; CELL ; 1      ; LCCOMB_X38_Y9_N16  ; system|core|selector|LessThan0~49|cout                                            ;
;   6.888  ;   0.000 ; RR ; IC   ; 1      ; LCCOMB_X38_Y9_N18  ; system|core|selector|LessThan0~51|cin                                             ;
;   6.947  ;   0.059 ; RF ; CELL ; 1      ; LCCOMB_X38_Y9_N18  ; system|core|selector|LessThan0~51|cout                                            ;
;   6.947  ;   0.000 ; FF ; IC   ; 1      ; LCCOMB_X38_Y9_N20  ; system|core|selector|LessThan0~53|cin                                             ;
;   7.006  ;   0.059 ; FR ; CELL ; 1      ; LCCOMB_X38_Y9_N20  ; system|core|selector|LessThan0~53|cout                                            ;
;   7.006  ;   0.000 ; RR ; IC   ; 1      ; LCCOMB_X38_Y9_N22  ; system|core|selector|LessThan0~55|cin                                             ;
;   7.065  ;   0.059 ; RF ; CELL ; 1      ; LCCOMB_X38_Y9_N22  ; system|core|selector|LessThan0~55|cout                                            ;
;   7.065  ;   0.000 ; FF ; IC   ; 1      ; LCCOMB_X38_Y9_N24  ; system|core|selector|LessThan0~57|cin                                             ;
;   7.124  ;   0.059 ; FR ; CELL ; 1      ; LCCOMB_X38_Y9_N24  ; system|core|selector|LessThan0~57|cout                                            ;
;   7.124  ;   0.000 ; RR ; IC   ; 1      ; LCCOMB_X38_Y9_N26  ; system|core|selector|LessThan0~59|cin                                             ;
;   7.183  ;   0.059 ; RF ; CELL ; 1      ; LCCOMB_X38_Y9_N26  ; system|core|selector|LessThan0~59|cout                                            ;
;   7.183  ;   0.000 ; FF ; IC   ; 1      ; LCCOMB_X38_Y9_N28  ; system|core|selector|LessThan0~61|cin                                             ;
;   7.242  ;   0.059 ; FR ; CELL ; 1      ; LCCOMB_X38_Y9_N28  ; system|core|selector|LessThan0~61|cout                                            ;
;   7.242  ;   0.000 ; RR ; IC   ; 1      ; LCCOMB_X38_Y9_N30  ; system|core|selector|LessThan0~62|cin                                             ;
;   7.879  ;   0.637 ; RR ; CELL ; 2      ; LCCOMB_X38_Y9_N30  ; system|core|selector|LessThan0~62|combout                                         ;
;   8.630  ;   0.751 ; RR ; IC   ; 1      ; LCCOMB_X37_Y11_N8  ; system|core|selector|take1~22|datad                                               ;
;   8.796  ;   0.166 ; RR ; CELL ; 42     ; LCCOMB_X37_Y11_N8  ; system|core|selector|take1~22|combout                                             ;
;   9.636  ;   0.840 ; RR ; IC   ; 1      ; LCCOMB_X36_Y14_N4  ; system|core|selector|sa[5]~6|datac                                                ;
;   9.940  ;   0.304 ; RR ; CELL ; 2      ; LCCOMB_X36_Y14_N4  ; system|core|selector|sa[5]~6|combout                                              ;
;   10.652 ;   0.712 ; RR ; IC   ; 1      ; LCCOMB_X37_Y14_N10 ; system|core|selector|LessThan4~11|dataa                                           ;
;   11.158 ;   0.506 ; RF ; CELL ; 1      ; LCCOMB_X37_Y14_N10 ; system|core|selector|LessThan4~11|cout                                            ;
;   11.158 ;   0.000 ; FF ; IC   ; 1      ; LCCOMB_X37_Y14_N12 ; system|core|selector|LessThan4~13|cin                                             ;
;   11.217 ;   0.059 ; FR ; CELL ; 1      ; LCCOMB_X37_Y14_N12 ; system|core|selector|LessThan4~13|cout                                            ;
;   11.217 ;   0.000 ; RR ; IC   ; 1      ; LCCOMB_X37_Y14_N14 ; system|core|selector|LessThan4~15|cin                                             ;
;   11.276 ;   0.059 ; RF ; CELL ; 1      ; LCCOMB_X37_Y14_N14 ; system|core|selector|LessThan4~15|cout                                            ;
;   11.276 ;   0.000 ; FF ; IC   ; 1      ; LCCOMB_X37_Y14_N16 ; system|core|selector|LessThan4~17|cin                                             ;
;   11.335 ;   0.059 ; FR ; CELL ; 1      ; LCCOMB_X37_Y14_N16 ; system|core|selector|LessThan4~17|cout                                            ;
;   11.335 ;   0.000 ; RR ; IC   ; 1      ; LCCOMB_X37_Y14_N18 ; system|core|selector|LessThan4~19|cin                                             ;
;   11.394 ;   0.059 ; RF ; CELL ; 1      ; LCCOMB_X37_Y14_N18 ; system|core|selector|LessThan4~19|cout                                            ;
;   11.394 ;   0.000 ; FF ; IC   ; 1      ; LCCOMB_X37_Y14_N20 ; system|core|selector|LessThan4~21|cin                                             ;
;   11.453 ;   0.059 ; FR ; CELL ; 1      ; LCCOMB_X37_Y14_N20 ; system|core|selector|LessThan4~21|cout                                            ;
;   11.453 ;   0.000 ; RR ; IC   ; 1      ; LCCOMB_X37_Y14_N22 ; system|core|selector|LessThan4~23|cin                                             ;
;   11.512 ;   0.059 ; RF ; CELL ; 1      ; LCCOMB_X37_Y14_N22 ; system|core|selector|LessThan4~23|cout                                            ;
;   11.512 ;   0.000 ; FF ; IC   ; 1      ; LCCOMB_X37_Y14_N24 ; system|core|selector|LessThan4~25|cin                                             ;
;   11.571 ;   0.059 ; FR ; CELL ; 1      ; LCCOMB_X37_Y14_N24 ; system|core|selector|LessThan4~25|cout                                            ;
;   11.571 ;   0.000 ; RR ; IC   ; 1      ; LCCOMB_X37_Y14_N26 ; system|core|selector|LessThan4~27|cin                                             ;
;   11.630 ;   0.059 ; RF ; CELL ; 1      ; LCCOMB_X37_Y14_N26 ; system|core|selector|LessThan4~27|cout                                            ;
;   11.630 ;   0.000 ; FF ; IC   ; 1      ; LCCOMB_X37_Y14_N28 ; system|core|selector|LessThan4~29|cin                                             ;
;   11.689 ;   0.059 ; FR ; CELL ; 1      ; LCCOMB_X37_Y14_N28 ; system|core|selector|LessThan4~29|cout                                            ;
;   11.689 ;   0.000 ; RR ; IC   ; 1      ; LCCOMB_X37_Y14_N30 ; system|core|selector|LessThan4~31|cin                                             ;
;   11.748 ;   0.059 ; RF ; CELL ; 1      ; LCCOMB_X37_Y14_N30 ; system|core|selector|LessThan4~31|cout                                            ;
;   11.748 ;   0.000 ; FF ; IC   ; 1      ; LCCOMB_X37_Y13_N0  ; system|core|selector|LessThan4~33|cin                                             ;
;   11.807 ;   0.059 ; FR ; CELL ; 1      ; LCCOMB_X37_Y13_N0  ; system|core|selector|LessThan4~33|cout                                            ;
;   11.807 ;   0.000 ; RR ; IC   ; 1      ; LCCOMB_X37_Y13_N2  ; system|core|selector|LessThan4~35|cin                                             ;
;   11.866 ;   0.059 ; RF ; CELL ; 1      ; LCCOMB_X37_Y13_N2  ; system|core|selector|LessThan4~35|cout                                            ;
;   11.866 ;   0.000 ; FF ; IC   ; 1      ; LCCOMB_X37_Y13_N4  ; system|core|selector|LessThan4~37|cin                                             ;
;   11.925 ;   0.059 ; FR ; CELL ; 1      ; LCCOMB_X37_Y13_N4  ; system|core|selector|LessThan4~37|cout                                            ;
;   11.925 ;   0.000 ; RR ; IC   ; 1      ; LCCOMB_X37_Y13_N6  ; system|core|selector|LessThan4~39|cin                                             ;
;   11.984 ;   0.059 ; RF ; CELL ; 1      ; LCCOMB_X37_Y13_N6  ; system|core|selector|LessThan4~39|cout                                            ;
;   11.984 ;   0.000 ; FF ; IC   ; 1      ; LCCOMB_X37_Y13_N8  ; system|core|selector|LessThan4~41|cin                                             ;
;   12.043 ;   0.059 ; FR ; CELL ; 1      ; LCCOMB_X37_Y13_N8  ; system|core|selector|LessThan4~41|cout                                            ;
;   12.043 ;   0.000 ; RR ; IC   ; 1      ; LCCOMB_X37_Y13_N10 ; system|core|selector|LessThan4~43|cin                                             ;
;   12.102 ;   0.059 ; RF ; CELL ; 1      ; LCCOMB_X37_Y13_N10 ; system|core|selector|LessThan4~43|cout                                            ;
;   12.102 ;   0.000 ; FF ; IC   ; 1      ; LCCOMB_X37_Y13_N12 ; system|core|selector|LessThan4~45|cin                                             ;
;   12.161 ;   0.059 ; FR ; CELL ; 1      ; LCCOMB_X37_Y13_N12 ; system|core|selector|LessThan4~45|cout                                            ;
;   12.161 ;   0.000 ; RR ; IC   ; 1      ; LCCOMB_X37_Y13_N14 ; system|core|selector|LessThan4~47|cin                                             ;
;   12.220 ;   0.059 ; RF ; CELL ; 1      ; LCCOMB_X37_Y13_N14 ; system|core|selector|LessThan4~47|cout                                            ;
;   12.220 ;   0.000 ; FF ; IC   ; 1      ; LCCOMB_X37_Y13_N16 ; system|core|selector|LessThan4~49|cin                                             ;
;   12.279 ;   0.059 ; FR ; CELL ; 1      ; LCCOMB_X37_Y13_N16 ; system|core|selector|LessThan4~49|cout                                            ;
;   12.279 ;   0.000 ; RR ; IC   ; 1      ; LCCOMB_X37_Y13_N18 ; system|core|selector|LessThan4~51|cin                                             ;
;   12.338 ;   0.059 ; RF ; CELL ; 1      ; LCCOMB_X37_Y13_N18 ; system|core|selector|LessThan4~51|cout                                            ;
;   12.338 ;   0.000 ; FF ; IC   ; 1      ; LCCOMB_X37_Y13_N20 ; system|core|selector|LessThan4~53|cin                                             ;
;   12.397 ;   0.059 ; FR ; CELL ; 1      ; LCCOMB_X37_Y13_N20 ; system|core|selector|LessThan4~53|cout                                            ;
;   12.397 ;   0.000 ; RR ; IC   ; 1      ; LCCOMB_X37_Y13_N22 ; system|core|selector|LessThan4~55|cin                                             ;
;   12.456 ;   0.059 ; RF ; CELL ; 1      ; LCCOMB_X37_Y13_N22 ; system|core|selector|LessThan4~55|cout                                            ;
;   12.456 ;   0.000 ; FF ; IC   ; 1      ; LCCOMB_X37_Y13_N24 ; system|core|selector|LessThan4~57|cin                                             ;
;   12.515 ;   0.059 ; FR ; CELL ; 1      ; LCCOMB_X37_Y13_N24 ; system|core|selector|LessThan4~57|cout                                            ;
;   12.515 ;   0.000 ; RR ; IC   ; 1      ; LCCOMB_X37_Y13_N26 ; system|core|selector|LessThan4~59|cin                                             ;
;   12.574 ;   0.059 ; RF ; CELL ; 1      ; LCCOMB_X37_Y13_N26 ; system|core|selector|LessThan4~59|cout                                            ;
;   12.574 ;   0.000 ; FF ; IC   ; 1      ; LCCOMB_X37_Y13_N28 ; system|core|selector|LessThan4~61|cin                                             ;
;   12.633 ;   0.059 ; FR ; CELL ; 1      ; LCCOMB_X37_Y13_N28 ; system|core|selector|LessThan4~61|cout                                            ;
;   12.633 ;   0.000 ; RR ; IC   ; 1      ; LCCOMB_X37_Y13_N30 ; system|core|selector|LessThan4~62|cin                                             ;
;   13.270 ;   0.637 ; RR ; CELL ; 2      ; LCCOMB_X37_Y13_N30 ; system|core|selector|LessThan4~62|combout                                         ;
;   13.700 ;   0.430 ; RR ; IC   ; 1      ; LCCOMB_X36_Y13_N6  ; system|core|selector|winner[0]~5|datac                                            ;
;   14.004 ;   0.304 ; RR ; CELL ; 3      ; LCCOMB_X36_Y13_N6  ; system|core|selector|winner[0]~5|combout                                          ;
;   14.231 ;   0.227 ; RR ; IC   ; 1      ; LCCOMB_X36_Y13_N10 ; system|core|selector|winner[0]~4|datad                                            ;
;   14.376 ;   0.145 ; RF ; CELL ; 12     ; LCCOMB_X36_Y13_N10 ; system|core|selector|winner[0]~4|combout                                          ;
;   15.129 ;   0.753 ; FF ; IC   ; 1      ; LCCOMB_X39_Y13_N4  ; system|core|selector|best_index[6]~28|datac                                       ;
;   15.432 ;   0.303 ; FF ; CELL ; 1      ; LCCOMB_X39_Y13_N4  ; system|core|selector|best_index[6]~28|combout                                     ;
;   15.679 ;   0.247 ; FF ; IC   ; 1      ; LCCOMB_X39_Y13_N30 ; system|core|selector|best_index[6]~29|datac                                       ;
;   15.960 ;   0.281 ; FR ; CELL ; 4      ; LCCOMB_X39_Y13_N30 ; system|core|selector|best_index[6]~29|combout                                     ;
;   16.191 ;   0.231 ; RR ; IC   ; 1      ; LCCOMB_X39_Y13_N0  ; system|core|selector|best_index[6]~30|datac                                       ;
;   16.496 ;   0.305 ; RR ; CELL ; 5      ; LCCOMB_X39_Y13_N0  ; system|core|selector|best_index[6]~30|combout                                     ;
;   17.290 ;   0.794 ; RR ; IC   ; 2      ; LCCOMB_X38_Y17_N2  ; system|core|gate|Add3~2|dataa                                                     ;
;   17.796 ;   0.506 ; RF ; CELL ; 1      ; LCCOMB_X38_Y17_N2  ; system|core|gate|Add3~2|cout                                                      ;
;   17.796 ;   0.000 ; FF ; IC   ; 2      ; LCCOMB_X38_Y17_N4  ; system|core|gate|Add3~4|cin                                                       ;
;   17.855 ;   0.059 ; FR ; CELL ; 1      ; LCCOMB_X38_Y17_N4  ; system|core|gate|Add3~4|cout                                                      ;
;   17.855 ;   0.000 ; RR ; IC   ; 2      ; LCCOMB_X38_Y17_N6  ; system|core|gate|Add3~6|cin                                                       ;
;   18.492 ;   0.637 ; RR ; CELL ; 2      ; LCCOMB_X38_Y17_N6  ; system|core|gate|Add3~6|combout                                                   ;
;   18.882 ;   0.390 ; RR ; IC   ; 1      ; LCCOMB_X39_Y17_N22 ; system|core|gate|LessThan3~1|datac                                                ;
;   19.187 ;   0.305 ; RR ; CELL ; 2      ; LCCOMB_X39_Y17_N22 ; system|core|gate|LessThan3~1|combout                                              ;
;   19.397 ;   0.210 ; RR ; IC   ; 1      ; LCCOMB_X39_Y17_N18 ; system|core|gate|LessThan3~3|datac                                                ;
;   19.677 ;   0.280 ; RF ; CELL ; 1      ; LCCOMB_X39_Y17_N18 ; system|core|gate|LessThan3~3|combout                                              ;
;   19.911 ;   0.234 ; FF ; IC   ; 1      ; LCCOMB_X39_Y17_N24 ; system|core|gate|always0~9|datad                                                  ;
;   20.072 ;   0.161 ; FR ; CELL ; 1      ; LCCOMB_X39_Y17_N24 ; system|core|gate|always0~9|combout                                                ;
;   20.722 ;   0.650 ; RR ; IC   ; 1      ; LCCOMB_X36_Y17_N28 ; system|core|gate|always0~14|dataa                                                 ;
;   21.110 ;   0.388 ; RR ; CELL ; 24     ; LCCOMB_X36_Y17_N28 ; system|core|gate|always0~14|combout                                               ;
;   21.642 ;   0.532 ; RR ; IC   ; 1      ; LCCOMB_X37_Y17_N4  ; system|core|previous_v[0]~0|datad                                                 ;
;   21.808 ;   0.166 ; RR ; CELL ; 11     ; LCCOMB_X37_Y17_N4  ; system|core|previous_v[0]~0|combout                                               ;
;   22.239 ;   0.431 ; RR ; IC   ; 1      ; FF_X36_Y17_N7      ; system|core|previous_v[2]|ena                                                     ;
;   22.863 ;   0.624 ; RR ; CELL ; 1      ; FF_X36_Y17_N7      ; igor_uart_top:system|igor_top:core|previous_v[2]                                  ;
+----------+---------+----+------+--------+--------------------+-----------------------------------------------------------------------------------+

+----------------------------------------------------------------------------------------------------------------+
; Data Required Path                                                                                             ;
+----------+---------+----+------+--------+-------------------+--------------------------------------------------+
; Total    ; Incr    ; RF ; Type ; Fanout ; Location          ; Element                                          ;
+----------+---------+----+------+--------+-------------------+--------------------------------------------------+
; 20.000   ; 20.000  ;    ;      ;        ;                   ; latch edge time                                  ;
; 24.010   ; 4.010   ;    ;      ;        ;                   ; clock path                                       ;
;   20.000 ;   0.000 ;    ;      ;        ;                   ; source latency                                   ;
;   20.000 ;   0.000 ;    ;      ; 1      ; PIN_P11           ; MAX10_CLK1_50                                    ;
;   20.000 ;   0.000 ; RR ; IC   ; 1      ; IOIBUF_X34_Y0_N29 ; MAX10_CLK1_50~input|i                            ;
;   20.793 ;   0.793 ; RR ; CELL ; 1      ; IOIBUF_X34_Y0_N29 ; MAX10_CLK1_50~input|o                            ;
;   21.651 ;   0.858 ; RR ; IC   ; 1      ; CLKCTRL_G19       ; MAX10_CLK1_50~inputclkctrl|inclk[0]              ;
;   21.651 ;   0.000 ; RR ; CELL ; 1680   ; CLKCTRL_G19       ; MAX10_CLK1_50~inputclkctrl|outclk                ;
;   23.477 ;   1.826 ; RR ; IC   ; 1      ; FF_X36_Y17_N7     ; system|core|previous_v[2]|clk                    ;
;   23.952 ;   0.475 ; RR ; CELL ; 1      ; FF_X36_Y17_N7     ; igor_uart_top:system|igor_top:core|previous_v[2] ;
;   24.010 ;   0.058 ;    ;      ;        ;                   ; clock pessimism removed                          ;
; 23.990   ; -0.020  ;    ;      ;        ;                   ; clock uncertainty                                ;
; 24.003   ; 0.013   ;    ; uTsu ; 1      ; FF_X36_Y17_N7     ; igor_uart_top:system|igor_top:core|previous_v[2] ;
+----------+---------+----+------+--------+-------------------+--------------------------------------------------+


Path #2: Setup slack is 1.140 
===============================================================================
+--------------------------------------------------------------------------------------------------------+
; Path Summary                                                                                           ;
+--------------------+-----------------------------------------------------------------------------------+
; Property           ; Value                                                                             ;
+--------------------+-----------------------------------------------------------------------------------+
; From Node          ; igor_uart_top:system|igor_top:core|igor_rollout_tile:tiles[1].tile|best_score[11] ;
; To Node            ; igor_uart_top:system|igor_top:core|previous_v[1]                                  ;
; Launch Clock       ; MAX10_CLK1_50                                                                     ;
; Latch Clock        ; MAX10_CLK1_50                                                                     ;
; Data Arrival Time  ; 22.863                                                                            ;
; Data Required Time ; 24.003                                                                            ;
; Slack              ; 1.140                                                                             ;
+--------------------+-----------------------------------------------------------------------------------+

+------------------------------------------------------------------------------------+
; Statistics                                                                         ;
+------------------------+--------+-------+-------------+------------+-------+-------+
; Property               ; Value  ; Count ; Total Delay ; % of Total ; Min   ; Max   ;
+------------------------+--------+-------+-------------+------------+-------+-------+
; Setup Relationship     ; 20.000 ;       ;             ;            ;       ;       ;
; Clock Skew             ; 0.345  ;       ;             ;            ;       ;       ;
; Data Delay             ; 19.198 ;       ;             ;            ;       ;       ;
; Number of Logic Levels ;        ; 15    ;             ;            ;       ;       ;
; Physical Delays        ;        ;       ;             ;            ;       ;       ;
;  Arrival Path          ;        ;       ;             ;            ;       ;       ;
;   Clock                ;        ;       ;             ;            ;       ;       ;
;    IC                  ;        ; 3     ; 2.362       ; 64         ; 0.000 ; 1.468 ;
;    Cell                ;        ; 3     ; 1.303       ; 36         ; 0.000 ; 0.793 ;
;   Data                 ;        ;       ;             ;            ;       ;       ;
;    IC                  ;        ; 64    ; 9.200       ; 48         ; 0.000 ; 1.768 ;
;    Cell                ;        ; 65    ; 9.791       ; 51         ; 0.000 ; 0.637 ;
;    uTco                ;        ; 1     ; 0.207       ; 1          ; 0.207 ; 0.207 ;
;  Required Path         ;        ;       ;             ;            ;       ;       ;
;   Clock                ;        ;       ;             ;            ;       ;       ;
;    IC                  ;        ; 3     ; 2.684       ; 68         ; 0.000 ; 1.826 ;
;    Cell                ;        ; 3     ; 1.268       ; 32         ; 0.000 ; 0.793 ;
+------------------------+--------+-------+-------------+------------+-------+-------+
Note: Negative delays are omitted from totals when calculating percentages

+--------------------------------------------------------------------------------------------------------------------------------------------------+
; Data Arrival Path                                                                                                                                ;
+----------+---------+----+------+--------+--------------------+-----------------------------------------------------------------------------------+
; Total    ; Incr    ; RF ; Type ; Fanout ; Location           ; Element                                                                           ;
+----------+---------+----+------+--------+--------------------+-----------------------------------------------------------------------------------+
; 0.000    ; 0.000   ;    ;      ;        ;                    ; launch edge time                                                                  ;
; 3.665    ; 3.665   ;    ;      ;        ;                    ; clock path                                                                        ;
;   0.000  ;   0.000 ;    ;      ;        ;                    ; source latency                                                                    ;
;   0.000  ;   0.000 ;    ;      ; 1      ; PIN_P11            ; MAX10_CLK1_50                                                                     ;
;   0.000  ;   0.000 ; RR ; IC   ; 1      ; IOIBUF_X34_Y0_N29  ; MAX10_CLK1_50~input|i                                                             ;
;   0.793  ;   0.793 ; RR ; CELL ; 1      ; IOIBUF_X34_Y0_N29  ; MAX10_CLK1_50~input|o                                                             ;
;   1.687  ;   0.894 ; RR ; IC   ; 1      ; CLKCTRL_G19        ; MAX10_CLK1_50~inputclkctrl|inclk[0]                                               ;
;   1.687  ;   0.000 ; RR ; CELL ; 1680   ; CLKCTRL_G19        ; MAX10_CLK1_50~inputclkctrl|outclk                                                 ;
;   3.155  ;   1.468 ; RR ; IC   ; 1      ; FF_X39_Y10_N15     ; system|core|tiles[1].tile|best_score[11]|clk                                      ;
;   3.665  ;   0.510 ; RR ; CELL ; 1      ; FF_X39_Y10_N15     ; igor_uart_top:system|igor_top:core|igor_rollout_tile:tiles[1].tile|best_score[11] ;
; 22.863   ; 19.198  ;    ;      ;        ;                    ; data path                                                                         ;
;   3.872  ;   0.207 ;    ; uTco ; 1      ; FF_X39_Y10_N15     ; igor_uart_top:system|igor_top:core|igor_rollout_tile:tiles[1].tile|best_score[11] ;
;   3.872  ;   0.000 ; FF ; CELL ; 5      ; FF_X39_Y10_N15     ; system|core|tiles[1].tile|best_score[11]|q                                        ;
;   5.640  ;   1.768 ; FF ; IC   ; 1      ; LCCOMB_X38_Y10_N22 ; system|core|selector|LessThan0~23|datab                                           ;
;   6.121  ;   0.481 ; FF ; CELL ; 1      ; LCCOMB_X38_Y10_N22 ; system|core|selector|LessThan0~23|cout                                            ;
;   6.121  ;   0.000 ; FF ; IC   ; 1      ; LCCOMB_X38_Y10_N24 ; system|core|selector|LessThan0~25|cin                                             ;
;   6.180  ;   0.059 ; FR ; CELL ; 1      ; LCCOMB_X38_Y10_N24 ; system|core|selector|LessThan0~25|cout                                            ;
;   6.180  ;   0.000 ; RR ; IC   ; 1      ; LCCOMB_X38_Y10_N26 ; system|core|selector|LessThan0~27|cin                                             ;
;   6.239  ;   0.059 ; RF ; CELL ; 1      ; LCCOMB_X38_Y10_N26 ; system|core|selector|LessThan0~27|cout                                            ;
;   6.239  ;   0.000 ; FF ; IC   ; 1      ; LCCOMB_X38_Y10_N28 ; system|core|selector|LessThan0~29|cin                                             ;
;   6.298  ;   0.059 ; FR ; CELL ; 1      ; LCCOMB_X38_Y10_N28 ; system|core|selector|LessThan0~29|cout                                            ;
;   6.298  ;   0.000 ; RR ; IC   ; 1      ; LCCOMB_X38_Y10_N30 ; system|core|selector|LessThan0~31|cin                                             ;
;   6.357  ;   0.059 ; RF ; CELL ; 1      ; LCCOMB_X38_Y10_N30 ; system|core|selector|LessThan0~31|cout                                            ;
;   6.357  ;   0.000 ; FF ; IC   ; 1      ; LCCOMB_X38_Y9_N0   ; system|core|selector|LessThan0~33|cin                                             ;
;   6.416  ;   0.059 ; FR ; CELL ; 1      ; LCCOMB_X38_Y9_N0   ; system|core|selector|LessThan0~33|cout                                            ;
;   6.416  ;   0.000 ; RR ; IC   ; 1      ; LCCOMB_X38_Y9_N2   ; system|core|selector|LessThan0~35|cin                                             ;
;   6.475  ;   0.059 ; RF ; CELL ; 1      ; LCCOMB_X38_Y9_N2   ; system|core|selector|LessThan0~35|cout                                            ;
;   6.475  ;   0.000 ; FF ; IC   ; 1      ; LCCOMB_X38_Y9_N4   ; system|core|selector|LessThan0~37|cin                                             ;
;   6.534  ;   0.059 ; FR ; CELL ; 1      ; LCCOMB_X38_Y9_N4   ; system|core|selector|LessThan0~37|cout                                            ;
;   6.534  ;   0.000 ; RR ; IC   ; 1      ; LCCOMB_X38_Y9_N6   ; system|core|selector|LessThan0~39|cin                                             ;
;   6.593  ;   0.059 ; RF ; CELL ; 1      ; LCCOMB_X38_Y9_N6   ; system|core|selector|LessThan0~39|cout                                            ;
;   6.593  ;   0.000 ; FF ; IC   ; 1      ; LCCOMB_X38_Y9_N8   ; system|core|selector|LessThan0~41|cin                                             ;
;   6.652  ;   0.059 ; FR ; CELL ; 1      ; LCCOMB_X38_Y9_N8   ; system|core|selector|LessThan0~41|cout                                            ;
;   6.652  ;   0.000 ; RR ; IC   ; 1      ; LCCOMB_X38_Y9_N10  ; system|core|selector|LessThan0~43|cin                                             ;
;   6.711  ;   0.059 ; RF ; CELL ; 1      ; LCCOMB_X38_Y9_N10  ; system|core|selector|LessThan0~43|cout                                            ;
;   6.711  ;   0.000 ; FF ; IC   ; 1      ; LCCOMB_X38_Y9_N12  ; system|core|selector|LessThan0~45|cin                                             ;
;   6.770  ;   0.059 ; FR ; CELL ; 1      ; LCCOMB_X38_Y9_N12  ; system|core|selector|LessThan0~45|cout                                            ;
;   6.770  ;   0.000 ; RR ; IC   ; 1      ; LCCOMB_X38_Y9_N14  ; system|core|selector|LessThan0~47|cin                                             ;
;   6.829  ;   0.059 ; RF ; CELL ; 1      ; LCCOMB_X38_Y9_N14  ; system|core|selector|LessThan0~47|cout                                            ;
;   6.829  ;   0.000 ; FF ; IC   ; 1      ; LCCOMB_X38_Y9_N16  ; system|core|selector|LessThan0~49|cin                                             ;
;   6.888  ;   0.059 ; FR ; CELL ; 1      ; LCCOMB_X38_Y9_N16  ; system|core|selector|LessThan0~49|cout                                            ;
;   6.888  ;   0.000 ; RR ; IC   ; 1      ; LCCOMB_X38_Y9_N18  ; system|core|selector|LessThan0~51|cin                                             ;
;   6.947  ;   0.059 ; RF ; CELL ; 1      ; LCCOMB_X38_Y9_N18  ; system|core|selector|LessThan0~51|cout                                            ;
;   6.947  ;   0.000 ; FF ; IC   ; 1      ; LCCOMB_X38_Y9_N20  ; system|core|selector|LessThan0~53|cin                                             ;
;   7.006  ;   0.059 ; FR ; CELL ; 1      ; LCCOMB_X38_Y9_N20  ; system|core|selector|LessThan0~53|cout                                            ;
;   7.006  ;   0.000 ; RR ; IC   ; 1      ; LCCOMB_X38_Y9_N22  ; system|core|selector|LessThan0~55|cin                                             ;
;   7.065  ;   0.059 ; RF ; CELL ; 1      ; LCCOMB_X38_Y9_N22  ; system|core|selector|LessThan0~55|cout                                            ;
;   7.065  ;   0.000 ; FF ; IC   ; 1      ; LCCOMB_X38_Y9_N24  ; system|core|selector|LessThan0~57|cin                                             ;
;   7.124  ;   0.059 ; FR ; CELL ; 1      ; LCCOMB_X38_Y9_N24  ; system|core|selector|LessThan0~57|cout                                            ;
;   7.124  ;   0.000 ; RR ; IC   ; 1      ; LCCOMB_X38_Y9_N26  ; system|core|selector|LessThan0~59|cin                                             ;
;   7.183  ;   0.059 ; RF ; CELL ; 1      ; LCCOMB_X38_Y9_N26  ; system|core|selector|LessThan0~59|cout                                            ;
;   7.183  ;   0.000 ; FF ; IC   ; 1      ; LCCOMB_X38_Y9_N28  ; system|core|selector|LessThan0~61|cin                                             ;
;   7.242  ;   0.059 ; FR ; CELL ; 1      ; LCCOMB_X38_Y9_N28  ; system|core|selector|LessThan0~61|cout                                            ;
;   7.242  ;   0.000 ; RR ; IC   ; 1      ; LCCOMB_X38_Y9_N30  ; system|core|selector|LessThan0~62|cin                                             ;
;   7.879  ;   0.637 ; RR ; CELL ; 2      ; LCCOMB_X38_Y9_N30  ; system|core|selector|LessThan0~62|combout                                         ;
;   8.630  ;   0.751 ; RR ; IC   ; 1      ; LCCOMB_X37_Y11_N8  ; system|core|selector|take1~22|datad                                               ;
;   8.796  ;   0.166 ; RR ; CELL ; 42     ; LCCOMB_X37_Y11_N8  ; system|core|selector|take1~22|combout                                             ;
;   9.636  ;   0.840 ; RR ; IC   ; 1      ; LCCOMB_X36_Y14_N4  ; system|core|selector|sa[5]~6|datac                                                ;
;   9.940  ;   0.304 ; RR ; CELL ; 2      ; LCCOMB_X36_Y14_N4  ; system|core|selector|sa[5]~6|combout                                              ;
;   10.652 ;   0.712 ; RR ; IC   ; 1      ; LCCOMB_X37_Y14_N10 ; system|core|selector|LessThan4~11|dataa                                           ;
;   11.158 ;   0.506 ; RF ; CELL ; 1      ; LCCOMB_X37_Y14_N10 ; system|core|selector|LessThan4~11|cout                                            ;
;   11.158 ;   0.000 ; FF ; IC   ; 1      ; LCCOMB_X37_Y14_N12 ; system|core|selector|LessThan4~13|cin                                             ;
;   11.217 ;   0.059 ; FR ; CELL ; 1      ; LCCOMB_X37_Y14_N12 ; system|core|selector|LessThan4~13|cout                                            ;
;   11.217 ;   0.000 ; RR ; IC   ; 1      ; LCCOMB_X37_Y14_N14 ; system|core|selector|LessThan4~15|cin                                             ;
;   11.276 ;   0.059 ; RF ; CELL ; 1      ; LCCOMB_X37_Y14_N14 ; system|core|selector|LessThan4~15|cout                                            ;
;   11.276 ;   0.000 ; FF ; IC   ; 1      ; LCCOMB_X37_Y14_N16 ; system|core|selector|LessThan4~17|cin                                             ;
;   11.335 ;   0.059 ; FR ; CELL ; 1      ; LCCOMB_X37_Y14_N16 ; system|core|selector|LessThan4~17|cout                                            ;
;   11.335 ;   0.000 ; RR ; IC   ; 1      ; LCCOMB_X37_Y14_N18 ; system|core|selector|LessThan4~19|cin                                             ;
;   11.394 ;   0.059 ; RF ; CELL ; 1      ; LCCOMB_X37_Y14_N18 ; system|core|selector|LessThan4~19|cout                                            ;
;   11.394 ;   0.000 ; FF ; IC   ; 1      ; LCCOMB_X37_Y14_N20 ; system|core|selector|LessThan4~21|cin                                             ;
;   11.453 ;   0.059 ; FR ; CELL ; 1      ; LCCOMB_X37_Y14_N20 ; system|core|selector|LessThan4~21|cout                                            ;
;   11.453 ;   0.000 ; RR ; IC   ; 1      ; LCCOMB_X37_Y14_N22 ; system|core|selector|LessThan4~23|cin                                             ;
;   11.512 ;   0.059 ; RF ; CELL ; 1      ; LCCOMB_X37_Y14_N22 ; system|core|selector|LessThan4~23|cout                                            ;
;   11.512 ;   0.000 ; FF ; IC   ; 1      ; LCCOMB_X37_Y14_N24 ; system|core|selector|LessThan4~25|cin                                             ;
;   11.571 ;   0.059 ; FR ; CELL ; 1      ; LCCOMB_X37_Y14_N24 ; system|core|selector|LessThan4~25|cout                                            ;
;   11.571 ;   0.000 ; RR ; IC   ; 1      ; LCCOMB_X37_Y14_N26 ; system|core|selector|LessThan4~27|cin                                             ;
;   11.630 ;   0.059 ; RF ; CELL ; 1      ; LCCOMB_X37_Y14_N26 ; system|core|selector|LessThan4~27|cout                                            ;
;   11.630 ;   0.000 ; FF ; IC   ; 1      ; LCCOMB_X37_Y14_N28 ; system|core|selector|LessThan4~29|cin                                             ;
;   11.689 ;   0.059 ; FR ; CELL ; 1      ; LCCOMB_X37_Y14_N28 ; system|core|selector|LessThan4~29|cout                                            ;
;   11.689 ;   0.000 ; RR ; IC   ; 1      ; LCCOMB_X37_Y14_N30 ; system|core|selector|LessThan4~31|cin                                             ;
;   11.748 ;   0.059 ; RF ; CELL ; 1      ; LCCOMB_X37_Y14_N30 ; system|core|selector|LessThan4~31|cout                                            ;
;   11.748 ;   0.000 ; FF ; IC   ; 1      ; LCCOMB_X37_Y13_N0  ; system|core|selector|LessThan4~33|cin                                             ;
;   11.807 ;   0.059 ; FR ; CELL ; 1      ; LCCOMB_X37_Y13_N0  ; system|core|selector|LessThan4~33|cout                                            ;
;   11.807 ;   0.000 ; RR ; IC   ; 1      ; LCCOMB_X37_Y13_N2  ; system|core|selector|LessThan4~35|cin                                             ;
;   11.866 ;   0.059 ; RF ; CELL ; 1      ; LCCOMB_X37_Y13_N2  ; system|core|selector|LessThan4~35|cout                                            ;
;   11.866 ;   0.000 ; FF ; IC   ; 1      ; LCCOMB_X37_Y13_N4  ; system|core|selector|LessThan4~37|cin                                             ;
;   11.925 ;   0.059 ; FR ; CELL ; 1      ; LCCOMB_X37_Y13_N4  ; system|core|selector|LessThan4~37|cout                                            ;
;   11.925 ;   0.000 ; RR ; IC   ; 1      ; LCCOMB_X37_Y13_N6  ; system|core|selector|LessThan4~39|cin                                             ;
;   11.984 ;   0.059 ; RF ; CELL ; 1      ; LCCOMB_X37_Y13_N6  ; system|core|selector|LessThan4~39|cout                                            ;
;   11.984 ;   0.000 ; FF ; IC   ; 1      ; LCCOMB_X37_Y13_N8  ; system|core|selector|LessThan4~41|cin                                             ;
;   12.043 ;   0.059 ; FR ; CELL ; 1      ; LCCOMB_X37_Y13_N8  ; system|core|selector|LessThan4~41|cout                                            ;
;   12.043 ;   0.000 ; RR ; IC   ; 1      ; LCCOMB_X37_Y13_N10 ; system|core|selector|LessThan4~43|cin                                             ;
;   12.102 ;   0.059 ; RF ; CELL ; 1      ; LCCOMB_X37_Y13_N10 ; system|core|selector|LessThan4~43|cout                                            ;
;   12.102 ;   0.000 ; FF ; IC   ; 1      ; LCCOMB_X37_Y13_N12 ; system|core|selector|LessThan4~45|cin                                             ;
;   12.161 ;   0.059 ; FR ; CELL ; 1      ; LCCOMB_X37_Y13_N12 ; system|core|selector|LessThan4~45|cout                                            ;
;   12.161 ;   0.000 ; RR ; IC   ; 1      ; LCCOMB_X37_Y13_N14 ; system|core|selector|LessThan4~47|cin                                             ;
;   12.220 ;   0.059 ; RF ; CELL ; 1      ; LCCOMB_X37_Y13_N14 ; system|core|selector|LessThan4~47|cout                                            ;
;   12.220 ;   0.000 ; FF ; IC   ; 1      ; LCCOMB_X37_Y13_N16 ; system|core|selector|LessThan4~49|cin                                             ;
;   12.279 ;   0.059 ; FR ; CELL ; 1      ; LCCOMB_X37_Y13_N16 ; system|core|selector|LessThan4~49|cout                                            ;
;   12.279 ;   0.000 ; RR ; IC   ; 1      ; LCCOMB_X37_Y13_N18 ; system|core|selector|LessThan4~51|cin                                             ;
;   12.338 ;   0.059 ; RF ; CELL ; 1      ; LCCOMB_X37_Y13_N18 ; system|core|selector|LessThan4~51|cout                                            ;
;   12.338 ;   0.000 ; FF ; IC   ; 1      ; LCCOMB_X37_Y13_N20 ; system|core|selector|LessThan4~53|cin                                             ;
;   12.397 ;   0.059 ; FR ; CELL ; 1      ; LCCOMB_X37_Y13_N20 ; system|core|selector|LessThan4~53|cout                                            ;
;   12.397 ;   0.000 ; RR ; IC   ; 1      ; LCCOMB_X37_Y13_N22 ; system|core|selector|LessThan4~55|cin                                             ;
;   12.456 ;   0.059 ; RF ; CELL ; 1      ; LCCOMB_X37_Y13_N22 ; system|core|selector|LessThan4~55|cout                                            ;
;   12.456 ;   0.000 ; FF ; IC   ; 1      ; LCCOMB_X37_Y13_N24 ; system|core|selector|LessThan4~57|cin                                             ;
;   12.515 ;   0.059 ; FR ; CELL ; 1      ; LCCOMB_X37_Y13_N24 ; system|core|selector|LessThan4~57|cout                                            ;
;   12.515 ;   0.000 ; RR ; IC   ; 1      ; LCCOMB_X37_Y13_N26 ; system|core|selector|LessThan4~59|cin                                             ;
;   12.574 ;   0.059 ; RF ; CELL ; 1      ; LCCOMB_X37_Y13_N26 ; system|core|selector|LessThan4~59|cout                                            ;
;   12.574 ;   0.000 ; FF ; IC   ; 1      ; LCCOMB_X37_Y13_N28 ; system|core|selector|LessThan4~61|cin                                             ;
;   12.633 ;   0.059 ; FR ; CELL ; 1      ; LCCOMB_X37_Y13_N28 ; system|core|selector|LessThan4~61|cout                                            ;
;   12.633 ;   0.000 ; RR ; IC   ; 1      ; LCCOMB_X37_Y13_N30 ; system|core|selector|LessThan4~62|cin                                             ;
;   13.270 ;   0.637 ; RR ; CELL ; 2      ; LCCOMB_X37_Y13_N30 ; system|core|selector|LessThan4~62|combout                                         ;
;   13.700 ;   0.430 ; RR ; IC   ; 1      ; LCCOMB_X36_Y13_N6  ; system|core|selector|winner[0]~5|datac                                            ;
;   14.004 ;   0.304 ; RR ; CELL ; 3      ; LCCOMB_X36_Y13_N6  ; system|core|selector|winner[0]~5|combout                                          ;
;   14.231 ;   0.227 ; RR ; IC   ; 1      ; LCCOMB_X36_Y13_N10 ; system|core|selector|winner[0]~4|datad                                            ;
;   14.376 ;   0.145 ; RF ; CELL ; 12     ; LCCOMB_X36_Y13_N10 ; system|core|selector|winner[0]~4|combout                                          ;
;   15.129 ;   0.753 ; FF ; IC   ; 1      ; LCCOMB_X39_Y13_N4  ; system|core|selector|best_index[6]~28|datac                                       ;
;   15.432 ;   0.303 ; FF ; CELL ; 1      ; LCCOMB_X39_Y13_N4  ; system|core|selector|best_index[6]~28|combout                                     ;
;   15.679 ;   0.247 ; FF ; IC   ; 1      ; LCCOMB_X39_Y13_N30 ; system|core|selector|best_index[6]~29|datac                                       ;
;   15.960 ;   0.281 ; FR ; CELL ; 4      ; LCCOMB_X39_Y13_N30 ; system|core|selector|best_index[6]~29|combout                                     ;
;   16.191 ;   0.231 ; RR ; IC   ; 1      ; LCCOMB_X39_Y13_N0  ; system|core|selector|best_index[6]~30|datac                                       ;
;   16.496 ;   0.305 ; RR ; CELL ; 5      ; LCCOMB_X39_Y13_N0  ; system|core|selector|best_index[6]~30|combout                                     ;
;   17.290 ;   0.794 ; RR ; IC   ; 2      ; LCCOMB_X38_Y17_N2  ; system|core|gate|Add3~2|dataa                                                     ;
;   17.796 ;   0.506 ; RF ; CELL ; 1      ; LCCOMB_X38_Y17_N2  ; system|core|gate|Add3~2|cout                                                      ;
;   17.796 ;   0.000 ; FF ; IC   ; 2      ; LCCOMB_X38_Y17_N4  ; system|core|gate|Add3~4|cin                                                       ;
;   17.855 ;   0.059 ; FR ; CELL ; 1      ; LCCOMB_X38_Y17_N4  ; system|core|gate|Add3~4|cout                                                      ;
;   17.855 ;   0.000 ; RR ; IC   ; 2      ; LCCOMB_X38_Y17_N6  ; system|core|gate|Add3~6|cin                                                       ;
;   18.492 ;   0.637 ; RR ; CELL ; 2      ; LCCOMB_X38_Y17_N6  ; system|core|gate|Add3~6|combout                                                   ;
;   18.882 ;   0.390 ; RR ; IC   ; 1      ; LCCOMB_X39_Y17_N22 ; system|core|gate|LessThan3~1|datac                                                ;
;   19.187 ;   0.305 ; RR ; CELL ; 2      ; LCCOMB_X39_Y17_N22 ; system|core|gate|LessThan3~1|combout                                              ;
;   19.397 ;   0.210 ; RR ; IC   ; 1      ; LCCOMB_X39_Y17_N18 ; system|core|gate|LessThan3~3|datac                                                ;
;   19.677 ;   0.280 ; RF ; CELL ; 1      ; LCCOMB_X39_Y17_N18 ; system|core|gate|LessThan3~3|combout                                              ;
;   19.911 ;   0.234 ; FF ; IC   ; 1      ; LCCOMB_X39_Y17_N24 ; system|core|gate|always0~9|datad                                                  ;
;   20.072 ;   0.161 ; FR ; CELL ; 1      ; LCCOMB_X39_Y17_N24 ; system|core|gate|always0~9|combout                                                ;
;   20.722 ;   0.650 ; RR ; IC   ; 1      ; LCCOMB_X36_Y17_N28 ; system|core|gate|always0~14|dataa                                                 ;
;   21.110 ;   0.388 ; RR ; CELL ; 24     ; LCCOMB_X36_Y17_N28 ; system|core|gate|always0~14|combout                                               ;
;   21.642 ;   0.532 ; RR ; IC   ; 1      ; LCCOMB_X37_Y17_N4  ; system|core|previous_v[0]~0|datad                                                 ;
;   21.808 ;   0.166 ; RR ; CELL ; 11     ; LCCOMB_X37_Y17_N4  ; system|core|previous_v[0]~0|combout                                               ;
;   22.239 ;   0.431 ; RR ; IC   ; 1      ; FF_X36_Y17_N5      ; system|core|previous_v[1]|ena                                                     ;
;   22.863 ;   0.624 ; RR ; CELL ; 1      ; FF_X36_Y17_N5      ; igor_uart_top:system|igor_top:core|previous_v[1]                                  ;
+----------+---------+----+------+--------+--------------------+-----------------------------------------------------------------------------------+

+----------------------------------------------------------------------------------------------------------------+
; Data Required Path                                                                                             ;
+----------+---------+----+------+--------+-------------------+--------------------------------------------------+
; Total    ; Incr    ; RF ; Type ; Fanout ; Location          ; Element                                          ;
+----------+---------+----+------+--------+-------------------+--------------------------------------------------+
; 20.000   ; 20.000  ;    ;      ;        ;                   ; latch edge time                                  ;
; 24.010   ; 4.010   ;    ;      ;        ;                   ; clock path                                       ;
;   20.000 ;   0.000 ;    ;      ;        ;                   ; source latency                                   ;
;   20.000 ;   0.000 ;    ;      ; 1      ; PIN_P11           ; MAX10_CLK1_50                                    ;
;   20.000 ;   0.000 ; RR ; IC   ; 1      ; IOIBUF_X34_Y0_N29 ; MAX10_CLK1_50~input|i                            ;
;   20.793 ;   0.793 ; RR ; CELL ; 1      ; IOIBUF_X34_Y0_N29 ; MAX10_CLK1_50~input|o                            ;
;   21.651 ;   0.858 ; RR ; IC   ; 1      ; CLKCTRL_G19       ; MAX10_CLK1_50~inputclkctrl|inclk[0]              ;
;   21.651 ;   0.000 ; RR ; CELL ; 1680   ; CLKCTRL_G19       ; MAX10_CLK1_50~inputclkctrl|outclk                ;
;   23.477 ;   1.826 ; RR ; IC   ; 1      ; FF_X36_Y17_N5     ; system|core|previous_v[1]|clk                    ;
;   23.952 ;   0.475 ; RR ; CELL ; 1      ; FF_X36_Y17_N5     ; igor_uart_top:system|igor_top:core|previous_v[1] ;
;   24.010 ;   0.058 ;    ;      ;        ;                   ; clock pessimism removed                          ;
; 23.990   ; -0.020  ;    ;      ;        ;                   ; clock uncertainty                                ;
; 24.003   ; 0.013   ;    ; uTsu ; 1      ; FF_X36_Y17_N5     ; igor_uart_top:system|igor_top:core|previous_v[1] ;
+----------+---------+----+------+--------+-------------------+--------------------------------------------------+


Path #3: Setup slack is 1.180 
===============================================================================
+--------------------------------------------------------------------------------------------------------+
; Path Summary                                                                                           ;
+--------------------+-----------------------------------------------------------------------------------+
; Property           ; Value                                                                             ;
+--------------------+-----------------------------------------------------------------------------------+
; From Node          ; igor_uart_top:system|igor_top:core|igor_rollout_tile:tiles[1].tile|best_score[11] ;
; To Node            ; igor_uart_top:system|igor_top:core|previous_v[2]                                  ;
; Launch Clock       ; MAX10_CLK1_50                                                                     ;
; Latch Clock        ; MAX10_CLK1_50                                                                     ;
; Data Arrival Time  ; 22.823                                                                            ;
; Data Required Time ; 24.003                                                                            ;
; Slack              ; 1.180                                                                             ;
+--------------------+-----------------------------------------------------------------------------------+

+------------------------------------------------------------------------------------+
; Statistics                                                                         ;
+------------------------+--------+-------+-------------+------------+-------+-------+
; Property               ; Value  ; Count ; Total Delay ; % of Total ; Min   ; Max   ;
+------------------------+--------+-------+-------------+------------+-------+-------+
; Setup Relationship     ; 20.000 ;       ;             ;            ;       ;       ;
; Clock Skew             ; 0.345  ;       ;             ;            ;       ;       ;
; Data Delay             ; 19.158 ;       ;             ;            ;       ;       ;
; Number of Logic Levels ;        ; 15    ;             ;            ;       ;       ;
; Physical Delays        ;        ;       ;             ;            ;       ;       ;
;  Arrival Path          ;        ;       ;             ;            ;       ;       ;
;   Clock                ;        ;       ;             ;            ;       ;       ;
;    IC                  ;        ; 3     ; 2.362       ; 64         ; 0.000 ; 1.468 ;
;    Cell                ;        ; 3     ; 1.303       ; 36         ; 0.000 ; 0.793 ;
;   Data                 ;        ;       ;             ;            ;       ;       ;
;    IC                  ;        ; 63    ; 9.359       ; 49         ; 0.000 ; 1.768 ;
;    Cell                ;        ; 64    ; 9.592       ; 50         ; 0.000 ; 0.637 ;
;    uTco                ;        ; 1     ; 0.207       ; 1          ; 0.207 ; 0.207 ;
;  Required Path         ;        ;       ;             ;            ;       ;       ;
;   Clock                ;        ;       ;             ;            ;       ;       ;
;    IC                  ;        ; 3     ; 2.684       ; 68         ; 0.000 ; 1.826 ;
;    Cell                ;        ; 3     ; 1.268       ; 32         ; 0.000 ; 0.793 ;
+------------------------+--------+-------+-------------+------------+-------+-------+
Note: Negative delays are omitted from totals when calculating percentages

+--------------------------------------------------------------------------------------------------------------------------------------------------+
; Data Arrival Path                                                                                                                                ;
+----------+---------+----+------+--------+--------------------+-----------------------------------------------------------------------------------+
; Total    ; Incr    ; RF ; Type ; Fanout ; Location           ; Element                                                                           ;
+----------+---------+----+------+--------+--------------------+-----------------------------------------------------------------------------------+
; 0.000    ; 0.000   ;    ;      ;        ;                    ; launch edge time                                                                  ;
; 3.665    ; 3.665   ;    ;      ;        ;                    ; clock path                                                                        ;
;   0.000  ;   0.000 ;    ;      ;        ;                    ; source latency                                                                    ;
;   0.000  ;   0.000 ;    ;      ; 1      ; PIN_P11            ; MAX10_CLK1_50                                                                     ;
;   0.000  ;   0.000 ; RR ; IC   ; 1      ; IOIBUF_X34_Y0_N29  ; MAX10_CLK1_50~input|i                                                             ;
;   0.793  ;   0.793 ; RR ; CELL ; 1      ; IOIBUF_X34_Y0_N29  ; MAX10_CLK1_50~input|o                                                             ;
;   1.687  ;   0.894 ; RR ; IC   ; 1      ; CLKCTRL_G19        ; MAX10_CLK1_50~inputclkctrl|inclk[0]                                               ;
;   1.687  ;   0.000 ; RR ; CELL ; 1680   ; CLKCTRL_G19        ; MAX10_CLK1_50~inputclkctrl|outclk                                                 ;
;   3.155  ;   1.468 ; RR ; IC   ; 1      ; FF_X39_Y10_N15     ; system|core|tiles[1].tile|best_score[11]|clk                                      ;
;   3.665  ;   0.510 ; RR ; CELL ; 1      ; FF_X39_Y10_N15     ; igor_uart_top:system|igor_top:core|igor_rollout_tile:tiles[1].tile|best_score[11] ;
; 22.823   ; 19.158  ;    ;      ;        ;                    ; data path                                                                         ;
;   3.872  ;   0.207 ;    ; uTco ; 1      ; FF_X39_Y10_N15     ; igor_uart_top:system|igor_top:core|igor_rollout_tile:tiles[1].tile|best_score[11] ;
;   3.872  ;   0.000 ; FF ; CELL ; 5      ; FF_X39_Y10_N15     ; system|core|tiles[1].tile|best_score[11]|q                                        ;
;   5.640  ;   1.768 ; FF ; IC   ; 1      ; LCCOMB_X38_Y10_N22 ; system|core|selector|LessThan0~23|datab                                           ;
;   6.121  ;   0.481 ; FF ; CELL ; 1      ; LCCOMB_X38_Y10_N22 ; system|core|selector|LessThan0~23|cout                                            ;
;   6.121  ;   0.000 ; FF ; IC   ; 1      ; LCCOMB_X38_Y10_N24 ; system|core|selector|LessThan0~25|cin                                             ;
;   6.180  ;   0.059 ; FR ; CELL ; 1      ; LCCOMB_X38_Y10_N24 ; system|core|selector|LessThan0~25|cout                                            ;
;   6.180  ;   0.000 ; RR ; IC   ; 1      ; LCCOMB_X38_Y10_N26 ; system|core|selector|LessThan0~27|cin                                             ;
;   6.239  ;   0.059 ; RF ; CELL ; 1      ; LCCOMB_X38_Y10_N26 ; system|core|selector|LessThan0~27|cout                                            ;
;   6.239  ;   0.000 ; FF ; IC   ; 1      ; LCCOMB_X38_Y10_N28 ; system|core|selector|LessThan0~29|cin                                             ;
;   6.298  ;   0.059 ; FR ; CELL ; 1      ; LCCOMB_X38_Y10_N28 ; system|core|selector|LessThan0~29|cout                                            ;
;   6.298  ;   0.000 ; RR ; IC   ; 1      ; LCCOMB_X38_Y10_N30 ; system|core|selector|LessThan0~31|cin                                             ;
;   6.357  ;   0.059 ; RF ; CELL ; 1      ; LCCOMB_X38_Y10_N30 ; system|core|selector|LessThan0~31|cout                                            ;
;   6.357  ;   0.000 ; FF ; IC   ; 1      ; LCCOMB_X38_Y9_N0   ; system|core|selector|LessThan0~33|cin                                             ;
;   6.416  ;   0.059 ; FR ; CELL ; 1      ; LCCOMB_X38_Y9_N0   ; system|core|selector|LessThan0~33|cout                                            ;
;   6.416  ;   0.000 ; RR ; IC   ; 1      ; LCCOMB_X38_Y9_N2   ; system|core|selector|LessThan0~35|cin                                             ;
;   6.475  ;   0.059 ; RF ; CELL ; 1      ; LCCOMB_X38_Y9_N2   ; system|core|selector|LessThan0~35|cout                                            ;
;   6.475  ;   0.000 ; FF ; IC   ; 1      ; LCCOMB_X38_Y9_N4   ; system|core|selector|LessThan0~37|cin                                             ;
;   6.534  ;   0.059 ; FR ; CELL ; 1      ; LCCOMB_X38_Y9_N4   ; system|core|selector|LessThan0~37|cout                                            ;
;   6.534  ;   0.000 ; RR ; IC   ; 1      ; LCCOMB_X38_Y9_N6   ; system|core|selector|LessThan0~39|cin                                             ;
;   6.593  ;   0.059 ; RF ; CELL ; 1      ; LCCOMB_X38_Y9_N6   ; system|core|selector|LessThan0~39|cout                                            ;
;   6.593  ;   0.000 ; FF ; IC   ; 1      ; LCCOMB_X38_Y9_N8   ; system|core|selector|LessThan0~41|cin                                             ;
;   6.652  ;   0.059 ; FR ; CELL ; 1      ; LCCOMB_X38_Y9_N8   ; system|core|selector|LessThan0~41|cout                                            ;
;   6.652  ;   0.000 ; RR ; IC   ; 1      ; LCCOMB_X38_Y9_N10  ; system|core|selector|LessThan0~43|cin                                             ;
;   6.711  ;   0.059 ; RF ; CELL ; 1      ; LCCOMB_X38_Y9_N10  ; system|core|selector|LessThan0~43|cout                                            ;
;   6.711  ;   0.000 ; FF ; IC   ; 1      ; LCCOMB_X38_Y9_N12  ; system|core|selector|LessThan0~45|cin                                             ;
;   6.770  ;   0.059 ; FR ; CELL ; 1      ; LCCOMB_X38_Y9_N12  ; system|core|selector|LessThan0~45|cout                                            ;
;   6.770  ;   0.000 ; RR ; IC   ; 1      ; LCCOMB_X38_Y9_N14  ; system|core|selector|LessThan0~47|cin                                             ;
;   6.829  ;   0.059 ; RF ; CELL ; 1      ; LCCOMB_X38_Y9_N14  ; system|core|selector|LessThan0~47|cout                                            ;
;   6.829  ;   0.000 ; FF ; IC   ; 1      ; LCCOMB_X38_Y9_N16  ; system|core|selector|LessThan0~49|cin                                             ;
;   6.888  ;   0.059 ; FR ; CELL ; 1      ; LCCOMB_X38_Y9_N16  ; system|core|selector|LessThan0~49|cout                                            ;
;   6.888  ;   0.000 ; RR ; IC   ; 1      ; LCCOMB_X38_Y9_N18  ; system|core|selector|LessThan0~51|cin                                             ;
;   6.947  ;   0.059 ; RF ; CELL ; 1      ; LCCOMB_X38_Y9_N18  ; system|core|selector|LessThan0~51|cout                                            ;
;   6.947  ;   0.000 ; FF ; IC   ; 1      ; LCCOMB_X38_Y9_N20  ; system|core|selector|LessThan0~53|cin                                             ;
;   7.006  ;   0.059 ; FR ; CELL ; 1      ; LCCOMB_X38_Y9_N20  ; system|core|selector|LessThan0~53|cout                                            ;
;   7.006  ;   0.000 ; RR ; IC   ; 1      ; LCCOMB_X38_Y9_N22  ; system|core|selector|LessThan0~55|cin                                             ;
;   7.065  ;   0.059 ; RF ; CELL ; 1      ; LCCOMB_X38_Y9_N22  ; system|core|selector|LessThan0~55|cout                                            ;
;   7.065  ;   0.000 ; FF ; IC   ; 1      ; LCCOMB_X38_Y9_N24  ; system|core|selector|LessThan0~57|cin                                             ;
;   7.124  ;   0.059 ; FR ; CELL ; 1      ; LCCOMB_X38_Y9_N24  ; system|core|selector|LessThan0~57|cout                                            ;
;   7.124  ;   0.000 ; RR ; IC   ; 1      ; LCCOMB_X38_Y9_N26  ; system|core|selector|LessThan0~59|cin                                             ;
;   7.183  ;   0.059 ; RF ; CELL ; 1      ; LCCOMB_X38_Y9_N26  ; system|core|selector|LessThan0~59|cout                                            ;
;   7.183  ;   0.000 ; FF ; IC   ; 1      ; LCCOMB_X38_Y9_N28  ; system|core|selector|LessThan0~61|cin                                             ;
;   7.242  ;   0.059 ; FR ; CELL ; 1      ; LCCOMB_X38_Y9_N28  ; system|core|selector|LessThan0~61|cout                                            ;
;   7.242  ;   0.000 ; RR ; IC   ; 1      ; LCCOMB_X38_Y9_N30  ; system|core|selector|LessThan0~62|cin                                             ;
;   7.879  ;   0.637 ; RR ; CELL ; 2      ; LCCOMB_X38_Y9_N30  ; system|core|selector|LessThan0~62|combout                                         ;
;   8.630  ;   0.751 ; RR ; IC   ; 1      ; LCCOMB_X37_Y11_N8  ; system|core|selector|take1~22|datad                                               ;
;   8.796  ;   0.166 ; RR ; CELL ; 42     ; LCCOMB_X37_Y11_N8  ; system|core|selector|take1~22|combout                                             ;
;   9.636  ;   0.840 ; RR ; IC   ; 1      ; LCCOMB_X36_Y14_N4  ; system|core|selector|sa[5]~6|datac                                                ;
;   9.940  ;   0.304 ; RR ; CELL ; 2      ; LCCOMB_X36_Y14_N4  ; system|core|selector|sa[5]~6|combout                                              ;
;   10.652 ;   0.712 ; RR ; IC   ; 1      ; LCCOMB_X37_Y14_N10 ; system|core|selector|LessThan4~11|dataa                                           ;
;   11.158 ;   0.506 ; RF ; CELL ; 1      ; LCCOMB_X37_Y14_N10 ; system|core|selector|LessThan4~11|cout                                            ;
;   11.158 ;   0.000 ; FF ; IC   ; 1      ; LCCOMB_X37_Y14_N12 ; system|core|selector|LessThan4~13|cin                                             ;
;   11.217 ;   0.059 ; FR ; CELL ; 1      ; LCCOMB_X37_Y14_N12 ; system|core|selector|LessThan4~13|cout                                            ;
;   11.217 ;   0.000 ; RR ; IC   ; 1      ; LCCOMB_X37_Y14_N14 ; system|core|selector|LessThan4~15|cin                                             ;
;   11.276 ;   0.059 ; RF ; CELL ; 1      ; LCCOMB_X37_Y14_N14 ; system|core|selector|LessThan4~15|cout                                            ;
;   11.276 ;   0.000 ; FF ; IC   ; 1      ; LCCOMB_X37_Y14_N16 ; system|core|selector|LessThan4~17|cin                                             ;
;   11.335 ;   0.059 ; FR ; CELL ; 1      ; LCCOMB_X37_Y14_N16 ; system|core|selector|LessThan4~17|cout                                            ;
;   11.335 ;   0.000 ; RR ; IC   ; 1      ; LCCOMB_X37_Y14_N18 ; system|core|selector|LessThan4~19|cin                                             ;
;   11.394 ;   0.059 ; RF ; CELL ; 1      ; LCCOMB_X37_Y14_N18 ; system|core|selector|LessThan4~19|cout                                            ;
;   11.394 ;   0.000 ; FF ; IC   ; 1      ; LCCOMB_X37_Y14_N20 ; system|core|selector|LessThan4~21|cin                                             ;
;   11.453 ;   0.059 ; FR ; CELL ; 1      ; LCCOMB_X37_Y14_N20 ; system|core|selector|LessThan4~21|cout                                            ;
;   11.453 ;   0.000 ; RR ; IC   ; 1      ; LCCOMB_X37_Y14_N22 ; system|core|selector|LessThan4~23|cin                                             ;
;   11.512 ;   0.059 ; RF ; CELL ; 1      ; LCCOMB_X37_Y14_N22 ; system|core|selector|LessThan4~23|cout                                            ;
;   11.512 ;   0.000 ; FF ; IC   ; 1      ; LCCOMB_X37_Y14_N24 ; system|core|selector|LessThan4~25|cin                                             ;
;   11.571 ;   0.059 ; FR ; CELL ; 1      ; LCCOMB_X37_Y14_N24 ; system|core|selector|LessThan4~25|cout                                            ;
;   11.571 ;   0.000 ; RR ; IC   ; 1      ; LCCOMB_X37_Y14_N26 ; system|core|selector|LessThan4~27|cin                                             ;
;   11.630 ;   0.059 ; RF ; CELL ; 1      ; LCCOMB_X37_Y14_N26 ; system|core|selector|LessThan4~27|cout                                            ;
;   11.630 ;   0.000 ; FF ; IC   ; 1      ; LCCOMB_X37_Y14_N28 ; system|core|selector|LessThan4~29|cin                                             ;
;   11.689 ;   0.059 ; FR ; CELL ; 1      ; LCCOMB_X37_Y14_N28 ; system|core|selector|LessThan4~29|cout                                            ;
;   11.689 ;   0.000 ; RR ; IC   ; 1      ; LCCOMB_X37_Y14_N30 ; system|core|selector|LessThan4~31|cin                                             ;
;   11.748 ;   0.059 ; RF ; CELL ; 1      ; LCCOMB_X37_Y14_N30 ; system|core|selector|LessThan4~31|cout                                            ;
;   11.748 ;   0.000 ; FF ; IC   ; 1      ; LCCOMB_X37_Y13_N0  ; system|core|selector|LessThan4~33|cin                                             ;
;   11.807 ;   0.059 ; FR ; CELL ; 1      ; LCCOMB_X37_Y13_N0  ; system|core|selector|LessThan4~33|cout                                            ;
;   11.807 ;   0.000 ; RR ; IC   ; 1      ; LCCOMB_X37_Y13_N2  ; system|core|selector|LessThan4~35|cin                                             ;
;   11.866 ;   0.059 ; RF ; CELL ; 1      ; LCCOMB_X37_Y13_N2  ; system|core|selector|LessThan4~35|cout                                            ;
;   11.866 ;   0.000 ; FF ; IC   ; 1      ; LCCOMB_X37_Y13_N4  ; system|core|selector|LessThan4~37|cin                                             ;
;   11.925 ;   0.059 ; FR ; CELL ; 1      ; LCCOMB_X37_Y13_N4  ; system|core|selector|LessThan4~37|cout                                            ;
;   11.925 ;   0.000 ; RR ; IC   ; 1      ; LCCOMB_X37_Y13_N6  ; system|core|selector|LessThan4~39|cin                                             ;
;   11.984 ;   0.059 ; RF ; CELL ; 1      ; LCCOMB_X37_Y13_N6  ; system|core|selector|LessThan4~39|cout                                            ;
;   11.984 ;   0.000 ; FF ; IC   ; 1      ; LCCOMB_X37_Y13_N8  ; system|core|selector|LessThan4~41|cin                                             ;
;   12.043 ;   0.059 ; FR ; CELL ; 1      ; LCCOMB_X37_Y13_N8  ; system|core|selector|LessThan4~41|cout                                            ;
;   12.043 ;   0.000 ; RR ; IC   ; 1      ; LCCOMB_X37_Y13_N10 ; system|core|selector|LessThan4~43|cin                                             ;
;   12.102 ;   0.059 ; RF ; CELL ; 1      ; LCCOMB_X37_Y13_N10 ; system|core|selector|LessThan4~43|cout                                            ;
;   12.102 ;   0.000 ; FF ; IC   ; 1      ; LCCOMB_X37_Y13_N12 ; system|core|selector|LessThan4~45|cin                                             ;
;   12.161 ;   0.059 ; FR ; CELL ; 1      ; LCCOMB_X37_Y13_N12 ; system|core|selector|LessThan4~45|cout                                            ;
;   12.161 ;   0.000 ; RR ; IC   ; 1      ; LCCOMB_X37_Y13_N14 ; system|core|selector|LessThan4~47|cin                                             ;
;   12.220 ;   0.059 ; RF ; CELL ; 1      ; LCCOMB_X37_Y13_N14 ; system|core|selector|LessThan4~47|cout                                            ;
;   12.220 ;   0.000 ; FF ; IC   ; 1      ; LCCOMB_X37_Y13_N16 ; system|core|selector|LessThan4~49|cin                                             ;
;   12.279 ;   0.059 ; FR ; CELL ; 1      ; LCCOMB_X37_Y13_N16 ; system|core|selector|LessThan4~49|cout                                            ;
;   12.279 ;   0.000 ; RR ; IC   ; 1      ; LCCOMB_X37_Y13_N18 ; system|core|selector|LessThan4~51|cin                                             ;
;   12.338 ;   0.059 ; RF ; CELL ; 1      ; LCCOMB_X37_Y13_N18 ; system|core|selector|LessThan4~51|cout                                            ;
;   12.338 ;   0.000 ; FF ; IC   ; 1      ; LCCOMB_X37_Y13_N20 ; system|core|selector|LessThan4~53|cin                                             ;
;   12.397 ;   0.059 ; FR ; CELL ; 1      ; LCCOMB_X37_Y13_N20 ; system|core|selector|LessThan4~53|cout                                            ;
;   12.397 ;   0.000 ; RR ; IC   ; 1      ; LCCOMB_X37_Y13_N22 ; system|core|selector|LessThan4~55|cin                                             ;
;   12.456 ;   0.059 ; RF ; CELL ; 1      ; LCCOMB_X37_Y13_N22 ; system|core|selector|LessThan4~55|cout                                            ;
;   12.456 ;   0.000 ; FF ; IC   ; 1      ; LCCOMB_X37_Y13_N24 ; system|core|selector|LessThan4~57|cin                                             ;
;   12.515 ;   0.059 ; FR ; CELL ; 1      ; LCCOMB_X37_Y13_N24 ; system|core|selector|LessThan4~57|cout                                            ;
;   12.515 ;   0.000 ; RR ; IC   ; 1      ; LCCOMB_X37_Y13_N26 ; system|core|selector|LessThan4~59|cin                                             ;
;   12.574 ;   0.059 ; RF ; CELL ; 1      ; LCCOMB_X37_Y13_N26 ; system|core|selector|LessThan4~59|cout                                            ;
;   12.574 ;   0.000 ; FF ; IC   ; 1      ; LCCOMB_X37_Y13_N28 ; system|core|selector|LessThan4~61|cin                                             ;
;   12.633 ;   0.059 ; FR ; CELL ; 1      ; LCCOMB_X37_Y13_N28 ; system|core|selector|LessThan4~61|cout                                            ;
;   12.633 ;   0.000 ; RR ; IC   ; 1      ; LCCOMB_X37_Y13_N30 ; system|core|selector|LessThan4~62|cin                                             ;
;   13.270 ;   0.637 ; RR ; CELL ; 2      ; LCCOMB_X37_Y13_N30 ; system|core|selector|LessThan4~62|combout                                         ;
;   13.700 ;   0.430 ; RR ; IC   ; 1      ; LCCOMB_X36_Y13_N6  ; system|core|selector|winner[0]~5|datac                                            ;
;   14.004 ;   0.304 ; RR ; CELL ; 3      ; LCCOMB_X36_Y13_N6  ; system|core|selector|winner[0]~5|combout                                          ;
;   14.231 ;   0.227 ; RR ; IC   ; 1      ; LCCOMB_X36_Y13_N10 ; system|core|selector|winner[0]~4|datad                                            ;
;   14.376 ;   0.145 ; RF ; CELL ; 12     ; LCCOMB_X36_Y13_N10 ; system|core|selector|winner[0]~4|combout                                          ;
;   15.129 ;   0.753 ; FF ; IC   ; 1      ; LCCOMB_X39_Y13_N4  ; system|core|selector|best_index[6]~28|datac                                       ;
;   15.432 ;   0.303 ; FF ; CELL ; 1      ; LCCOMB_X39_Y13_N4  ; system|core|selector|best_index[6]~28|combout                                     ;
;   15.679 ;   0.247 ; FF ; IC   ; 1      ; LCCOMB_X39_Y13_N30 ; system|core|selector|best_index[6]~29|datac                                       ;
;   15.982 ;   0.303 ; FF ; CELL ; 4      ; LCCOMB_X39_Y13_N30 ; system|core|selector|best_index[6]~29|combout                                     ;
;   16.261 ;   0.279 ; FF ; IC   ; 1      ; LCCOMB_X39_Y13_N0  ; system|core|selector|best_index[6]~30|datac                                       ;
;   16.564 ;   0.303 ; FF ; CELL ; 5      ; LCCOMB_X39_Y13_N0  ; system|core|selector|best_index[6]~30|combout                                     ;
;   17.391 ;   0.827 ; FF ; IC   ; 2      ; LCCOMB_X38_Y17_N2  ; system|core|gate|Add3~2|dataa                                                     ;
;   17.773 ;   0.382 ; FR ; CELL ; 1      ; LCCOMB_X38_Y17_N2  ; system|core|gate|Add3~2|cout                                                      ;
;   17.773 ;   0.000 ; RR ; IC   ; 2      ; LCCOMB_X38_Y17_N4  ; system|core|gate|Add3~4|cin                                                       ;
;   18.410 ;   0.637 ; RR ; CELL ; 2      ; LCCOMB_X38_Y17_N4  ; system|core|gate|Add3~4|combout                                                   ;
;   18.822 ;   0.412 ; RR ; IC   ; 1      ; LCCOMB_X39_Y17_N20 ; system|core|gate|LessThan3~0|datab                                                ;
;   19.271 ;   0.449 ; RF ; CELL ; 2      ; LCCOMB_X39_Y17_N20 ; system|core|gate|LessThan3~0|combout                                              ;
;   19.515 ;   0.244 ; FF ; IC   ; 1      ; LCCOMB_X39_Y17_N18 ; system|core|gate|LessThan3~3|datad                                                ;
;   19.676 ;   0.161 ; FR ; CELL ; 1      ; LCCOMB_X39_Y17_N18 ; system|core|gate|LessThan3~3|combout                                              ;
;   19.879 ;   0.203 ; RR ; IC   ; 1      ; LCCOMB_X39_Y17_N24 ; system|core|gate|always0~9|datad                                                  ;
;   20.024 ;   0.145 ; RF ; CELL ; 1      ; LCCOMB_X39_Y17_N24 ; system|core|gate|always0~9|combout                                                ;
;   20.676 ;   0.652 ; FF ; IC   ; 1      ; LCCOMB_X36_Y17_N28 ; system|core|gate|always0~14|dataa                                                 ;
;   21.081 ;   0.405 ; FF ; CELL ; 24     ; LCCOMB_X36_Y17_N28 ; system|core|gate|always0~14|combout                                               ;
;   21.659 ;   0.578 ; FF ; IC   ; 1      ; LCCOMB_X37_Y17_N4  ; system|core|previous_v[0]~0|datad                                                 ;
;   21.790 ;   0.131 ; FF ; CELL ; 11     ; LCCOMB_X37_Y17_N4  ; system|core|previous_v[0]~0|combout                                               ;
;   22.226 ;   0.436 ; FF ; IC   ; 1      ; FF_X36_Y17_N7      ; system|core|previous_v[2]|ena                                                     ;
;   22.823 ;   0.597 ; FF ; CELL ; 1      ; FF_X36_Y17_N7      ; igor_uart_top:system|igor_top:core|previous_v[2]                                  ;
+----------+---------+----+------+--------+--------------------+-----------------------------------------------------------------------------------+

+----------------------------------------------------------------------------------------------------------------+
; Data Required Path                                                                                             ;
+----------+---------+----+------+--------+-------------------+--------------------------------------------------+
; Total    ; Incr    ; RF ; Type ; Fanout ; Location          ; Element                                          ;
+----------+---------+----+------+--------+-------------------+--------------------------------------------------+
; 20.000   ; 20.000  ;    ;      ;        ;                   ; latch edge time                                  ;
; 24.010   ; 4.010   ;    ;      ;        ;                   ; clock path                                       ;
;   20.000 ;   0.000 ;    ;      ;        ;                   ; source latency                                   ;
;   20.000 ;   0.000 ;    ;      ; 1      ; PIN_P11           ; MAX10_CLK1_50                                    ;
;   20.000 ;   0.000 ; RR ; IC   ; 1      ; IOIBUF_X34_Y0_N29 ; MAX10_CLK1_50~input|i                            ;
;   20.793 ;   0.793 ; RR ; CELL ; 1      ; IOIBUF_X34_Y0_N29 ; MAX10_CLK1_50~input|o                            ;
;   21.651 ;   0.858 ; RR ; IC   ; 1      ; CLKCTRL_G19       ; MAX10_CLK1_50~inputclkctrl|inclk[0]              ;
;   21.651 ;   0.000 ; RR ; CELL ; 1680   ; CLKCTRL_G19       ; MAX10_CLK1_50~inputclkctrl|outclk                ;
;   23.477 ;   1.826 ; RR ; IC   ; 1      ; FF_X36_Y17_N7     ; system|core|previous_v[2]|clk                    ;
;   23.952 ;   0.475 ; RR ; CELL ; 1      ; FF_X36_Y17_N7     ; igor_uart_top:system|igor_top:core|previous_v[2] ;
;   24.010 ;   0.058 ;    ;      ;        ;                   ; clock pessimism removed                          ;
; 23.990   ; -0.020  ;    ;      ;        ;                   ; clock uncertainty                                ;
; 24.003   ; 0.013   ;    ; uTsu ; 1      ; FF_X36_Y17_N7     ; igor_uart_top:system|igor_top:core|previous_v[2] ;
+----------+---------+----+------+--------+-------------------+--------------------------------------------------+


Path #4: Setup slack is 1.180 
===============================================================================
+--------------------------------------------------------------------------------------------------------+
; Path Summary                                                                                           ;
+--------------------+-----------------------------------------------------------------------------------+
; Property           ; Value                                                                             ;
+--------------------+-----------------------------------------------------------------------------------+
; From Node          ; igor_uart_top:system|igor_top:core|igor_rollout_tile:tiles[1].tile|best_score[11] ;
; To Node            ; igor_uart_top:system|igor_top:core|previous_v[1]                                  ;
; Launch Clock       ; MAX10_CLK1_50                                                                     ;
; Latch Clock        ; MAX10_CLK1_50                                                                     ;
; Data Arrival Time  ; 22.823                                                                            ;
; Data Required Time ; 24.003                                                                            ;
; Slack              ; 1.180                                                                             ;
+--------------------+-----------------------------------------------------------------------------------+

+------------------------------------------------------------------------------------+
; Statistics                                                                         ;
+------------------------+--------+-------+-------------+------------+-------+-------+
; Property               ; Value  ; Count ; Total Delay ; % of Total ; Min   ; Max   ;
+------------------------+--------+-------+-------------+------------+-------+-------+
; Setup Relationship     ; 20.000 ;       ;             ;            ;       ;       ;
; Clock Skew             ; 0.345  ;       ;             ;            ;       ;       ;
; Data Delay             ; 19.158 ;       ;             ;            ;       ;       ;
; Number of Logic Levels ;        ; 15    ;             ;            ;       ;       ;
; Physical Delays        ;        ;       ;             ;            ;       ;       ;
;  Arrival Path          ;        ;       ;             ;            ;       ;       ;
;   Clock                ;        ;       ;             ;            ;       ;       ;
;    IC                  ;        ; 3     ; 2.362       ; 64         ; 0.000 ; 1.468 ;
;    Cell                ;        ; 3     ; 1.303       ; 36         ; 0.000 ; 0.793 ;
;   Data                 ;        ;       ;             ;            ;       ;       ;
;    IC                  ;        ; 63    ; 9.359       ; 49         ; 0.000 ; 1.768 ;
;    Cell                ;        ; 64    ; 9.592       ; 50         ; 0.000 ; 0.637 ;
;    uTco                ;        ; 1     ; 0.207       ; 1          ; 0.207 ; 0.207 ;
;  Required Path         ;        ;       ;             ;            ;       ;       ;
;   Clock                ;        ;       ;             ;            ;       ;       ;
;    IC                  ;        ; 3     ; 2.684       ; 68         ; 0.000 ; 1.826 ;
;    Cell                ;        ; 3     ; 1.268       ; 32         ; 0.000 ; 0.793 ;
+------------------------+--------+-------+-------------+------------+-------+-------+
Note: Negative delays are omitted from totals when calculating percentages

+--------------------------------------------------------------------------------------------------------------------------------------------------+
; Data Arrival Path                                                                                                                                ;
+----------+---------+----+------+--------+--------------------+-----------------------------------------------------------------------------------+
; Total    ; Incr    ; RF ; Type ; Fanout ; Location           ; Element                                                                           ;
+----------+---------+----+------+--------+--------------------+-----------------------------------------------------------------------------------+
; 0.000    ; 0.000   ;    ;      ;        ;                    ; launch edge time                                                                  ;
; 3.665    ; 3.665   ;    ;      ;        ;                    ; clock path                                                                        ;
;   0.000  ;   0.000 ;    ;      ;        ;                    ; source latency                                                                    ;
;   0.000  ;   0.000 ;    ;      ; 1      ; PIN_P11            ; MAX10_CLK1_50                                                                     ;
;   0.000  ;   0.000 ; RR ; IC   ; 1      ; IOIBUF_X34_Y0_N29  ; MAX10_CLK1_50~input|i                                                             ;
;   0.793  ;   0.793 ; RR ; CELL ; 1      ; IOIBUF_X34_Y0_N29  ; MAX10_CLK1_50~input|o                                                             ;
;   1.687  ;   0.894 ; RR ; IC   ; 1      ; CLKCTRL_G19        ; MAX10_CLK1_50~inputclkctrl|inclk[0]                                               ;
;   1.687  ;   0.000 ; RR ; CELL ; 1680   ; CLKCTRL_G19        ; MAX10_CLK1_50~inputclkctrl|outclk                                                 ;
;   3.155  ;   1.468 ; RR ; IC   ; 1      ; FF_X39_Y10_N15     ; system|core|tiles[1].tile|best_score[11]|clk                                      ;
;   3.665  ;   0.510 ; RR ; CELL ; 1      ; FF_X39_Y10_N15     ; igor_uart_top:system|igor_top:core|igor_rollout_tile:tiles[1].tile|best_score[11] ;
; 22.823   ; 19.158  ;    ;      ;        ;                    ; data path                                                                         ;
;   3.872  ;   0.207 ;    ; uTco ; 1      ; FF_X39_Y10_N15     ; igor_uart_top:system|igor_top:core|igor_rollout_tile:tiles[1].tile|best_score[11] ;
;   3.872  ;   0.000 ; FF ; CELL ; 5      ; FF_X39_Y10_N15     ; system|core|tiles[1].tile|best_score[11]|q                                        ;
;   5.640  ;   1.768 ; FF ; IC   ; 1      ; LCCOMB_X38_Y10_N22 ; system|core|selector|LessThan0~23|datab                                           ;
;   6.121  ;   0.481 ; FF ; CELL ; 1      ; LCCOMB_X38_Y10_N22 ; system|core|selector|LessThan0~23|cout                                            ;
;   6.121  ;   0.000 ; FF ; IC   ; 1      ; LCCOMB_X38_Y10_N24 ; system|core|selector|LessThan0~25|cin                                             ;
;   6.180  ;   0.059 ; FR ; CELL ; 1      ; LCCOMB_X38_Y10_N24 ; system|core|selector|LessThan0~25|cout                                            ;
;   6.180  ;   0.000 ; RR ; IC   ; 1      ; LCCOMB_X38_Y10_N26 ; system|core|selector|LessThan0~27|cin                                             ;
;   6.239  ;   0.059 ; RF ; CELL ; 1      ; LCCOMB_X38_Y10_N26 ; system|core|selector|LessThan0~27|cout                                            ;
;   6.239  ;   0.000 ; FF ; IC   ; 1      ; LCCOMB_X38_Y10_N28 ; system|core|selector|LessThan0~29|cin                                             ;
;   6.298  ;   0.059 ; FR ; CELL ; 1      ; LCCOMB_X38_Y10_N28 ; system|core|selector|LessThan0~29|cout                                            ;
;   6.298  ;   0.000 ; RR ; IC   ; 1      ; LCCOMB_X38_Y10_N30 ; system|core|selector|LessThan0~31|cin                                             ;
;   6.357  ;   0.059 ; RF ; CELL ; 1      ; LCCOMB_X38_Y10_N30 ; system|core|selector|LessThan0~31|cout                                            ;
;   6.357  ;   0.000 ; FF ; IC   ; 1      ; LCCOMB_X38_Y9_N0   ; system|core|selector|LessThan0~33|cin                                             ;
;   6.416  ;   0.059 ; FR ; CELL ; 1      ; LCCOMB_X38_Y9_N0   ; system|core|selector|LessThan0~33|cout                                            ;
;   6.416  ;   0.000 ; RR ; IC   ; 1      ; LCCOMB_X38_Y9_N2   ; system|core|selector|LessThan0~35|cin                                             ;
;   6.475  ;   0.059 ; RF ; CELL ; 1      ; LCCOMB_X38_Y9_N2   ; system|core|selector|LessThan0~35|cout                                            ;
;   6.475  ;   0.000 ; FF ; IC   ; 1      ; LCCOMB_X38_Y9_N4   ; system|core|selector|LessThan0~37|cin                                             ;
;   6.534  ;   0.059 ; FR ; CELL ; 1      ; LCCOMB_X38_Y9_N4   ; system|core|selector|LessThan0~37|cout                                            ;
;   6.534  ;   0.000 ; RR ; IC   ; 1      ; LCCOMB_X38_Y9_N6   ; system|core|selector|LessThan0~39|cin                                             ;
;   6.593  ;   0.059 ; RF ; CELL ; 1      ; LCCOMB_X38_Y9_N6   ; system|core|selector|LessThan0~39|cout                                            ;
;   6.593  ;   0.000 ; FF ; IC   ; 1      ; LCCOMB_X38_Y9_N8   ; system|core|selector|LessThan0~41|cin                                             ;
;   6.652  ;   0.059 ; FR ; CELL ; 1      ; LCCOMB_X38_Y9_N8   ; system|core|selector|LessThan0~41|cout                                            ;
;   6.652  ;   0.000 ; RR ; IC   ; 1      ; LCCOMB_X38_Y9_N10  ; system|core|selector|LessThan0~43|cin                                             ;
;   6.711  ;   0.059 ; RF ; CELL ; 1      ; LCCOMB_X38_Y9_N10  ; system|core|selector|LessThan0~43|cout                                            ;
;   6.711  ;   0.000 ; FF ; IC   ; 1      ; LCCOMB_X38_Y9_N12  ; system|core|selector|LessThan0~45|cin                                             ;
;   6.770  ;   0.059 ; FR ; CELL ; 1      ; LCCOMB_X38_Y9_N12  ; system|core|selector|LessThan0~45|cout                                            ;
;   6.770  ;   0.000 ; RR ; IC   ; 1      ; LCCOMB_X38_Y9_N14  ; system|core|selector|LessThan0~47|cin                                             ;
;   6.829  ;   0.059 ; RF ; CELL ; 1      ; LCCOMB_X38_Y9_N14  ; system|core|selector|LessThan0~47|cout                                            ;
;   6.829  ;   0.000 ; FF ; IC   ; 1      ; LCCOMB_X38_Y9_N16  ; system|core|selector|LessThan0~49|cin                                             ;
;   6.888  ;   0.059 ; FR ; CELL ; 1      ; LCCOMB_X38_Y9_N16  ; system|core|selector|LessThan0~49|cout                                            ;
;   6.888  ;   0.000 ; RR ; IC   ; 1      ; LCCOMB_X38_Y9_N18  ; system|core|selector|LessThan0~51|cin                                             ;
;   6.947  ;   0.059 ; RF ; CELL ; 1      ; LCCOMB_X38_Y9_N18  ; system|core|selector|LessThan0~51|cout                                            ;
;   6.947  ;   0.000 ; FF ; IC   ; 1      ; LCCOMB_X38_Y9_N20  ; system|core|selector|LessThan0~53|cin                                             ;
;   7.006  ;   0.059 ; FR ; CELL ; 1      ; LCCOMB_X38_Y9_N20  ; system|core|selector|LessThan0~53|cout                                            ;
;   7.006  ;   0.000 ; RR ; IC   ; 1      ; LCCOMB_X38_Y9_N22  ; system|core|selector|LessThan0~55|cin                                             ;
;   7.065  ;   0.059 ; RF ; CELL ; 1      ; LCCOMB_X38_Y9_N22  ; system|core|selector|LessThan0~55|cout                                            ;
;   7.065  ;   0.000 ; FF ; IC   ; 1      ; LCCOMB_X38_Y9_N24  ; system|core|selector|LessThan0~57|cin                                             ;
;   7.124  ;   0.059 ; FR ; CELL ; 1      ; LCCOMB_X38_Y9_N24  ; system|core|selector|LessThan0~57|cout                                            ;
;   7.124  ;   0.000 ; RR ; IC   ; 1      ; LCCOMB_X38_Y9_N26  ; system|core|selector|LessThan0~59|cin                                             ;
;   7.183  ;   0.059 ; RF ; CELL ; 1      ; LCCOMB_X38_Y9_N26  ; system|core|selector|LessThan0~59|cout                                            ;
;   7.183  ;   0.000 ; FF ; IC   ; 1      ; LCCOMB_X38_Y9_N28  ; system|core|selector|LessThan0~61|cin                                             ;
;   7.242  ;   0.059 ; FR ; CELL ; 1      ; LCCOMB_X38_Y9_N28  ; system|core|selector|LessThan0~61|cout                                            ;
;   7.242  ;   0.000 ; RR ; IC   ; 1      ; LCCOMB_X38_Y9_N30  ; system|core|selector|LessThan0~62|cin                                             ;
;   7.879  ;   0.637 ; RR ; CELL ; 2      ; LCCOMB_X38_Y9_N30  ; system|core|selector|LessThan0~62|combout                                         ;
;   8.630  ;   0.751 ; RR ; IC   ; 1      ; LCCOMB_X37_Y11_N8  ; system|core|selector|take1~22|datad                                               ;
;   8.796  ;   0.166 ; RR ; CELL ; 42     ; LCCOMB_X37_Y11_N8  ; system|core|selector|take1~22|combout                                             ;
;   9.636  ;   0.840 ; RR ; IC   ; 1      ; LCCOMB_X36_Y14_N4  ; system|core|selector|sa[5]~6|datac                                                ;
;   9.940  ;   0.304 ; RR ; CELL ; 2      ; LCCOMB_X36_Y14_N4  ; system|core|selector|sa[5]~6|combout                                              ;
;   10.652 ;   0.712 ; RR ; IC   ; 1      ; LCCOMB_X37_Y14_N10 ; system|core|selector|LessThan4~11|dataa                                           ;
;   11.158 ;   0.506 ; RF ; CELL ; 1      ; LCCOMB_X37_Y14_N10 ; system|core|selector|LessThan4~11|cout                                            ;
;   11.158 ;   0.000 ; FF ; IC   ; 1      ; LCCOMB_X37_Y14_N12 ; system|core|selector|LessThan4~13|cin                                             ;
;   11.217 ;   0.059 ; FR ; CELL ; 1      ; LCCOMB_X37_Y14_N12 ; system|core|selector|LessThan4~13|cout                                            ;
;   11.217 ;   0.000 ; RR ; IC   ; 1      ; LCCOMB_X37_Y14_N14 ; system|core|selector|LessThan4~15|cin                                             ;
;   11.276 ;   0.059 ; RF ; CELL ; 1      ; LCCOMB_X37_Y14_N14 ; system|core|selector|LessThan4~15|cout                                            ;
;   11.276 ;   0.000 ; FF ; IC   ; 1      ; LCCOMB_X37_Y14_N16 ; system|core|selector|LessThan4~17|cin                                             ;
;   11.335 ;   0.059 ; FR ; CELL ; 1      ; LCCOMB_X37_Y14_N16 ; system|core|selector|LessThan4~17|cout                                            ;
;   11.335 ;   0.000 ; RR ; IC   ; 1      ; LCCOMB_X37_Y14_N18 ; system|core|selector|LessThan4~19|cin                                             ;
;   11.394 ;   0.059 ; RF ; CELL ; 1      ; LCCOMB_X37_Y14_N18 ; system|core|selector|LessThan4~19|cout                                            ;
;   11.394 ;   0.000 ; FF ; IC   ; 1      ; LCCOMB_X37_Y14_N20 ; system|core|selector|LessThan4~21|cin                                             ;
;   11.453 ;   0.059 ; FR ; CELL ; 1      ; LCCOMB_X37_Y14_N20 ; system|core|selector|LessThan4~21|cout                                            ;
;   11.453 ;   0.000 ; RR ; IC   ; 1      ; LCCOMB_X37_Y14_N22 ; system|core|selector|LessThan4~23|cin                                             ;
;   11.512 ;   0.059 ; RF ; CELL ; 1      ; LCCOMB_X37_Y14_N22 ; system|core|selector|LessThan4~23|cout                                            ;
;   11.512 ;   0.000 ; FF ; IC   ; 1      ; LCCOMB_X37_Y14_N24 ; system|core|selector|LessThan4~25|cin                                             ;
;   11.571 ;   0.059 ; FR ; CELL ; 1      ; LCCOMB_X37_Y14_N24 ; system|core|selector|LessThan4~25|cout                                            ;
;   11.571 ;   0.000 ; RR ; IC   ; 1      ; LCCOMB_X37_Y14_N26 ; system|core|selector|LessThan4~27|cin                                             ;
;   11.630 ;   0.059 ; RF ; CELL ; 1      ; LCCOMB_X37_Y14_N26 ; system|core|selector|LessThan4~27|cout                                            ;
;   11.630 ;   0.000 ; FF ; IC   ; 1      ; LCCOMB_X37_Y14_N28 ; system|core|selector|LessThan4~29|cin                                             ;
;   11.689 ;   0.059 ; FR ; CELL ; 1      ; LCCOMB_X37_Y14_N28 ; system|core|selector|LessThan4~29|cout                                            ;
;   11.689 ;   0.000 ; RR ; IC   ; 1      ; LCCOMB_X37_Y14_N30 ; system|core|selector|LessThan4~31|cin                                             ;
;   11.748 ;   0.059 ; RF ; CELL ; 1      ; LCCOMB_X37_Y14_N30 ; system|core|selector|LessThan4~31|cout                                            ;
;   11.748 ;   0.000 ; FF ; IC   ; 1      ; LCCOMB_X37_Y13_N0  ; system|core|selector|LessThan4~33|cin                                             ;
;   11.807 ;   0.059 ; FR ; CELL ; 1      ; LCCOMB_X37_Y13_N0  ; system|core|selector|LessThan4~33|cout                                            ;
;   11.807 ;   0.000 ; RR ; IC   ; 1      ; LCCOMB_X37_Y13_N2  ; system|core|selector|LessThan4~35|cin                                             ;
;   11.866 ;   0.059 ; RF ; CELL ; 1      ; LCCOMB_X37_Y13_N2  ; system|core|selector|LessThan4~35|cout                                            ;
;   11.866 ;   0.000 ; FF ; IC   ; 1      ; LCCOMB_X37_Y13_N4  ; system|core|selector|LessThan4~37|cin                                             ;
;   11.925 ;   0.059 ; FR ; CELL ; 1      ; LCCOMB_X37_Y13_N4  ; system|core|selector|LessThan4~37|cout                                            ;
;   11.925 ;   0.000 ; RR ; IC   ; 1      ; LCCOMB_X37_Y13_N6  ; system|core|selector|LessThan4~39|cin                                             ;
;   11.984 ;   0.059 ; RF ; CELL ; 1      ; LCCOMB_X37_Y13_N6  ; system|core|selector|LessThan4~39|cout                                            ;
;   11.984 ;   0.000 ; FF ; IC   ; 1      ; LCCOMB_X37_Y13_N8  ; system|core|selector|LessThan4~41|cin                                             ;
;   12.043 ;   0.059 ; FR ; CELL ; 1      ; LCCOMB_X37_Y13_N8  ; system|core|selector|LessThan4~41|cout                                            ;
;   12.043 ;   0.000 ; RR ; IC   ; 1      ; LCCOMB_X37_Y13_N10 ; system|core|selector|LessThan4~43|cin                                             ;
;   12.102 ;   0.059 ; RF ; CELL ; 1      ; LCCOMB_X37_Y13_N10 ; system|core|selector|LessThan4~43|cout                                            ;
;   12.102 ;   0.000 ; FF ; IC   ; 1      ; LCCOMB_X37_Y13_N12 ; system|core|selector|LessThan4~45|cin                                             ;
;   12.161 ;   0.059 ; FR ; CELL ; 1      ; LCCOMB_X37_Y13_N12 ; system|core|selector|LessThan4~45|cout                                            ;
;   12.161 ;   0.000 ; RR ; IC   ; 1      ; LCCOMB_X37_Y13_N14 ; system|core|selector|LessThan4~47|cin                                             ;
;   12.220 ;   0.059 ; RF ; CELL ; 1      ; LCCOMB_X37_Y13_N14 ; system|core|selector|LessThan4~47|cout                                            ;
;   12.220 ;   0.000 ; FF ; IC   ; 1      ; LCCOMB_X37_Y13_N16 ; system|core|selector|LessThan4~49|cin                                             ;
;   12.279 ;   0.059 ; FR ; CELL ; 1      ; LCCOMB_X37_Y13_N16 ; system|core|selector|LessThan4~49|cout                                            ;
;   12.279 ;   0.000 ; RR ; IC   ; 1      ; LCCOMB_X37_Y13_N18 ; system|core|selector|LessThan4~51|cin                                             ;
;   12.338 ;   0.059 ; RF ; CELL ; 1      ; LCCOMB_X37_Y13_N18 ; system|core|selector|LessThan4~51|cout                                            ;
;   12.338 ;   0.000 ; FF ; IC   ; 1      ; LCCOMB_X37_Y13_N20 ; system|core|selector|LessThan4~53|cin                                             ;
;   12.397 ;   0.059 ; FR ; CELL ; 1      ; LCCOMB_X37_Y13_N20 ; system|core|selector|LessThan4~53|cout                                            ;
;   12.397 ;   0.000 ; RR ; IC   ; 1      ; LCCOMB_X37_Y13_N22 ; system|core|selector|LessThan4~55|cin                                             ;
;   12.456 ;   0.059 ; RF ; CELL ; 1      ; LCCOMB_X37_Y13_N22 ; system|core|selector|LessThan4~55|cout                                            ;
;   12.456 ;   0.000 ; FF ; IC   ; 1      ; LCCOMB_X37_Y13_N24 ; system|core|selector|LessThan4~57|cin                                             ;
;   12.515 ;   0.059 ; FR ; CELL ; 1      ; LCCOMB_X37_Y13_N24 ; system|core|selector|LessThan4~57|cout                                            ;
;   12.515 ;   0.000 ; RR ; IC   ; 1      ; LCCOMB_X37_Y13_N26 ; system|core|selector|LessThan4~59|cin                                             ;
;   12.574 ;   0.059 ; RF ; CELL ; 1      ; LCCOMB_X37_Y13_N26 ; system|core|selector|LessThan4~59|cout                                            ;
;   12.574 ;   0.000 ; FF ; IC   ; 1      ; LCCOMB_X37_Y13_N28 ; system|core|selector|LessThan4~61|cin                                             ;
;   12.633 ;   0.059 ; FR ; CELL ; 1      ; LCCOMB_X37_Y13_N28 ; system|core|selector|LessThan4~61|cout                                            ;
;   12.633 ;   0.000 ; RR ; IC   ; 1      ; LCCOMB_X37_Y13_N30 ; system|core|selector|LessThan4~62|cin                                             ;
;   13.270 ;   0.637 ; RR ; CELL ; 2      ; LCCOMB_X37_Y13_N30 ; system|core|selector|LessThan4~62|combout                                         ;
;   13.700 ;   0.430 ; RR ; IC   ; 1      ; LCCOMB_X36_Y13_N6  ; system|core|selector|winner[0]~5|datac                                            ;
;   14.004 ;   0.304 ; RR ; CELL ; 3      ; LCCOMB_X36_Y13_N6  ; system|core|selector|winner[0]~5|combout                                          ;
;   14.231 ;   0.227 ; RR ; IC   ; 1      ; LCCOMB_X36_Y13_N10 ; system|core|selector|winner[0]~4|datad                                            ;
;   14.376 ;   0.145 ; RF ; CELL ; 12     ; LCCOMB_X36_Y13_N10 ; system|core|selector|winner[0]~4|combout                                          ;
;   15.129 ;   0.753 ; FF ; IC   ; 1      ; LCCOMB_X39_Y13_N4  ; system|core|selector|best_index[6]~28|datac                                       ;
;   15.432 ;   0.303 ; FF ; CELL ; 1      ; LCCOMB_X39_Y13_N4  ; system|core|selector|best_index[6]~28|combout                                     ;
;   15.679 ;   0.247 ; FF ; IC   ; 1      ; LCCOMB_X39_Y13_N30 ; system|core|selector|best_index[6]~29|datac                                       ;
;   15.982 ;   0.303 ; FF ; CELL ; 4      ; LCCOMB_X39_Y13_N30 ; system|core|selector|best_index[6]~29|combout                                     ;
;   16.261 ;   0.279 ; FF ; IC   ; 1      ; LCCOMB_X39_Y13_N0  ; system|core|selector|best_index[6]~30|datac                                       ;
;   16.564 ;   0.303 ; FF ; CELL ; 5      ; LCCOMB_X39_Y13_N0  ; system|core|selector|best_index[6]~30|combout                                     ;
;   17.391 ;   0.827 ; FF ; IC   ; 2      ; LCCOMB_X38_Y17_N2  ; system|core|gate|Add3~2|dataa                                                     ;
;   17.773 ;   0.382 ; FR ; CELL ; 1      ; LCCOMB_X38_Y17_N2  ; system|core|gate|Add3~2|cout                                                      ;
;   17.773 ;   0.000 ; RR ; IC   ; 2      ; LCCOMB_X38_Y17_N4  ; system|core|gate|Add3~4|cin                                                       ;
;   18.410 ;   0.637 ; RR ; CELL ; 2      ; LCCOMB_X38_Y17_N4  ; system|core|gate|Add3~4|combout                                                   ;
;   18.822 ;   0.412 ; RR ; IC   ; 1      ; LCCOMB_X39_Y17_N20 ; system|core|gate|LessThan3~0|datab                                                ;
;   19.271 ;   0.449 ; RF ; CELL ; 2      ; LCCOMB_X39_Y17_N20 ; system|core|gate|LessThan3~0|combout                                              ;
;   19.515 ;   0.244 ; FF ; IC   ; 1      ; LCCOMB_X39_Y17_N18 ; system|core|gate|LessThan3~3|datad                                                ;
;   19.676 ;   0.161 ; FR ; CELL ; 1      ; LCCOMB_X39_Y17_N18 ; system|core|gate|LessThan3~3|combout                                              ;
;   19.879 ;   0.203 ; RR ; IC   ; 1      ; LCCOMB_X39_Y17_N24 ; system|core|gate|always0~9|datad                                                  ;
;   20.024 ;   0.145 ; RF ; CELL ; 1      ; LCCOMB_X39_Y17_N24 ; system|core|gate|always0~9|combout                                                ;
;   20.676 ;   0.652 ; FF ; IC   ; 1      ; LCCOMB_X36_Y17_N28 ; system|core|gate|always0~14|dataa                                                 ;
;   21.081 ;   0.405 ; FF ; CELL ; 24     ; LCCOMB_X36_Y17_N28 ; system|core|gate|always0~14|combout                                               ;
;   21.659 ;   0.578 ; FF ; IC   ; 1      ; LCCOMB_X37_Y17_N4  ; system|core|previous_v[0]~0|datad                                                 ;
;   21.790 ;   0.131 ; FF ; CELL ; 11     ; LCCOMB_X37_Y17_N4  ; system|core|previous_v[0]~0|combout                                               ;
;   22.226 ;   0.436 ; FF ; IC   ; 1      ; FF_X36_Y17_N5      ; system|core|previous_v[1]|ena                                                     ;
;   22.823 ;   0.597 ; FF ; CELL ; 1      ; FF_X36_Y17_N5      ; igor_uart_top:system|igor_top:core|previous_v[1]                                  ;
+----------+---------+----+------+--------+--------------------+-----------------------------------------------------------------------------------+

+----------------------------------------------------------------------------------------------------------------+
; Data Required Path                                                                                             ;
+----------+---------+----+------+--------+-------------------+--------------------------------------------------+
; Total    ; Incr    ; RF ; Type ; Fanout ; Location          ; Element                                          ;
+----------+---------+----+------+--------+-------------------+--------------------------------------------------+
; 20.000   ; 20.000  ;    ;      ;        ;                   ; latch edge time                                  ;
; 24.010   ; 4.010   ;    ;      ;        ;                   ; clock path                                       ;
;   20.000 ;   0.000 ;    ;      ;        ;                   ; source latency                                   ;
;   20.000 ;   0.000 ;    ;      ; 1      ; PIN_P11           ; MAX10_CLK1_50                                    ;
;   20.000 ;   0.000 ; RR ; IC   ; 1      ; IOIBUF_X34_Y0_N29 ; MAX10_CLK1_50~input|i                            ;
;   20.793 ;   0.793 ; RR ; CELL ; 1      ; IOIBUF_X34_Y0_N29 ; MAX10_CLK1_50~input|o                            ;
;   21.651 ;   0.858 ; RR ; IC   ; 1      ; CLKCTRL_G19       ; MAX10_CLK1_50~inputclkctrl|inclk[0]              ;
;   21.651 ;   0.000 ; RR ; CELL ; 1680   ; CLKCTRL_G19       ; MAX10_CLK1_50~inputclkctrl|outclk                ;
;   23.477 ;   1.826 ; RR ; IC   ; 1      ; FF_X36_Y17_N5     ; system|core|previous_v[1]|clk                    ;
;   23.952 ;   0.475 ; RR ; CELL ; 1      ; FF_X36_Y17_N5     ; igor_uart_top:system|igor_top:core|previous_v[1] ;
;   24.010 ;   0.058 ;    ;      ;        ;                   ; clock pessimism removed                          ;
; 23.990   ; -0.020  ;    ;      ;        ;                   ; clock uncertainty                                ;
; 24.003   ; 0.013   ;    ; uTsu ; 1      ; FF_X36_Y17_N5     ; igor_uart_top:system|igor_top:core|previous_v[1] ;
+----------+---------+----+------+--------+-------------------+--------------------------------------------------+


Path #5: Setup slack is 1.181 
===============================================================================
+-------------------------------------------------------------------------------------------------------+
; Path Summary                                                                                          ;
+--------------------+----------------------------------------------------------------------------------+
; Property           ; Value                                                                            ;
+--------------------+----------------------------------------------------------------------------------+
; From Node          ; igor_uart_top:system|igor_top:core|igor_rollout_tile:tiles[0].tile|best_score[5] ;
; To Node            ; igor_uart_top:system|igor_top:core|previous_v[2]                                 ;
; Launch Clock       ; MAX10_CLK1_50                                                                    ;
; Latch Clock        ; MAX10_CLK1_50                                                                    ;
; Data Arrival Time  ; 22.822                                                                           ;
; Data Required Time ; 24.003                                                                           ;
; Slack              ; 1.181                                                                            ;
+--------------------+----------------------------------------------------------------------------------+

+------------------------------------------------------------------------------------+
; Statistics                                                                         ;
+------------------------+--------+-------+-------------+------------+-------+-------+
; Property               ; Value  ; Count ; Total Delay ; % of Total ; Min   ; Max   ;
+------------------------+--------+-------+-------------+------------+-------+-------+
; Setup Relationship     ; 20.000 ;       ;             ;            ;       ;       ;
; Clock Skew             ; 0.338  ;       ;             ;            ;       ;       ;
; Data Delay             ; 19.150 ;       ;             ;            ;       ;       ;
; Number of Logic Levels ;        ; 15    ;             ;            ;       ;       ;
; Physical Delays        ;        ;       ;             ;            ;       ;       ;
;  Arrival Path          ;        ;       ;             ;            ;       ;       ;
;   Clock                ;        ;       ;             ;            ;       ;       ;
;    IC                  ;        ; 3     ; 2.369       ; 65         ; 0.000 ; 1.475 ;
;    Cell                ;        ; 3     ; 1.303       ; 35         ; 0.000 ; 0.793 ;
;   Data                 ;        ;       ;             ;            ;       ;       ;
;    IC                  ;        ; 70    ; 8.755       ; 46         ; 0.000 ; 1.323 ;
;    Cell                ;        ; 71    ; 10.188      ; 53         ; 0.000 ; 0.637 ;
;    uTco                ;        ; 1     ; 0.207       ; 1          ; 0.207 ; 0.207 ;
;  Required Path         ;        ;       ;             ;            ;       ;       ;
;   Clock                ;        ;       ;             ;            ;       ;       ;
;    IC                  ;        ; 3     ; 2.684       ; 68         ; 0.000 ; 1.826 ;
;    Cell                ;        ; 3     ; 1.268       ; 32         ; 0.000 ; 0.793 ;
+------------------------+--------+-------+-------------+------------+-------+-------+
Note: Negative delays are omitted from totals when calculating percentages

+-------------------------------------------------------------------------------------------------------------------------------------------------+
; Data Arrival Path                                                                                                                               ;
+----------+---------+----+------+--------+--------------------+----------------------------------------------------------------------------------+
; Total    ; Incr    ; RF ; Type ; Fanout ; Location           ; Element                                                                          ;
+----------+---------+----+------+--------+--------------------+----------------------------------------------------------------------------------+
; 0.000    ; 0.000   ;    ;      ;        ;                    ; launch edge time                                                                 ;
; 3.672    ; 3.672   ;    ;      ;        ;                    ; clock path                                                                       ;
;   0.000  ;   0.000 ;    ;      ;        ;                    ; source latency                                                                   ;
;   0.000  ;   0.000 ;    ;      ; 1      ; PIN_P11            ; MAX10_CLK1_50                                                                    ;
;   0.000  ;   0.000 ; RR ; IC   ; 1      ; IOIBUF_X34_Y0_N29  ; MAX10_CLK1_50~input|i                                                            ;
;   0.793  ;   0.793 ; RR ; CELL ; 1      ; IOIBUF_X34_Y0_N29  ; MAX10_CLK1_50~input|o                                                            ;
;   1.687  ;   0.894 ; RR ; IC   ; 1      ; CLKCTRL_G19        ; MAX10_CLK1_50~inputclkctrl|inclk[0]                                              ;
;   1.687  ;   0.000 ; RR ; CELL ; 1680   ; CLKCTRL_G19        ; MAX10_CLK1_50~inputclkctrl|outclk                                                ;
;   3.162  ;   1.475 ; RR ; IC   ; 1      ; FF_X37_Y11_N17     ; system|core|tiles[0].tile|best_score[5]|clk                                      ;
;   3.672  ;   0.510 ; RR ; CELL ; 1      ; FF_X37_Y11_N17     ; igor_uart_top:system|igor_top:core|igor_rollout_tile:tiles[0].tile|best_score[5] ;
; 22.822   ; 19.150  ;    ;      ;        ;                    ; data path                                                                        ;
;   3.879  ;   0.207 ;    ; uTco ; 1      ; FF_X37_Y11_N17     ; igor_uart_top:system|igor_top:core|igor_rollout_tile:tiles[0].tile|best_score[5] ;
;   3.879  ;   0.000 ; RR ; CELL ; 5      ; FF_X37_Y11_N17     ; system|core|tiles[0].tile|best_score[5]|q                                        ;
;   5.202  ;   1.323 ; RR ; IC   ; 1      ; LCCOMB_X38_Y10_N10 ; system|core|selector|LessThan0~11|datab                                          ;
;   5.726  ;   0.524 ; RF ; CELL ; 1      ; LCCOMB_X38_Y10_N10 ; system|core|selector|LessThan0~11|cout                                           ;
;   5.726  ;   0.000 ; FF ; IC   ; 1      ; LCCOMB_X38_Y10_N12 ; system|core|selector|LessThan0~13|cin                                            ;
;   5.785  ;   0.059 ; FR ; CELL ; 1      ; LCCOMB_X38_Y10_N12 ; system|core|selector|LessThan0~13|cout                                           ;
;   5.785  ;   0.000 ; RR ; IC   ; 1      ; LCCOMB_X38_Y10_N14 ; system|core|selector|LessThan0~15|cin                                            ;
;   5.844  ;   0.059 ; RF ; CELL ; 1      ; LCCOMB_X38_Y10_N14 ; system|core|selector|LessThan0~15|cout                                           ;
;   5.844  ;   0.000 ; FF ; IC   ; 1      ; LCCOMB_X38_Y10_N16 ; system|core|selector|LessThan0~17|cin                                            ;
;   5.903  ;   0.059 ; FR ; CELL ; 1      ; LCCOMB_X38_Y10_N16 ; system|core|selector|LessThan0~17|cout                                           ;
;   5.903  ;   0.000 ; RR ; IC   ; 1      ; LCCOMB_X38_Y10_N18 ; system|core|selector|LessThan0~19|cin                                            ;
;   5.962  ;   0.059 ; RF ; CELL ; 1      ; LCCOMB_X38_Y10_N18 ; system|core|selector|LessThan0~19|cout                                           ;
;   5.962  ;   0.000 ; FF ; IC   ; 1      ; LCCOMB_X38_Y10_N20 ; system|core|selector|LessThan0~21|cin                                            ;
;   6.021  ;   0.059 ; FR ; CELL ; 1      ; LCCOMB_X38_Y10_N20 ; system|core|selector|LessThan0~21|cout                                           ;
;   6.021  ;   0.000 ; RR ; IC   ; 1      ; LCCOMB_X38_Y10_N22 ; system|core|selector|LessThan0~23|cin                                            ;
;   6.080  ;   0.059 ; RF ; CELL ; 1      ; LCCOMB_X38_Y10_N22 ; system|core|selector|LessThan0~23|cout                                           ;
;   6.080  ;   0.000 ; FF ; IC   ; 1      ; LCCOMB_X38_Y10_N24 ; system|core|selector|LessThan0~25|cin                                            ;
;   6.139  ;   0.059 ; FR ; CELL ; 1      ; LCCOMB_X38_Y10_N24 ; system|core|selector|LessThan0~25|cout                                           ;
;   6.139  ;   0.000 ; RR ; IC   ; 1      ; LCCOMB_X38_Y10_N26 ; system|core|selector|LessThan0~27|cin                                            ;
;   6.198  ;   0.059 ; RF ; CELL ; 1      ; LCCOMB_X38_Y10_N26 ; system|core|selector|LessThan0~27|cout                                           ;
;   6.198  ;   0.000 ; FF ; IC   ; 1      ; LCCOMB_X38_Y10_N28 ; system|core|selector|LessThan0~29|cin                                            ;
;   6.257  ;   0.059 ; FR ; CELL ; 1      ; LCCOMB_X38_Y10_N28 ; system|core|selector|LessThan0~29|cout                                           ;
;   6.257  ;   0.000 ; RR ; IC   ; 1      ; LCCOMB_X38_Y10_N30 ; system|core|selector|LessThan0~31|cin                                            ;
;   6.316  ;   0.059 ; RF ; CELL ; 1      ; LCCOMB_X38_Y10_N30 ; system|core|selector|LessThan0~31|cout                                           ;
;   6.316  ;   0.000 ; FF ; IC   ; 1      ; LCCOMB_X38_Y9_N0   ; system|core|selector|LessThan0~33|cin                                            ;
;   6.375  ;   0.059 ; FR ; CELL ; 1      ; LCCOMB_X38_Y9_N0   ; system|core|selector|LessThan0~33|cout                                           ;
;   6.375  ;   0.000 ; RR ; IC   ; 1      ; LCCOMB_X38_Y9_N2   ; system|core|selector|LessThan0~35|cin                                            ;
;   6.434  ;   0.059 ; RF ; CELL ; 1      ; LCCOMB_X38_Y9_N2   ; system|core|selector|LessThan0~35|cout                                           ;
;   6.434  ;   0.000 ; FF ; IC   ; 1      ; LCCOMB_X38_Y9_N4   ; system|core|selector|LessThan0~37|cin                                            ;
;   6.493  ;   0.059 ; FR ; CELL ; 1      ; LCCOMB_X38_Y9_N4   ; system|core|selector|LessThan0~37|cout                                           ;
;   6.493  ;   0.000 ; RR ; IC   ; 1      ; LCCOMB_X38_Y9_N6   ; system|core|selector|LessThan0~39|cin                                            ;
;   6.552  ;   0.059 ; RF ; CELL ; 1      ; LCCOMB_X38_Y9_N6   ; system|core|selector|LessThan0~39|cout                                           ;
;   6.552  ;   0.000 ; FF ; IC   ; 1      ; LCCOMB_X38_Y9_N8   ; system|core|selector|LessThan0~41|cin                                            ;
;   6.611  ;   0.059 ; FR ; CELL ; 1      ; LCCOMB_X38_Y9_N8   ; system|core|selector|LessThan0~41|cout                                           ;
;   6.611  ;   0.000 ; RR ; IC   ; 1      ; LCCOMB_X38_Y9_N10  ; system|core|selector|LessThan0~43|cin                                            ;
;   6.670  ;   0.059 ; RF ; CELL ; 1      ; LCCOMB_X38_Y9_N10  ; system|core|selector|LessThan0~43|cout                                           ;
;   6.670  ;   0.000 ; FF ; IC   ; 1      ; LCCOMB_X38_Y9_N12  ; system|core|selector|LessThan0~45|cin                                            ;
;   6.729  ;   0.059 ; FR ; CELL ; 1      ; LCCOMB_X38_Y9_N12  ; system|core|selector|LessThan0~45|cout                                           ;
;   6.729  ;   0.000 ; RR ; IC   ; 1      ; LCCOMB_X38_Y9_N14  ; system|core|selector|LessThan0~47|cin                                            ;
;   6.788  ;   0.059 ; RF ; CELL ; 1      ; LCCOMB_X38_Y9_N14  ; system|core|selector|LessThan0~47|cout                                           ;
;   6.788  ;   0.000 ; FF ; IC   ; 1      ; LCCOMB_X38_Y9_N16  ; system|core|selector|LessThan0~49|cin                                            ;
;   6.847  ;   0.059 ; FR ; CELL ; 1      ; LCCOMB_X38_Y9_N16  ; system|core|selector|LessThan0~49|cout                                           ;
;   6.847  ;   0.000 ; RR ; IC   ; 1      ; LCCOMB_X38_Y9_N18  ; system|core|selector|LessThan0~51|cin                                            ;
;   6.906  ;   0.059 ; RF ; CELL ; 1      ; LCCOMB_X38_Y9_N18  ; system|core|selector|LessThan0~51|cout                                           ;
;   6.906  ;   0.000 ; FF ; IC   ; 1      ; LCCOMB_X38_Y9_N20  ; system|core|selector|LessThan0~53|cin                                            ;
;   6.965  ;   0.059 ; FR ; CELL ; 1      ; LCCOMB_X38_Y9_N20  ; system|core|selector|LessThan0~53|cout                                           ;
;   6.965  ;   0.000 ; RR ; IC   ; 1      ; LCCOMB_X38_Y9_N22  ; system|core|selector|LessThan0~55|cin                                            ;
;   7.024  ;   0.059 ; RF ; CELL ; 1      ; LCCOMB_X38_Y9_N22  ; system|core|selector|LessThan0~55|cout                                           ;
;   7.024  ;   0.000 ; FF ; IC   ; 1      ; LCCOMB_X38_Y9_N24  ; system|core|selector|LessThan0~57|cin                                            ;
;   7.083  ;   0.059 ; FR ; CELL ; 1      ; LCCOMB_X38_Y9_N24  ; system|core|selector|LessThan0~57|cout                                           ;
;   7.083  ;   0.000 ; RR ; IC   ; 1      ; LCCOMB_X38_Y9_N26  ; system|core|selector|LessThan0~59|cin                                            ;
;   7.142  ;   0.059 ; RF ; CELL ; 1      ; LCCOMB_X38_Y9_N26  ; system|core|selector|LessThan0~59|cout                                           ;
;   7.142  ;   0.000 ; FF ; IC   ; 1      ; LCCOMB_X38_Y9_N28  ; system|core|selector|LessThan0~61|cin                                            ;
;   7.201  ;   0.059 ; FR ; CELL ; 1      ; LCCOMB_X38_Y9_N28  ; system|core|selector|LessThan0~61|cout                                           ;
;   7.201  ;   0.000 ; RR ; IC   ; 1      ; LCCOMB_X38_Y9_N30  ; system|core|selector|LessThan0~62|cin                                            ;
;   7.838  ;   0.637 ; RR ; CELL ; 2      ; LCCOMB_X38_Y9_N30  ; system|core|selector|LessThan0~62|combout                                        ;
;   8.589  ;   0.751 ; RR ; IC   ; 1      ; LCCOMB_X37_Y11_N8  ; system|core|selector|take1~22|datad                                              ;
;   8.755  ;   0.166 ; RR ; CELL ; 42     ; LCCOMB_X37_Y11_N8  ; system|core|selector|take1~22|combout                                            ;
;   9.595  ;   0.840 ; RR ; IC   ; 1      ; LCCOMB_X36_Y14_N4  ; system|core|selector|sa[5]~6|datac                                               ;
;   9.899  ;   0.304 ; RR ; CELL ; 2      ; LCCOMB_X36_Y14_N4  ; system|core|selector|sa[5]~6|combout                                             ;
;   10.611 ;   0.712 ; RR ; IC   ; 1      ; LCCOMB_X37_Y14_N10 ; system|core|selector|LessThan4~11|dataa                                          ;
;   11.117 ;   0.506 ; RF ; CELL ; 1      ; LCCOMB_X37_Y14_N10 ; system|core|selector|LessThan4~11|cout                                           ;
;   11.117 ;   0.000 ; FF ; IC   ; 1      ; LCCOMB_X37_Y14_N12 ; system|core|selector|LessThan4~13|cin                                            ;
;   11.176 ;   0.059 ; FR ; CELL ; 1      ; LCCOMB_X37_Y14_N12 ; system|core|selector|LessThan4~13|cout                                           ;
;   11.176 ;   0.000 ; RR ; IC   ; 1      ; LCCOMB_X37_Y14_N14 ; system|core|selector|LessThan4~15|cin                                            ;
;   11.235 ;   0.059 ; RF ; CELL ; 1      ; LCCOMB_X37_Y14_N14 ; system|core|selector|LessThan4~15|cout                                           ;
;   11.235 ;   0.000 ; FF ; IC   ; 1      ; LCCOMB_X37_Y14_N16 ; system|core|selector|LessThan4~17|cin                                            ;
;   11.294 ;   0.059 ; FR ; CELL ; 1      ; LCCOMB_X37_Y14_N16 ; system|core|selector|LessThan4~17|cout                                           ;
;   11.294 ;   0.000 ; RR ; IC   ; 1      ; LCCOMB_X37_Y14_N18 ; system|core|selector|LessThan4~19|cin                                            ;
;   11.353 ;   0.059 ; RF ; CELL ; 1      ; LCCOMB_X37_Y14_N18 ; system|core|selector|LessThan4~19|cout                                           ;
;   11.353 ;   0.000 ; FF ; IC   ; 1      ; LCCOMB_X37_Y14_N20 ; system|core|selector|LessThan4~21|cin                                            ;
;   11.412 ;   0.059 ; FR ; CELL ; 1      ; LCCOMB_X37_Y14_N20 ; system|core|selector|LessThan4~21|cout                                           ;
;   11.412 ;   0.000 ; RR ; IC   ; 1      ; LCCOMB_X37_Y14_N22 ; system|core|selector|LessThan4~23|cin                                            ;
;   11.471 ;   0.059 ; RF ; CELL ; 1      ; LCCOMB_X37_Y14_N22 ; system|core|selector|LessThan4~23|cout                                           ;
;   11.471 ;   0.000 ; FF ; IC   ; 1      ; LCCOMB_X37_Y14_N24 ; system|core|selector|LessThan4~25|cin                                            ;
;   11.530 ;   0.059 ; FR ; CELL ; 1      ; LCCOMB_X37_Y14_N24 ; system|core|selector|LessThan4~25|cout                                           ;
;   11.530 ;   0.000 ; RR ; IC   ; 1      ; LCCOMB_X37_Y14_N26 ; system|core|selector|LessThan4~27|cin                                            ;
;   11.589 ;   0.059 ; RF ; CELL ; 1      ; LCCOMB_X37_Y14_N26 ; system|core|selector|LessThan4~27|cout                                           ;
;   11.589 ;   0.000 ; FF ; IC   ; 1      ; LCCOMB_X37_Y14_N28 ; system|core|selector|LessThan4~29|cin                                            ;
;   11.648 ;   0.059 ; FR ; CELL ; 1      ; LCCOMB_X37_Y14_N28 ; system|core|selector|LessThan4~29|cout                                           ;
;   11.648 ;   0.000 ; RR ; IC   ; 1      ; LCCOMB_X37_Y14_N30 ; system|core|selector|LessThan4~31|cin                                            ;
;   11.707 ;   0.059 ; RF ; CELL ; 1      ; LCCOMB_X37_Y14_N30 ; system|core|selector|LessThan4~31|cout                                           ;
;   11.707 ;   0.000 ; FF ; IC   ; 1      ; LCCOMB_X37_Y13_N0  ; system|core|selector|LessThan4~33|cin                                            ;
;   11.766 ;   0.059 ; FR ; CELL ; 1      ; LCCOMB_X37_Y13_N0  ; system|core|selector|LessThan4~33|cout                                           ;
;   11.766 ;   0.000 ; RR ; IC   ; 1      ; LCCOMB_X37_Y13_N2  ; system|core|selector|LessThan4~35|cin                                            ;
;   11.825 ;   0.059 ; RF ; CELL ; 1      ; LCCOMB_X37_Y13_N2  ; system|core|selector|LessThan4~35|cout                                           ;
;   11.825 ;   0.000 ; FF ; IC   ; 1      ; LCCOMB_X37_Y13_N4  ; system|core|selector|LessThan4~37|cin                                            ;
;   11.884 ;   0.059 ; FR ; CELL ; 1      ; LCCOMB_X37_Y13_N4  ; system|core|selector|LessThan4~37|cout                                           ;
;   11.884 ;   0.000 ; RR ; IC   ; 1      ; LCCOMB_X37_Y13_N6  ; system|core|selector|LessThan4~39|cin                                            ;
;   11.943 ;   0.059 ; RF ; CELL ; 1      ; LCCOMB_X37_Y13_N6  ; system|core|selector|LessThan4~39|cout                                           ;
;   11.943 ;   0.000 ; FF ; IC   ; 1      ; LCCOMB_X37_Y13_N8  ; system|core|selector|LessThan4~41|cin                                            ;
;   12.002 ;   0.059 ; FR ; CELL ; 1      ; LCCOMB_X37_Y13_N8  ; system|core|selector|LessThan4~41|cout                                           ;
;   12.002 ;   0.000 ; RR ; IC   ; 1      ; LCCOMB_X37_Y13_N10 ; system|core|selector|LessThan4~43|cin                                            ;
;   12.061 ;   0.059 ; RF ; CELL ; 1      ; LCCOMB_X37_Y13_N10 ; system|core|selector|LessThan4~43|cout                                           ;
;   12.061 ;   0.000 ; FF ; IC   ; 1      ; LCCOMB_X37_Y13_N12 ; system|core|selector|LessThan4~45|cin                                            ;
;   12.120 ;   0.059 ; FR ; CELL ; 1      ; LCCOMB_X37_Y13_N12 ; system|core|selector|LessThan4~45|cout                                           ;
;   12.120 ;   0.000 ; RR ; IC   ; 1      ; LCCOMB_X37_Y13_N14 ; system|core|selector|LessThan4~47|cin                                            ;
;   12.179 ;   0.059 ; RF ; CELL ; 1      ; LCCOMB_X37_Y13_N14 ; system|core|selector|LessThan4~47|cout                                           ;
;   12.179 ;   0.000 ; FF ; IC   ; 1      ; LCCOMB_X37_Y13_N16 ; system|core|selector|LessThan4~49|cin                                            ;
;   12.238 ;   0.059 ; FR ; CELL ; 1      ; LCCOMB_X37_Y13_N16 ; system|core|selector|LessThan4~49|cout                                           ;
;   12.238 ;   0.000 ; RR ; IC   ; 1      ; LCCOMB_X37_Y13_N18 ; system|core|selector|LessThan4~51|cin                                            ;
;   12.297 ;   0.059 ; RF ; CELL ; 1      ; LCCOMB_X37_Y13_N18 ; system|core|selector|LessThan4~51|cout                                           ;
;   12.297 ;   0.000 ; FF ; IC   ; 1      ; LCCOMB_X37_Y13_N20 ; system|core|selector|LessThan4~53|cin                                            ;
;   12.356 ;   0.059 ; FR ; CELL ; 1      ; LCCOMB_X37_Y13_N20 ; system|core|selector|LessThan4~53|cout                                           ;
;   12.356 ;   0.000 ; RR ; IC   ; 1      ; LCCOMB_X37_Y13_N22 ; system|core|selector|LessThan4~55|cin                                            ;
;   12.415 ;   0.059 ; RF ; CELL ; 1      ; LCCOMB_X37_Y13_N22 ; system|core|selector|LessThan4~55|cout                                           ;
;   12.415 ;   0.000 ; FF ; IC   ; 1      ; LCCOMB_X37_Y13_N24 ; system|core|selector|LessThan4~57|cin                                            ;
;   12.474 ;   0.059 ; FR ; CELL ; 1      ; LCCOMB_X37_Y13_N24 ; system|core|selector|LessThan4~57|cout                                           ;
;   12.474 ;   0.000 ; RR ; IC   ; 1      ; LCCOMB_X37_Y13_N26 ; system|core|selector|LessThan4~59|cin                                            ;
;   12.533 ;   0.059 ; RF ; CELL ; 1      ; LCCOMB_X37_Y13_N26 ; system|core|selector|LessThan4~59|cout                                           ;
;   12.533 ;   0.000 ; FF ; IC   ; 1      ; LCCOMB_X37_Y13_N28 ; system|core|selector|LessThan4~61|cin                                            ;
;   12.592 ;   0.059 ; FR ; CELL ; 1      ; LCCOMB_X37_Y13_N28 ; system|core|selector|LessThan4~61|cout                                           ;
;   12.592 ;   0.000 ; RR ; IC   ; 1      ; LCCOMB_X37_Y13_N30 ; system|core|selector|LessThan4~62|cin                                            ;
;   13.229 ;   0.637 ; RR ; CELL ; 2      ; LCCOMB_X37_Y13_N30 ; system|core|selector|LessThan4~62|combout                                        ;
;   13.659 ;   0.430 ; RR ; IC   ; 1      ; LCCOMB_X36_Y13_N6  ; system|core|selector|winner[0]~5|datac                                           ;
;   13.963 ;   0.304 ; RR ; CELL ; 3      ; LCCOMB_X36_Y13_N6  ; system|core|selector|winner[0]~5|combout                                         ;
;   14.190 ;   0.227 ; RR ; IC   ; 1      ; LCCOMB_X36_Y13_N10 ; system|core|selector|winner[0]~4|datad                                           ;
;   14.335 ;   0.145 ; RF ; CELL ; 12     ; LCCOMB_X36_Y13_N10 ; system|core|selector|winner[0]~4|combout                                         ;
;   15.088 ;   0.753 ; FF ; IC   ; 1      ; LCCOMB_X39_Y13_N4  ; system|core|selector|best_index[6]~28|datac                                      ;
;   15.391 ;   0.303 ; FF ; CELL ; 1      ; LCCOMB_X39_Y13_N4  ; system|core|selector|best_index[6]~28|combout                                    ;
;   15.638 ;   0.247 ; FF ; IC   ; 1      ; LCCOMB_X39_Y13_N30 ; system|core|selector|best_index[6]~29|datac                                      ;
;   15.919 ;   0.281 ; FR ; CELL ; 4      ; LCCOMB_X39_Y13_N30 ; system|core|selector|best_index[6]~29|combout                                    ;
;   16.150 ;   0.231 ; RR ; IC   ; 1      ; LCCOMB_X39_Y13_N0  ; system|core|selector|best_index[6]~30|datac                                      ;
;   16.455 ;   0.305 ; RR ; CELL ; 5      ; LCCOMB_X39_Y13_N0  ; system|core|selector|best_index[6]~30|combout                                    ;
;   17.249 ;   0.794 ; RR ; IC   ; 2      ; LCCOMB_X38_Y17_N2  ; system|core|gate|Add3~2|dataa                                                    ;
;   17.755 ;   0.506 ; RF ; CELL ; 1      ; LCCOMB_X38_Y17_N2  ; system|core|gate|Add3~2|cout                                                     ;
;   17.755 ;   0.000 ; FF ; IC   ; 2      ; LCCOMB_X38_Y17_N4  ; system|core|gate|Add3~4|cin                                                      ;
;   17.814 ;   0.059 ; FR ; CELL ; 1      ; LCCOMB_X38_Y17_N4  ; system|core|gate|Add3~4|cout                                                     ;
;   17.814 ;   0.000 ; RR ; IC   ; 2      ; LCCOMB_X38_Y17_N6  ; system|core|gate|Add3~6|cin                                                      ;
;   18.451 ;   0.637 ; RR ; CELL ; 2      ; LCCOMB_X38_Y17_N6  ; system|core|gate|Add3~6|combout                                                  ;
;   18.841 ;   0.390 ; RR ; IC   ; 1      ; LCCOMB_X39_Y17_N22 ; system|core|gate|LessThan3~1|datac                                               ;
;   19.146 ;   0.305 ; RR ; CELL ; 2      ; LCCOMB_X39_Y17_N22 ; system|core|gate|LessThan3~1|combout                                             ;
;   19.356 ;   0.210 ; RR ; IC   ; 1      ; LCCOMB_X39_Y17_N18 ; system|core|gate|LessThan3~3|datac                                               ;
;   19.636 ;   0.280 ; RF ; CELL ; 1      ; LCCOMB_X39_Y17_N18 ; system|core|gate|LessThan3~3|combout                                             ;
;   19.870 ;   0.234 ; FF ; IC   ; 1      ; LCCOMB_X39_Y17_N24 ; system|core|gate|always0~9|datad                                                 ;
;   20.031 ;   0.161 ; FR ; CELL ; 1      ; LCCOMB_X39_Y17_N24 ; system|core|gate|always0~9|combout                                               ;
;   20.681 ;   0.650 ; RR ; IC   ; 1      ; LCCOMB_X36_Y17_N28 ; system|core|gate|always0~14|dataa                                                ;
;   21.069 ;   0.388 ; RR ; CELL ; 24     ; LCCOMB_X36_Y17_N28 ; system|core|gate|always0~14|combout                                              ;
;   21.601 ;   0.532 ; RR ; IC   ; 1      ; LCCOMB_X37_Y17_N4  ; system|core|previous_v[0]~0|datad                                                ;
;   21.767 ;   0.166 ; RR ; CELL ; 11     ; LCCOMB_X37_Y17_N4  ; system|core|previous_v[0]~0|combout                                              ;
;   22.198 ;   0.431 ; RR ; IC   ; 1      ; FF_X36_Y17_N7      ; system|core|previous_v[2]|ena                                                    ;
;   22.822 ;   0.624 ; RR ; CELL ; 1      ; FF_X36_Y17_N7      ; igor_uart_top:system|igor_top:core|previous_v[2]                                 ;
+----------+---------+----+------+--------+--------------------+----------------------------------------------------------------------------------+

+----------------------------------------------------------------------------------------------------------------+
; Data Required Path                                                                                             ;
+----------+---------+----+------+--------+-------------------+--------------------------------------------------+
; Total    ; Incr    ; RF ; Type ; Fanout ; Location          ; Element                                          ;
+----------+---------+----+------+--------+-------------------+--------------------------------------------------+
; 20.000   ; 20.000  ;    ;      ;        ;                   ; latch edge time                                  ;
; 24.010   ; 4.010   ;    ;      ;        ;                   ; clock path                                       ;
;   20.000 ;   0.000 ;    ;      ;        ;                   ; source latency                                   ;
;   20.000 ;   0.000 ;    ;      ; 1      ; PIN_P11           ; MAX10_CLK1_50                                    ;
;   20.000 ;   0.000 ; RR ; IC   ; 1      ; IOIBUF_X34_Y0_N29 ; MAX10_CLK1_50~input|i                            ;
;   20.793 ;   0.793 ; RR ; CELL ; 1      ; IOIBUF_X34_Y0_N29 ; MAX10_CLK1_50~input|o                            ;
;   21.651 ;   0.858 ; RR ; IC   ; 1      ; CLKCTRL_G19       ; MAX10_CLK1_50~inputclkctrl|inclk[0]              ;
;   21.651 ;   0.000 ; RR ; CELL ; 1680   ; CLKCTRL_G19       ; MAX10_CLK1_50~inputclkctrl|outclk                ;
;   23.477 ;   1.826 ; RR ; IC   ; 1      ; FF_X36_Y17_N7     ; system|core|previous_v[2]|clk                    ;
;   23.952 ;   0.475 ; RR ; CELL ; 1      ; FF_X36_Y17_N7     ; igor_uart_top:system|igor_top:core|previous_v[2] ;
;   24.010 ;   0.058 ;    ;      ;        ;                   ; clock pessimism removed                          ;
; 23.990   ; -0.020  ;    ;      ;        ;                   ; clock uncertainty                                ;
; 24.003   ; 0.013   ;    ; uTsu ; 1      ; FF_X36_Y17_N7     ; igor_uart_top:system|igor_top:core|previous_v[2] ;
+----------+---------+----+------+--------+-------------------+--------------------------------------------------+


Path #6: Setup slack is 1.181 
===============================================================================
+-------------------------------------------------------------------------------------------------------+
; Path Summary                                                                                          ;
+--------------------+----------------------------------------------------------------------------------+
; Property           ; Value                                                                            ;
+--------------------+----------------------------------------------------------------------------------+
; From Node          ; igor_uart_top:system|igor_top:core|igor_rollout_tile:tiles[0].tile|best_score[5] ;
; To Node            ; igor_uart_top:system|igor_top:core|previous_v[1]                                 ;
; Launch Clock       ; MAX10_CLK1_50                                                                    ;
; Latch Clock        ; MAX10_CLK1_50                                                                    ;
; Data Arrival Time  ; 22.822                                                                           ;
; Data Required Time ; 24.003                                                                           ;
; Slack              ; 1.181                                                                            ;
+--------------------+----------------------------------------------------------------------------------+

+------------------------------------------------------------------------------------+
; Statistics                                                                         ;
+------------------------+--------+-------+-------------+------------+-------+-------+
; Property               ; Value  ; Count ; Total Delay ; % of Total ; Min   ; Max   ;
+------------------------+--------+-------+-------------+------------+-------+-------+
; Setup Relationship     ; 20.000 ;       ;             ;            ;       ;       ;
; Clock Skew             ; 0.338  ;       ;             ;            ;       ;       ;
; Data Delay             ; 19.150 ;       ;             ;            ;       ;       ;
; Number of Logic Levels ;        ; 15    ;             ;            ;       ;       ;
; Physical Delays        ;        ;       ;             ;            ;       ;       ;
;  Arrival Path          ;        ;       ;             ;            ;       ;       ;
;   Clock                ;        ;       ;             ;            ;       ;       ;
;    IC                  ;        ; 3     ; 2.369       ; 65         ; 0.000 ; 1.475 ;
;    Cell                ;        ; 3     ; 1.303       ; 35         ; 0.000 ; 0.793 ;
;   Data                 ;        ;       ;             ;            ;       ;       ;
;    IC                  ;        ; 70    ; 8.755       ; 46         ; 0.000 ; 1.323 ;
;    Cell                ;        ; 71    ; 10.188      ; 53         ; 0.000 ; 0.637 ;
;    uTco                ;        ; 1     ; 0.207       ; 1          ; 0.207 ; 0.207 ;
;  Required Path         ;        ;       ;             ;            ;       ;       ;
;   Clock                ;        ;       ;             ;            ;       ;       ;
;    IC                  ;        ; 3     ; 2.684       ; 68         ; 0.000 ; 1.826 ;
;    Cell                ;        ; 3     ; 1.268       ; 32         ; 0.000 ; 0.793 ;
+------------------------+--------+-------+-------------+------------+-------+-------+
Note: Negative delays are omitted from totals when calculating percentages

+-------------------------------------------------------------------------------------------------------------------------------------------------+
; Data Arrival Path                                                                                                                               ;
+----------+---------+----+------+--------+--------------------+----------------------------------------------------------------------------------+
; Total    ; Incr    ; RF ; Type ; Fanout ; Location           ; Element                                                                          ;
+----------+---------+----+------+--------+--------------------+----------------------------------------------------------------------------------+
; 0.000    ; 0.000   ;    ;      ;        ;                    ; launch edge time                                                                 ;
; 3.672    ; 3.672   ;    ;      ;        ;                    ; clock path                                                                       ;
;   0.000  ;   0.000 ;    ;      ;        ;                    ; source latency                                                                   ;
;   0.000  ;   0.000 ;    ;      ; 1      ; PIN_P11            ; MAX10_CLK1_50                                                                    ;
;   0.000  ;   0.000 ; RR ; IC   ; 1      ; IOIBUF_X34_Y0_N29  ; MAX10_CLK1_50~input|i                                                            ;
;   0.793  ;   0.793 ; RR ; CELL ; 1      ; IOIBUF_X34_Y0_N29  ; MAX10_CLK1_50~input|o                                                            ;
;   1.687  ;   0.894 ; RR ; IC   ; 1      ; CLKCTRL_G19        ; MAX10_CLK1_50~inputclkctrl|inclk[0]                                              ;
;   1.687  ;   0.000 ; RR ; CELL ; 1680   ; CLKCTRL_G19        ; MAX10_CLK1_50~inputclkctrl|outclk                                                ;
;   3.162  ;   1.475 ; RR ; IC   ; 1      ; FF_X37_Y11_N17     ; system|core|tiles[0].tile|best_score[5]|clk                                      ;
;   3.672  ;   0.510 ; RR ; CELL ; 1      ; FF_X37_Y11_N17     ; igor_uart_top:system|igor_top:core|igor_rollout_tile:tiles[0].tile|best_score[5] ;
; 22.822   ; 19.150  ;    ;      ;        ;                    ; data path                                                                        ;
;   3.879  ;   0.207 ;    ; uTco ; 1      ; FF_X37_Y11_N17     ; igor_uart_top:system|igor_top:core|igor_rollout_tile:tiles[0].tile|best_score[5] ;
;   3.879  ;   0.000 ; RR ; CELL ; 5      ; FF_X37_Y11_N17     ; system|core|tiles[0].tile|best_score[5]|q                                        ;
;   5.202  ;   1.323 ; RR ; IC   ; 1      ; LCCOMB_X38_Y10_N10 ; system|core|selector|LessThan0~11|datab                                          ;
;   5.726  ;   0.524 ; RF ; CELL ; 1      ; LCCOMB_X38_Y10_N10 ; system|core|selector|LessThan0~11|cout                                           ;
;   5.726  ;   0.000 ; FF ; IC   ; 1      ; LCCOMB_X38_Y10_N12 ; system|core|selector|LessThan0~13|cin                                            ;
;   5.785  ;   0.059 ; FR ; CELL ; 1      ; LCCOMB_X38_Y10_N12 ; system|core|selector|LessThan0~13|cout                                           ;
;   5.785  ;   0.000 ; RR ; IC   ; 1      ; LCCOMB_X38_Y10_N14 ; system|core|selector|LessThan0~15|cin                                            ;
;   5.844  ;   0.059 ; RF ; CELL ; 1      ; LCCOMB_X38_Y10_N14 ; system|core|selector|LessThan0~15|cout                                           ;
;   5.844  ;   0.000 ; FF ; IC   ; 1      ; LCCOMB_X38_Y10_N16 ; system|core|selector|LessThan0~17|cin                                            ;
;   5.903  ;   0.059 ; FR ; CELL ; 1      ; LCCOMB_X38_Y10_N16 ; system|core|selector|LessThan0~17|cout                                           ;
;   5.903  ;   0.000 ; RR ; IC   ; 1      ; LCCOMB_X38_Y10_N18 ; system|core|selector|LessThan0~19|cin                                            ;
;   5.962  ;   0.059 ; RF ; CELL ; 1      ; LCCOMB_X38_Y10_N18 ; system|core|selector|LessThan0~19|cout                                           ;
;   5.962  ;   0.000 ; FF ; IC   ; 1      ; LCCOMB_X38_Y10_N20 ; system|core|selector|LessThan0~21|cin                                            ;
;   6.021  ;   0.059 ; FR ; CELL ; 1      ; LCCOMB_X38_Y10_N20 ; system|core|selector|LessThan0~21|cout                                           ;
;   6.021  ;   0.000 ; RR ; IC   ; 1      ; LCCOMB_X38_Y10_N22 ; system|core|selector|LessThan0~23|cin                                            ;
;   6.080  ;   0.059 ; RF ; CELL ; 1      ; LCCOMB_X38_Y10_N22 ; system|core|selector|LessThan0~23|cout                                           ;
;   6.080  ;   0.000 ; FF ; IC   ; 1      ; LCCOMB_X38_Y10_N24 ; system|core|selector|LessThan0~25|cin                                            ;
;   6.139  ;   0.059 ; FR ; CELL ; 1      ; LCCOMB_X38_Y10_N24 ; system|core|selector|LessThan0~25|cout                                           ;
;   6.139  ;   0.000 ; RR ; IC   ; 1      ; LCCOMB_X38_Y10_N26 ; system|core|selector|LessThan0~27|cin                                            ;
;   6.198  ;   0.059 ; RF ; CELL ; 1      ; LCCOMB_X38_Y10_N26 ; system|core|selector|LessThan0~27|cout                                           ;
;   6.198  ;   0.000 ; FF ; IC   ; 1      ; LCCOMB_X38_Y10_N28 ; system|core|selector|LessThan0~29|cin                                            ;
;   6.257  ;   0.059 ; FR ; CELL ; 1      ; LCCOMB_X38_Y10_N28 ; system|core|selector|LessThan0~29|cout                                           ;
;   6.257  ;   0.000 ; RR ; IC   ; 1      ; LCCOMB_X38_Y10_N30 ; system|core|selector|LessThan0~31|cin                                            ;
;   6.316  ;   0.059 ; RF ; CELL ; 1      ; LCCOMB_X38_Y10_N30 ; system|core|selector|LessThan0~31|cout                                           ;
;   6.316  ;   0.000 ; FF ; IC   ; 1      ; LCCOMB_X38_Y9_N0   ; system|core|selector|LessThan0~33|cin                                            ;
;   6.375  ;   0.059 ; FR ; CELL ; 1      ; LCCOMB_X38_Y9_N0   ; system|core|selector|LessThan0~33|cout                                           ;
;   6.375  ;   0.000 ; RR ; IC   ; 1      ; LCCOMB_X38_Y9_N2   ; system|core|selector|LessThan0~35|cin                                            ;
;   6.434  ;   0.059 ; RF ; CELL ; 1      ; LCCOMB_X38_Y9_N2   ; system|core|selector|LessThan0~35|cout                                           ;
;   6.434  ;   0.000 ; FF ; IC   ; 1      ; LCCOMB_X38_Y9_N4   ; system|core|selector|LessThan0~37|cin                                            ;
;   6.493  ;   0.059 ; FR ; CELL ; 1      ; LCCOMB_X38_Y9_N4   ; system|core|selector|LessThan0~37|cout                                           ;
;   6.493  ;   0.000 ; RR ; IC   ; 1      ; LCCOMB_X38_Y9_N6   ; system|core|selector|LessThan0~39|cin                                            ;
;   6.552  ;   0.059 ; RF ; CELL ; 1      ; LCCOMB_X38_Y9_N6   ; system|core|selector|LessThan0~39|cout                                           ;
;   6.552  ;   0.000 ; FF ; IC   ; 1      ; LCCOMB_X38_Y9_N8   ; system|core|selector|LessThan0~41|cin                                            ;
;   6.611  ;   0.059 ; FR ; CELL ; 1      ; LCCOMB_X38_Y9_N8   ; system|core|selector|LessThan0~41|cout                                           ;
;   6.611  ;   0.000 ; RR ; IC   ; 1      ; LCCOMB_X38_Y9_N10  ; system|core|selector|LessThan0~43|cin                                            ;
;   6.670  ;   0.059 ; RF ; CELL ; 1      ; LCCOMB_X38_Y9_N10  ; system|core|selector|LessThan0~43|cout                                           ;
;   6.670  ;   0.000 ; FF ; IC   ; 1      ; LCCOMB_X38_Y9_N12  ; system|core|selector|LessThan0~45|cin                                            ;
;   6.729  ;   0.059 ; FR ; CELL ; 1      ; LCCOMB_X38_Y9_N12  ; system|core|selector|LessThan0~45|cout                                           ;
;   6.729  ;   0.000 ; RR ; IC   ; 1      ; LCCOMB_X38_Y9_N14  ; system|core|selector|LessThan0~47|cin                                            ;
;   6.788  ;   0.059 ; RF ; CELL ; 1      ; LCCOMB_X38_Y9_N14  ; system|core|selector|LessThan0~47|cout                                           ;
;   6.788  ;   0.000 ; FF ; IC   ; 1      ; LCCOMB_X38_Y9_N16  ; system|core|selector|LessThan0~49|cin                                            ;
;   6.847  ;   0.059 ; FR ; CELL ; 1      ; LCCOMB_X38_Y9_N16  ; system|core|selector|LessThan0~49|cout                                           ;
;   6.847  ;   0.000 ; RR ; IC   ; 1      ; LCCOMB_X38_Y9_N18  ; system|core|selector|LessThan0~51|cin                                            ;
;   6.906  ;   0.059 ; RF ; CELL ; 1      ; LCCOMB_X38_Y9_N18  ; system|core|selector|LessThan0~51|cout                                           ;
;   6.906  ;   0.000 ; FF ; IC   ; 1      ; LCCOMB_X38_Y9_N20  ; system|core|selector|LessThan0~53|cin                                            ;
;   6.965  ;   0.059 ; FR ; CELL ; 1      ; LCCOMB_X38_Y9_N20  ; system|core|selector|LessThan0~53|cout                                           ;
;   6.965  ;   0.000 ; RR ; IC   ; 1      ; LCCOMB_X38_Y9_N22  ; system|core|selector|LessThan0~55|cin                                            ;
;   7.024  ;   0.059 ; RF ; CELL ; 1      ; LCCOMB_X38_Y9_N22  ; system|core|selector|LessThan0~55|cout                                           ;
;   7.024  ;   0.000 ; FF ; IC   ; 1      ; LCCOMB_X38_Y9_N24  ; system|core|selector|LessThan0~57|cin                                            ;
;   7.083  ;   0.059 ; FR ; CELL ; 1      ; LCCOMB_X38_Y9_N24  ; system|core|selector|LessThan0~57|cout                                           ;
;   7.083  ;   0.000 ; RR ; IC   ; 1      ; LCCOMB_X38_Y9_N26  ; system|core|selector|LessThan0~59|cin                                            ;
;   7.142  ;   0.059 ; RF ; CELL ; 1      ; LCCOMB_X38_Y9_N26  ; system|core|selector|LessThan0~59|cout                                           ;
;   7.142  ;   0.000 ; FF ; IC   ; 1      ; LCCOMB_X38_Y9_N28  ; system|core|selector|LessThan0~61|cin                                            ;
;   7.201  ;   0.059 ; FR ; CELL ; 1      ; LCCOMB_X38_Y9_N28  ; system|core|selector|LessThan0~61|cout                                           ;
;   7.201  ;   0.000 ; RR ; IC   ; 1      ; LCCOMB_X38_Y9_N30  ; system|core|selector|LessThan0~62|cin                                            ;
;   7.838  ;   0.637 ; RR ; CELL ; 2      ; LCCOMB_X38_Y9_N30  ; system|core|selector|LessThan0~62|combout                                        ;
;   8.589  ;   0.751 ; RR ; IC   ; 1      ; LCCOMB_X37_Y11_N8  ; system|core|selector|take1~22|datad                                              ;
;   8.755  ;   0.166 ; RR ; CELL ; 42     ; LCCOMB_X37_Y11_N8  ; system|core|selector|take1~22|combout                                            ;
;   9.595  ;   0.840 ; RR ; IC   ; 1      ; LCCOMB_X36_Y14_N4  ; system|core|selector|sa[5]~6|datac                                               ;
;   9.899  ;   0.304 ; RR ; CELL ; 2      ; LCCOMB_X36_Y14_N4  ; system|core|selector|sa[5]~6|combout                                             ;
;   10.611 ;   0.712 ; RR ; IC   ; 1      ; LCCOMB_X37_Y14_N10 ; system|core|selector|LessThan4~11|dataa                                          ;
;   11.117 ;   0.506 ; RF ; CELL ; 1      ; LCCOMB_X37_Y14_N10 ; system|core|selector|LessThan4~11|cout                                           ;
;   11.117 ;   0.000 ; FF ; IC   ; 1      ; LCCOMB_X37_Y14_N12 ; system|core|selector|LessThan4~13|cin                                            ;
;   11.176 ;   0.059 ; FR ; CELL ; 1      ; LCCOMB_X37_Y14_N12 ; system|core|selector|LessThan4~13|cout                                           ;
;   11.176 ;   0.000 ; RR ; IC   ; 1      ; LCCOMB_X37_Y14_N14 ; system|core|selector|LessThan4~15|cin                                            ;
;   11.235 ;   0.059 ; RF ; CELL ; 1      ; LCCOMB_X37_Y14_N14 ; system|core|selector|LessThan4~15|cout                                           ;
;   11.235 ;   0.000 ; FF ; IC   ; 1      ; LCCOMB_X37_Y14_N16 ; system|core|selector|LessThan4~17|cin                                            ;
;   11.294 ;   0.059 ; FR ; CELL ; 1      ; LCCOMB_X37_Y14_N16 ; system|core|selector|LessThan4~17|cout                                           ;
;   11.294 ;   0.000 ; RR ; IC   ; 1      ; LCCOMB_X37_Y14_N18 ; system|core|selector|LessThan4~19|cin                                            ;
;   11.353 ;   0.059 ; RF ; CELL ; 1      ; LCCOMB_X37_Y14_N18 ; system|core|selector|LessThan4~19|cout                                           ;
;   11.353 ;   0.000 ; FF ; IC   ; 1      ; LCCOMB_X37_Y14_N20 ; system|core|selector|LessThan4~21|cin                                            ;
;   11.412 ;   0.059 ; FR ; CELL ; 1      ; LCCOMB_X37_Y14_N20 ; system|core|selector|LessThan4~21|cout                                           ;
;   11.412 ;   0.000 ; RR ; IC   ; 1      ; LCCOMB_X37_Y14_N22 ; system|core|selector|LessThan4~23|cin                                            ;
;   11.471 ;   0.059 ; RF ; CELL ; 1      ; LCCOMB_X37_Y14_N22 ; system|core|selector|LessThan4~23|cout                                           ;
;   11.471 ;   0.000 ; FF ; IC   ; 1      ; LCCOMB_X37_Y14_N24 ; system|core|selector|LessThan4~25|cin                                            ;
;   11.530 ;   0.059 ; FR ; CELL ; 1      ; LCCOMB_X37_Y14_N24 ; system|core|selector|LessThan4~25|cout                                           ;
;   11.530 ;   0.000 ; RR ; IC   ; 1      ; LCCOMB_X37_Y14_N26 ; system|core|selector|LessThan4~27|cin                                            ;
;   11.589 ;   0.059 ; RF ; CELL ; 1      ; LCCOMB_X37_Y14_N26 ; system|core|selector|LessThan4~27|cout                                           ;
;   11.589 ;   0.000 ; FF ; IC   ; 1      ; LCCOMB_X37_Y14_N28 ; system|core|selector|LessThan4~29|cin                                            ;
;   11.648 ;   0.059 ; FR ; CELL ; 1      ; LCCOMB_X37_Y14_N28 ; system|core|selector|LessThan4~29|cout                                           ;
;   11.648 ;   0.000 ; RR ; IC   ; 1      ; LCCOMB_X37_Y14_N30 ; system|core|selector|LessThan4~31|cin                                            ;
;   11.707 ;   0.059 ; RF ; CELL ; 1      ; LCCOMB_X37_Y14_N30 ; system|core|selector|LessThan4~31|cout                                           ;
;   11.707 ;   0.000 ; FF ; IC   ; 1      ; LCCOMB_X37_Y13_N0  ; system|core|selector|LessThan4~33|cin                                            ;
;   11.766 ;   0.059 ; FR ; CELL ; 1      ; LCCOMB_X37_Y13_N0  ; system|core|selector|LessThan4~33|cout                                           ;
;   11.766 ;   0.000 ; RR ; IC   ; 1      ; LCCOMB_X37_Y13_N2  ; system|core|selector|LessThan4~35|cin                                            ;
;   11.825 ;   0.059 ; RF ; CELL ; 1      ; LCCOMB_X37_Y13_N2  ; system|core|selector|LessThan4~35|cout                                           ;
;   11.825 ;   0.000 ; FF ; IC   ; 1      ; LCCOMB_X37_Y13_N4  ; system|core|selector|LessThan4~37|cin                                            ;
;   11.884 ;   0.059 ; FR ; CELL ; 1      ; LCCOMB_X37_Y13_N4  ; system|core|selector|LessThan4~37|cout                                           ;
;   11.884 ;   0.000 ; RR ; IC   ; 1      ; LCCOMB_X37_Y13_N6  ; system|core|selector|LessThan4~39|cin                                            ;
;   11.943 ;   0.059 ; RF ; CELL ; 1      ; LCCOMB_X37_Y13_N6  ; system|core|selector|LessThan4~39|cout                                           ;
;   11.943 ;   0.000 ; FF ; IC   ; 1      ; LCCOMB_X37_Y13_N8  ; system|core|selector|LessThan4~41|cin                                            ;
;   12.002 ;   0.059 ; FR ; CELL ; 1      ; LCCOMB_X37_Y13_N8  ; system|core|selector|LessThan4~41|cout                                           ;
;   12.002 ;   0.000 ; RR ; IC   ; 1      ; LCCOMB_X37_Y13_N10 ; system|core|selector|LessThan4~43|cin                                            ;
;   12.061 ;   0.059 ; RF ; CELL ; 1      ; LCCOMB_X37_Y13_N10 ; system|core|selector|LessThan4~43|cout                                           ;
;   12.061 ;   0.000 ; FF ; IC   ; 1      ; LCCOMB_X37_Y13_N12 ; system|core|selector|LessThan4~45|cin                                            ;
;   12.120 ;   0.059 ; FR ; CELL ; 1      ; LCCOMB_X37_Y13_N12 ; system|core|selector|LessThan4~45|cout                                           ;
;   12.120 ;   0.000 ; RR ; IC   ; 1      ; LCCOMB_X37_Y13_N14 ; system|core|selector|LessThan4~47|cin                                            ;
;   12.179 ;   0.059 ; RF ; CELL ; 1      ; LCCOMB_X37_Y13_N14 ; system|core|selector|LessThan4~47|cout                                           ;
;   12.179 ;   0.000 ; FF ; IC   ; 1      ; LCCOMB_X37_Y13_N16 ; system|core|selector|LessThan4~49|cin                                            ;
;   12.238 ;   0.059 ; FR ; CELL ; 1      ; LCCOMB_X37_Y13_N16 ; system|core|selector|LessThan4~49|cout                                           ;
;   12.238 ;   0.000 ; RR ; IC   ; 1      ; LCCOMB_X37_Y13_N18 ; system|core|selector|LessThan4~51|cin                                            ;
;   12.297 ;   0.059 ; RF ; CELL ; 1      ; LCCOMB_X37_Y13_N18 ; system|core|selector|LessThan4~51|cout                                           ;
;   12.297 ;   0.000 ; FF ; IC   ; 1      ; LCCOMB_X37_Y13_N20 ; system|core|selector|LessThan4~53|cin                                            ;
;   12.356 ;   0.059 ; FR ; CELL ; 1      ; LCCOMB_X37_Y13_N20 ; system|core|selector|LessThan4~53|cout                                           ;
;   12.356 ;   0.000 ; RR ; IC   ; 1      ; LCCOMB_X37_Y13_N22 ; system|core|selector|LessThan4~55|cin                                            ;
;   12.415 ;   0.059 ; RF ; CELL ; 1      ; LCCOMB_X37_Y13_N22 ; system|core|selector|LessThan4~55|cout                                           ;
;   12.415 ;   0.000 ; FF ; IC   ; 1      ; LCCOMB_X37_Y13_N24 ; system|core|selector|LessThan4~57|cin                                            ;
;   12.474 ;   0.059 ; FR ; CELL ; 1      ; LCCOMB_X37_Y13_N24 ; system|core|selector|LessThan4~57|cout                                           ;
;   12.474 ;   0.000 ; RR ; IC   ; 1      ; LCCOMB_X37_Y13_N26 ; system|core|selector|LessThan4~59|cin                                            ;
;   12.533 ;   0.059 ; RF ; CELL ; 1      ; LCCOMB_X37_Y13_N26 ; system|core|selector|LessThan4~59|cout                                           ;
;   12.533 ;   0.000 ; FF ; IC   ; 1      ; LCCOMB_X37_Y13_N28 ; system|core|selector|LessThan4~61|cin                                            ;
;   12.592 ;   0.059 ; FR ; CELL ; 1      ; LCCOMB_X37_Y13_N28 ; system|core|selector|LessThan4~61|cout                                           ;
;   12.592 ;   0.000 ; RR ; IC   ; 1      ; LCCOMB_X37_Y13_N30 ; system|core|selector|LessThan4~62|cin                                            ;
;   13.229 ;   0.637 ; RR ; CELL ; 2      ; LCCOMB_X37_Y13_N30 ; system|core|selector|LessThan4~62|combout                                        ;
;   13.659 ;   0.430 ; RR ; IC   ; 1      ; LCCOMB_X36_Y13_N6  ; system|core|selector|winner[0]~5|datac                                           ;
;   13.963 ;   0.304 ; RR ; CELL ; 3      ; LCCOMB_X36_Y13_N6  ; system|core|selector|winner[0]~5|combout                                         ;
;   14.190 ;   0.227 ; RR ; IC   ; 1      ; LCCOMB_X36_Y13_N10 ; system|core|selector|winner[0]~4|datad                                           ;
;   14.335 ;   0.145 ; RF ; CELL ; 12     ; LCCOMB_X36_Y13_N10 ; system|core|selector|winner[0]~4|combout                                         ;
;   15.088 ;   0.753 ; FF ; IC   ; 1      ; LCCOMB_X39_Y13_N4  ; system|core|selector|best_index[6]~28|datac                                      ;
;   15.391 ;   0.303 ; FF ; CELL ; 1      ; LCCOMB_X39_Y13_N4  ; system|core|selector|best_index[6]~28|combout                                    ;
;   15.638 ;   0.247 ; FF ; IC   ; 1      ; LCCOMB_X39_Y13_N30 ; system|core|selector|best_index[6]~29|datac                                      ;
;   15.919 ;   0.281 ; FR ; CELL ; 4      ; LCCOMB_X39_Y13_N30 ; system|core|selector|best_index[6]~29|combout                                    ;
;   16.150 ;   0.231 ; RR ; IC   ; 1      ; LCCOMB_X39_Y13_N0  ; system|core|selector|best_index[6]~30|datac                                      ;
;   16.455 ;   0.305 ; RR ; CELL ; 5      ; LCCOMB_X39_Y13_N0  ; system|core|selector|best_index[6]~30|combout                                    ;
;   17.249 ;   0.794 ; RR ; IC   ; 2      ; LCCOMB_X38_Y17_N2  ; system|core|gate|Add3~2|dataa                                                    ;
;   17.755 ;   0.506 ; RF ; CELL ; 1      ; LCCOMB_X38_Y17_N2  ; system|core|gate|Add3~2|cout                                                     ;
;   17.755 ;   0.000 ; FF ; IC   ; 2      ; LCCOMB_X38_Y17_N4  ; system|core|gate|Add3~4|cin                                                      ;
;   17.814 ;   0.059 ; FR ; CELL ; 1      ; LCCOMB_X38_Y17_N4  ; system|core|gate|Add3~4|cout                                                     ;
;   17.814 ;   0.000 ; RR ; IC   ; 2      ; LCCOMB_X38_Y17_N6  ; system|core|gate|Add3~6|cin                                                      ;
;   18.451 ;   0.637 ; RR ; CELL ; 2      ; LCCOMB_X38_Y17_N6  ; system|core|gate|Add3~6|combout                                                  ;
;   18.841 ;   0.390 ; RR ; IC   ; 1      ; LCCOMB_X39_Y17_N22 ; system|core|gate|LessThan3~1|datac                                               ;
;   19.146 ;   0.305 ; RR ; CELL ; 2      ; LCCOMB_X39_Y17_N22 ; system|core|gate|LessThan3~1|combout                                             ;
;   19.356 ;   0.210 ; RR ; IC   ; 1      ; LCCOMB_X39_Y17_N18 ; system|core|gate|LessThan3~3|datac                                               ;
;   19.636 ;   0.280 ; RF ; CELL ; 1      ; LCCOMB_X39_Y17_N18 ; system|core|gate|LessThan3~3|combout                                             ;
;   19.870 ;   0.234 ; FF ; IC   ; 1      ; LCCOMB_X39_Y17_N24 ; system|core|gate|always0~9|datad                                                 ;
;   20.031 ;   0.161 ; FR ; CELL ; 1      ; LCCOMB_X39_Y17_N24 ; system|core|gate|always0~9|combout                                               ;
;   20.681 ;   0.650 ; RR ; IC   ; 1      ; LCCOMB_X36_Y17_N28 ; system|core|gate|always0~14|dataa                                                ;
;   21.069 ;   0.388 ; RR ; CELL ; 24     ; LCCOMB_X36_Y17_N28 ; system|core|gate|always0~14|combout                                              ;
;   21.601 ;   0.532 ; RR ; IC   ; 1      ; LCCOMB_X37_Y17_N4  ; system|core|previous_v[0]~0|datad                                                ;
;   21.767 ;   0.166 ; RR ; CELL ; 11     ; LCCOMB_X37_Y17_N4  ; system|core|previous_v[0]~0|combout                                              ;
;   22.198 ;   0.431 ; RR ; IC   ; 1      ; FF_X36_Y17_N5      ; system|core|previous_v[1]|ena                                                    ;
;   22.822 ;   0.624 ; RR ; CELL ; 1      ; FF_X36_Y17_N5      ; igor_uart_top:system|igor_top:core|previous_v[1]                                 ;
+----------+---------+----+------+--------+--------------------+----------------------------------------------------------------------------------+

+----------------------------------------------------------------------------------------------------------------+
; Data Required Path                                                                                             ;
+----------+---------+----+------+--------+-------------------+--------------------------------------------------+
; Total    ; Incr    ; RF ; Type ; Fanout ; Location          ; Element                                          ;
+----------+---------+----+------+--------+-------------------+--------------------------------------------------+
; 20.000   ; 20.000  ;    ;      ;        ;                   ; latch edge time                                  ;
; 24.010   ; 4.010   ;    ;      ;        ;                   ; clock path                                       ;
;   20.000 ;   0.000 ;    ;      ;        ;                   ; source latency                                   ;
;   20.000 ;   0.000 ;    ;      ; 1      ; PIN_P11           ; MAX10_CLK1_50                                    ;
;   20.000 ;   0.000 ; RR ; IC   ; 1      ; IOIBUF_X34_Y0_N29 ; MAX10_CLK1_50~input|i                            ;
;   20.793 ;   0.793 ; RR ; CELL ; 1      ; IOIBUF_X34_Y0_N29 ; MAX10_CLK1_50~input|o                            ;
;   21.651 ;   0.858 ; RR ; IC   ; 1      ; CLKCTRL_G19       ; MAX10_CLK1_50~inputclkctrl|inclk[0]              ;
;   21.651 ;   0.000 ; RR ; CELL ; 1680   ; CLKCTRL_G19       ; MAX10_CLK1_50~inputclkctrl|outclk                ;
;   23.477 ;   1.826 ; RR ; IC   ; 1      ; FF_X36_Y17_N5     ; system|core|previous_v[1]|clk                    ;
;   23.952 ;   0.475 ; RR ; CELL ; 1      ; FF_X36_Y17_N5     ; igor_uart_top:system|igor_top:core|previous_v[1] ;
;   24.010 ;   0.058 ;    ;      ;        ;                   ; clock pessimism removed                          ;
; 23.990   ; -0.020  ;    ;      ;        ;                   ; clock uncertainty                                ;
; 24.003   ; 0.013   ;    ; uTsu ; 1      ; FF_X36_Y17_N5     ; igor_uart_top:system|igor_top:core|previous_v[1] ;
+----------+---------+----+------+--------+-------------------+--------------------------------------------------+


Path #7: Setup slack is 1.185 
===============================================================================
+--------------------------------------------------------------------------------------------------------+
; Path Summary                                                                                           ;
+--------------------+-----------------------------------------------------------------------------------+
; Property           ; Value                                                                             ;
+--------------------+-----------------------------------------------------------------------------------+
; From Node          ; igor_uart_top:system|igor_top:core|igor_rollout_tile:tiles[1].tile|best_score[11] ;
; To Node            ; igor_uart_top:system|igor_top:core|previous_v[2]                                  ;
; Launch Clock       ; MAX10_CLK1_50                                                                     ;
; Latch Clock        ; MAX10_CLK1_50                                                                     ;
; Data Arrival Time  ; 22.818                                                                            ;
; Data Required Time ; 24.003                                                                            ;
; Slack              ; 1.185                                                                             ;
+--------------------+-----------------------------------------------------------------------------------+

+------------------------------------------------------------------------------------+
; Statistics                                                                         ;
+------------------------+--------+-------+-------------+------------+-------+-------+
; Property               ; Value  ; Count ; Total Delay ; % of Total ; Min   ; Max   ;
+------------------------+--------+-------+-------------+------------+-------+-------+
; Setup Relationship     ; 20.000 ;       ;             ;            ;       ;       ;
; Clock Skew             ; 0.345  ;       ;             ;            ;       ;       ;
; Data Delay             ; 19.153 ;       ;             ;            ;       ;       ;
; Number of Logic Levels ;        ; 15    ;             ;            ;       ;       ;
; Physical Delays        ;        ;       ;             ;            ;       ;       ;
;  Arrival Path          ;        ;       ;             ;            ;       ;       ;
;   Clock                ;        ;       ;             ;            ;       ;       ;
;    IC                  ;        ; 3     ; 2.362       ; 64         ; 0.000 ; 1.468 ;
;    Cell                ;        ; 3     ; 1.303       ; 36         ; 0.000 ; 0.793 ;
;   Data                 ;        ;       ;             ;            ;       ;       ;
;    IC                  ;        ; 64    ; 9.303       ; 49         ; 0.000 ; 1.768 ;
;    Cell                ;        ; 65    ; 9.643       ; 50         ; 0.000 ; 0.637 ;
;    uTco                ;        ; 1     ; 0.207       ; 1          ; 0.207 ; 0.207 ;
;  Required Path         ;        ;       ;             ;            ;       ;       ;
;   Clock                ;        ;       ;             ;            ;       ;       ;
;    IC                  ;        ; 3     ; 2.684       ; 68         ; 0.000 ; 1.826 ;
;    Cell                ;        ; 3     ; 1.268       ; 32         ; 0.000 ; 0.793 ;
+------------------------+--------+-------+-------------+------------+-------+-------+
Note: Negative delays are omitted from totals when calculating percentages

+--------------------------------------------------------------------------------------------------------------------------------------------------+
; Data Arrival Path                                                                                                                                ;
+----------+---------+----+------+--------+--------------------+-----------------------------------------------------------------------------------+
; Total    ; Incr    ; RF ; Type ; Fanout ; Location           ; Element                                                                           ;
+----------+---------+----+------+--------+--------------------+-----------------------------------------------------------------------------------+
; 0.000    ; 0.000   ;    ;      ;        ;                    ; launch edge time                                                                  ;
; 3.665    ; 3.665   ;    ;      ;        ;                    ; clock path                                                                        ;
;   0.000  ;   0.000 ;    ;      ;        ;                    ; source latency                                                                    ;
;   0.000  ;   0.000 ;    ;      ; 1      ; PIN_P11            ; MAX10_CLK1_50                                                                     ;
;   0.000  ;   0.000 ; RR ; IC   ; 1      ; IOIBUF_X34_Y0_N29  ; MAX10_CLK1_50~input|i                                                             ;
;   0.793  ;   0.793 ; RR ; CELL ; 1      ; IOIBUF_X34_Y0_N29  ; MAX10_CLK1_50~input|o                                                             ;
;   1.687  ;   0.894 ; RR ; IC   ; 1      ; CLKCTRL_G19        ; MAX10_CLK1_50~inputclkctrl|inclk[0]                                               ;
;   1.687  ;   0.000 ; RR ; CELL ; 1680   ; CLKCTRL_G19        ; MAX10_CLK1_50~inputclkctrl|outclk                                                 ;
;   3.155  ;   1.468 ; RR ; IC   ; 1      ; FF_X39_Y10_N15     ; system|core|tiles[1].tile|best_score[11]|clk                                      ;
;   3.665  ;   0.510 ; RR ; CELL ; 1      ; FF_X39_Y10_N15     ; igor_uart_top:system|igor_top:core|igor_rollout_tile:tiles[1].tile|best_score[11] ;
; 22.818   ; 19.153  ;    ;      ;        ;                    ; data path                                                                         ;
;   3.872  ;   0.207 ;    ; uTco ; 1      ; FF_X39_Y10_N15     ; igor_uart_top:system|igor_top:core|igor_rollout_tile:tiles[1].tile|best_score[11] ;
;   3.872  ;   0.000 ; FF ; CELL ; 5      ; FF_X39_Y10_N15     ; system|core|tiles[1].tile|best_score[11]|q                                        ;
;   5.640  ;   1.768 ; FF ; IC   ; 1      ; LCCOMB_X38_Y10_N22 ; system|core|selector|LessThan0~23|datab                                           ;
;   6.121  ;   0.481 ; FF ; CELL ; 1      ; LCCOMB_X38_Y10_N22 ; system|core|selector|LessThan0~23|cout                                            ;
;   6.121  ;   0.000 ; FF ; IC   ; 1      ; LCCOMB_X38_Y10_N24 ; system|core|selector|LessThan0~25|cin                                             ;
;   6.180  ;   0.059 ; FR ; CELL ; 1      ; LCCOMB_X38_Y10_N24 ; system|core|selector|LessThan0~25|cout                                            ;
;   6.180  ;   0.000 ; RR ; IC   ; 1      ; LCCOMB_X38_Y10_N26 ; system|core|selector|LessThan0~27|cin                                             ;
;   6.239  ;   0.059 ; RF ; CELL ; 1      ; LCCOMB_X38_Y10_N26 ; system|core|selector|LessThan0~27|cout                                            ;
;   6.239  ;   0.000 ; FF ; IC   ; 1      ; LCCOMB_X38_Y10_N28 ; system|core|selector|LessThan0~29|cin                                             ;
;   6.298  ;   0.059 ; FR ; CELL ; 1      ; LCCOMB_X38_Y10_N28 ; system|core|selector|LessThan0~29|cout                                            ;
;   6.298  ;   0.000 ; RR ; IC   ; 1      ; LCCOMB_X38_Y10_N30 ; system|core|selector|LessThan0~31|cin                                             ;
;   6.357  ;   0.059 ; RF ; CELL ; 1      ; LCCOMB_X38_Y10_N30 ; system|core|selector|LessThan0~31|cout                                            ;
;   6.357  ;   0.000 ; FF ; IC   ; 1      ; LCCOMB_X38_Y9_N0   ; system|core|selector|LessThan0~33|cin                                             ;
;   6.416  ;   0.059 ; FR ; CELL ; 1      ; LCCOMB_X38_Y9_N0   ; system|core|selector|LessThan0~33|cout                                            ;
;   6.416  ;   0.000 ; RR ; IC   ; 1      ; LCCOMB_X38_Y9_N2   ; system|core|selector|LessThan0~35|cin                                             ;
;   6.475  ;   0.059 ; RF ; CELL ; 1      ; LCCOMB_X38_Y9_N2   ; system|core|selector|LessThan0~35|cout                                            ;
;   6.475  ;   0.000 ; FF ; IC   ; 1      ; LCCOMB_X38_Y9_N4   ; system|core|selector|LessThan0~37|cin                                             ;
;   6.534  ;   0.059 ; FR ; CELL ; 1      ; LCCOMB_X38_Y9_N4   ; system|core|selector|LessThan0~37|cout                                            ;
;   6.534  ;   0.000 ; RR ; IC   ; 1      ; LCCOMB_X38_Y9_N6   ; system|core|selector|LessThan0~39|cin                                             ;
;   6.593  ;   0.059 ; RF ; CELL ; 1      ; LCCOMB_X38_Y9_N6   ; system|core|selector|LessThan0~39|cout                                            ;
;   6.593  ;   0.000 ; FF ; IC   ; 1      ; LCCOMB_X38_Y9_N8   ; system|core|selector|LessThan0~41|cin                                             ;
;   6.652  ;   0.059 ; FR ; CELL ; 1      ; LCCOMB_X38_Y9_N8   ; system|core|selector|LessThan0~41|cout                                            ;
;   6.652  ;   0.000 ; RR ; IC   ; 1      ; LCCOMB_X38_Y9_N10  ; system|core|selector|LessThan0~43|cin                                             ;
;   6.711  ;   0.059 ; RF ; CELL ; 1      ; LCCOMB_X38_Y9_N10  ; system|core|selector|LessThan0~43|cout                                            ;
;   6.711  ;   0.000 ; FF ; IC   ; 1      ; LCCOMB_X38_Y9_N12  ; system|core|selector|LessThan0~45|cin                                             ;
;   6.770  ;   0.059 ; FR ; CELL ; 1      ; LCCOMB_X38_Y9_N12  ; system|core|selector|LessThan0~45|cout                                            ;
;   6.770  ;   0.000 ; RR ; IC   ; 1      ; LCCOMB_X38_Y9_N14  ; system|core|selector|LessThan0~47|cin                                             ;
;   6.829  ;   0.059 ; RF ; CELL ; 1      ; LCCOMB_X38_Y9_N14  ; system|core|selector|LessThan0~47|cout                                            ;
;   6.829  ;   0.000 ; FF ; IC   ; 1      ; LCCOMB_X38_Y9_N16  ; system|core|selector|LessThan0~49|cin                                             ;
;   6.888  ;   0.059 ; FR ; CELL ; 1      ; LCCOMB_X38_Y9_N16  ; system|core|selector|LessThan0~49|cout                                            ;
;   6.888  ;   0.000 ; RR ; IC   ; 1      ; LCCOMB_X38_Y9_N18  ; system|core|selector|LessThan0~51|cin                                             ;
;   6.947  ;   0.059 ; RF ; CELL ; 1      ; LCCOMB_X38_Y9_N18  ; system|core|selector|LessThan0~51|cout                                            ;
;   6.947  ;   0.000 ; FF ; IC   ; 1      ; LCCOMB_X38_Y9_N20  ; system|core|selector|LessThan0~53|cin                                             ;
;   7.006  ;   0.059 ; FR ; CELL ; 1      ; LCCOMB_X38_Y9_N20  ; system|core|selector|LessThan0~53|cout                                            ;
;   7.006  ;   0.000 ; RR ; IC   ; 1      ; LCCOMB_X38_Y9_N22  ; system|core|selector|LessThan0~55|cin                                             ;
;   7.065  ;   0.059 ; RF ; CELL ; 1      ; LCCOMB_X38_Y9_N22  ; system|core|selector|LessThan0~55|cout                                            ;
;   7.065  ;   0.000 ; FF ; IC   ; 1      ; LCCOMB_X38_Y9_N24  ; system|core|selector|LessThan0~57|cin                                             ;
;   7.124  ;   0.059 ; FR ; CELL ; 1      ; LCCOMB_X38_Y9_N24  ; system|core|selector|LessThan0~57|cout                                            ;
;   7.124  ;   0.000 ; RR ; IC   ; 1      ; LCCOMB_X38_Y9_N26  ; system|core|selector|LessThan0~59|cin                                             ;
;   7.183  ;   0.059 ; RF ; CELL ; 1      ; LCCOMB_X38_Y9_N26  ; system|core|selector|LessThan0~59|cout                                            ;
;   7.183  ;   0.000 ; FF ; IC   ; 1      ; LCCOMB_X38_Y9_N28  ; system|core|selector|LessThan0~61|cin                                             ;
;   7.242  ;   0.059 ; FR ; CELL ; 1      ; LCCOMB_X38_Y9_N28  ; system|core|selector|LessThan0~61|cout                                            ;
;   7.242  ;   0.000 ; RR ; IC   ; 1      ; LCCOMB_X38_Y9_N30  ; system|core|selector|LessThan0~62|cin                                             ;
;   7.879  ;   0.637 ; RR ; CELL ; 2      ; LCCOMB_X38_Y9_N30  ; system|core|selector|LessThan0~62|combout                                         ;
;   8.630  ;   0.751 ; RR ; IC   ; 1      ; LCCOMB_X37_Y11_N8  ; system|core|selector|take1~22|datad                                               ;
;   8.796  ;   0.166 ; RR ; CELL ; 42     ; LCCOMB_X37_Y11_N8  ; system|core|selector|take1~22|combout                                             ;
;   9.636  ;   0.840 ; RR ; IC   ; 1      ; LCCOMB_X36_Y14_N4  ; system|core|selector|sa[5]~6|datac                                                ;
;   9.940  ;   0.304 ; RR ; CELL ; 2      ; LCCOMB_X36_Y14_N4  ; system|core|selector|sa[5]~6|combout                                              ;
;   10.652 ;   0.712 ; RR ; IC   ; 1      ; LCCOMB_X37_Y14_N10 ; system|core|selector|LessThan4~11|dataa                                           ;
;   11.158 ;   0.506 ; RF ; CELL ; 1      ; LCCOMB_X37_Y14_N10 ; system|core|selector|LessThan4~11|cout                                            ;
;   11.158 ;   0.000 ; FF ; IC   ; 1      ; LCCOMB_X37_Y14_N12 ; system|core|selector|LessThan4~13|cin                                             ;
;   11.217 ;   0.059 ; FR ; CELL ; 1      ; LCCOMB_X37_Y14_N12 ; system|core|selector|LessThan4~13|cout                                            ;
;   11.217 ;   0.000 ; RR ; IC   ; 1      ; LCCOMB_X37_Y14_N14 ; system|core|selector|LessThan4~15|cin                                             ;
;   11.276 ;   0.059 ; RF ; CELL ; 1      ; LCCOMB_X37_Y14_N14 ; system|core|selector|LessThan4~15|cout                                            ;
;   11.276 ;   0.000 ; FF ; IC   ; 1      ; LCCOMB_X37_Y14_N16 ; system|core|selector|LessThan4~17|cin                                             ;
;   11.335 ;   0.059 ; FR ; CELL ; 1      ; LCCOMB_X37_Y14_N16 ; system|core|selector|LessThan4~17|cout                                            ;
;   11.335 ;   0.000 ; RR ; IC   ; 1      ; LCCOMB_X37_Y14_N18 ; system|core|selector|LessThan4~19|cin                                             ;
;   11.394 ;   0.059 ; RF ; CELL ; 1      ; LCCOMB_X37_Y14_N18 ; system|core|selector|LessThan4~19|cout                                            ;
;   11.394 ;   0.000 ; FF ; IC   ; 1      ; LCCOMB_X37_Y14_N20 ; system|core|selector|LessThan4~21|cin                                             ;
;   11.453 ;   0.059 ; FR ; CELL ; 1      ; LCCOMB_X37_Y14_N20 ; system|core|selector|LessThan4~21|cout                                            ;
;   11.453 ;   0.000 ; RR ; IC   ; 1      ; LCCOMB_X37_Y14_N22 ; system|core|selector|LessThan4~23|cin                                             ;
;   11.512 ;   0.059 ; RF ; CELL ; 1      ; LCCOMB_X37_Y14_N22 ; system|core|selector|LessThan4~23|cout                                            ;
;   11.512 ;   0.000 ; FF ; IC   ; 1      ; LCCOMB_X37_Y14_N24 ; system|core|selector|LessThan4~25|cin                                             ;
;   11.571 ;   0.059 ; FR ; CELL ; 1      ; LCCOMB_X37_Y14_N24 ; system|core|selector|LessThan4~25|cout                                            ;
;   11.571 ;   0.000 ; RR ; IC   ; 1      ; LCCOMB_X37_Y14_N26 ; system|core|selector|LessThan4~27|cin                                             ;
;   11.630 ;   0.059 ; RF ; CELL ; 1      ; LCCOMB_X37_Y14_N26 ; system|core|selector|LessThan4~27|cout                                            ;
;   11.630 ;   0.000 ; FF ; IC   ; 1      ; LCCOMB_X37_Y14_N28 ; system|core|selector|LessThan4~29|cin                                             ;
;   11.689 ;   0.059 ; FR ; CELL ; 1      ; LCCOMB_X37_Y14_N28 ; system|core|selector|LessThan4~29|cout                                            ;
;   11.689 ;   0.000 ; RR ; IC   ; 1      ; LCCOMB_X37_Y14_N30 ; system|core|selector|LessThan4~31|cin                                             ;
;   11.748 ;   0.059 ; RF ; CELL ; 1      ; LCCOMB_X37_Y14_N30 ; system|core|selector|LessThan4~31|cout                                            ;
;   11.748 ;   0.000 ; FF ; IC   ; 1      ; LCCOMB_X37_Y13_N0  ; system|core|selector|LessThan4~33|cin                                             ;
;   11.807 ;   0.059 ; FR ; CELL ; 1      ; LCCOMB_X37_Y13_N0  ; system|core|selector|LessThan4~33|cout                                            ;
;   11.807 ;   0.000 ; RR ; IC   ; 1      ; LCCOMB_X37_Y13_N2  ; system|core|selector|LessThan4~35|cin                                             ;
;   11.866 ;   0.059 ; RF ; CELL ; 1      ; LCCOMB_X37_Y13_N2  ; system|core|selector|LessThan4~35|cout                                            ;
;   11.866 ;   0.000 ; FF ; IC   ; 1      ; LCCOMB_X37_Y13_N4  ; system|core|selector|LessThan4~37|cin                                             ;
;   11.925 ;   0.059 ; FR ; CELL ; 1      ; LCCOMB_X37_Y13_N4  ; system|core|selector|LessThan4~37|cout                                            ;
;   11.925 ;   0.000 ; RR ; IC   ; 1      ; LCCOMB_X37_Y13_N6  ; system|core|selector|LessThan4~39|cin                                             ;
;   11.984 ;   0.059 ; RF ; CELL ; 1      ; LCCOMB_X37_Y13_N6  ; system|core|selector|LessThan4~39|cout                                            ;
;   11.984 ;   0.000 ; FF ; IC   ; 1      ; LCCOMB_X37_Y13_N8  ; system|core|selector|LessThan4~41|cin                                             ;
;   12.043 ;   0.059 ; FR ; CELL ; 1      ; LCCOMB_X37_Y13_N8  ; system|core|selector|LessThan4~41|cout                                            ;
;   12.043 ;   0.000 ; RR ; IC   ; 1      ; LCCOMB_X37_Y13_N10 ; system|core|selector|LessThan4~43|cin                                             ;
;   12.102 ;   0.059 ; RF ; CELL ; 1      ; LCCOMB_X37_Y13_N10 ; system|core|selector|LessThan4~43|cout                                            ;
;   12.102 ;   0.000 ; FF ; IC   ; 1      ; LCCOMB_X37_Y13_N12 ; system|core|selector|LessThan4~45|cin                                             ;
;   12.161 ;   0.059 ; FR ; CELL ; 1      ; LCCOMB_X37_Y13_N12 ; system|core|selector|LessThan4~45|cout                                            ;
;   12.161 ;   0.000 ; RR ; IC   ; 1      ; LCCOMB_X37_Y13_N14 ; system|core|selector|LessThan4~47|cin                                             ;
;   12.220 ;   0.059 ; RF ; CELL ; 1      ; LCCOMB_X37_Y13_N14 ; system|core|selector|LessThan4~47|cout                                            ;
;   12.220 ;   0.000 ; FF ; IC   ; 1      ; LCCOMB_X37_Y13_N16 ; system|core|selector|LessThan4~49|cin                                             ;
;   12.279 ;   0.059 ; FR ; CELL ; 1      ; LCCOMB_X37_Y13_N16 ; system|core|selector|LessThan4~49|cout                                            ;
;   12.279 ;   0.000 ; RR ; IC   ; 1      ; LCCOMB_X37_Y13_N18 ; system|core|selector|LessThan4~51|cin                                             ;
;   12.338 ;   0.059 ; RF ; CELL ; 1      ; LCCOMB_X37_Y13_N18 ; system|core|selector|LessThan4~51|cout                                            ;
;   12.338 ;   0.000 ; FF ; IC   ; 1      ; LCCOMB_X37_Y13_N20 ; system|core|selector|LessThan4~53|cin                                             ;
;   12.397 ;   0.059 ; FR ; CELL ; 1      ; LCCOMB_X37_Y13_N20 ; system|core|selector|LessThan4~53|cout                                            ;
;   12.397 ;   0.000 ; RR ; IC   ; 1      ; LCCOMB_X37_Y13_N22 ; system|core|selector|LessThan4~55|cin                                             ;
;   12.456 ;   0.059 ; RF ; CELL ; 1      ; LCCOMB_X37_Y13_N22 ; system|core|selector|LessThan4~55|cout                                            ;
;   12.456 ;   0.000 ; FF ; IC   ; 1      ; LCCOMB_X37_Y13_N24 ; system|core|selector|LessThan4~57|cin                                             ;
;   12.515 ;   0.059 ; FR ; CELL ; 1      ; LCCOMB_X37_Y13_N24 ; system|core|selector|LessThan4~57|cout                                            ;
;   12.515 ;   0.000 ; RR ; IC   ; 1      ; LCCOMB_X37_Y13_N26 ; system|core|selector|LessThan4~59|cin                                             ;
;   12.574 ;   0.059 ; RF ; CELL ; 1      ; LCCOMB_X37_Y13_N26 ; system|core|selector|LessThan4~59|cout                                            ;
;   12.574 ;   0.000 ; FF ; IC   ; 1      ; LCCOMB_X37_Y13_N28 ; system|core|selector|LessThan4~61|cin                                             ;
;   12.633 ;   0.059 ; FR ; CELL ; 1      ; LCCOMB_X37_Y13_N28 ; system|core|selector|LessThan4~61|cout                                            ;
;   12.633 ;   0.000 ; RR ; IC   ; 1      ; LCCOMB_X37_Y13_N30 ; system|core|selector|LessThan4~62|cin                                             ;
;   13.270 ;   0.637 ; RR ; CELL ; 2      ; LCCOMB_X37_Y13_N30 ; system|core|selector|LessThan4~62|combout                                         ;
;   13.700 ;   0.430 ; RR ; IC   ; 1      ; LCCOMB_X36_Y13_N6  ; system|core|selector|winner[0]~5|datac                                            ;
;   14.004 ;   0.304 ; RR ; CELL ; 3      ; LCCOMB_X36_Y13_N6  ; system|core|selector|winner[0]~5|combout                                          ;
;   14.231 ;   0.227 ; RR ; IC   ; 1      ; LCCOMB_X36_Y13_N10 ; system|core|selector|winner[0]~4|datad                                            ;
;   14.376 ;   0.145 ; RF ; CELL ; 12     ; LCCOMB_X36_Y13_N10 ; system|core|selector|winner[0]~4|combout                                          ;
;   15.129 ;   0.753 ; FF ; IC   ; 1      ; LCCOMB_X39_Y13_N4  ; system|core|selector|best_index[6]~28|datac                                       ;
;   15.432 ;   0.303 ; FF ; CELL ; 1      ; LCCOMB_X39_Y13_N4  ; system|core|selector|best_index[6]~28|combout                                     ;
;   15.679 ;   0.247 ; FF ; IC   ; 1      ; LCCOMB_X39_Y13_N30 ; system|core|selector|best_index[6]~29|datac                                       ;
;   15.982 ;   0.303 ; FF ; CELL ; 4      ; LCCOMB_X39_Y13_N30 ; system|core|selector|best_index[6]~29|combout                                     ;
;   16.261 ;   0.279 ; FF ; IC   ; 1      ; LCCOMB_X39_Y13_N0  ; system|core|selector|best_index[6]~30|datac                                       ;
;   16.564 ;   0.303 ; FF ; CELL ; 5      ; LCCOMB_X39_Y13_N0  ; system|core|selector|best_index[6]~30|combout                                     ;
;   17.395 ;   0.831 ; FF ; IC   ; 2      ; LCCOMB_X38_Y17_N16 ; system|core|gate|Add4~2|dataa                                                     ;
;   17.872 ;   0.477 ; FF ; CELL ; 1      ; LCCOMB_X38_Y17_N16 ; system|core|gate|Add4~2|cout                                                      ;
;   17.872 ;   0.000 ; FF ; IC   ; 2      ; LCCOMB_X38_Y17_N18 ; system|core|gate|Add4~4|cin                                                       ;
;   17.931 ;   0.059 ; FR ; CELL ; 1      ; LCCOMB_X38_Y17_N18 ; system|core|gate|Add4~4|cout                                                      ;
;   17.931 ;   0.000 ; RR ; IC   ; 2      ; LCCOMB_X38_Y17_N20 ; system|core|gate|Add4~6|cin                                                       ;
;   18.568 ;   0.637 ; RR ; CELL ; 2      ; LCCOMB_X38_Y17_N20 ; system|core|gate|Add4~6|combout                                                   ;
;   18.976 ;   0.408 ; RR ; IC   ; 1      ; LCCOMB_X39_Y17_N22 ; system|core|gate|LessThan3~1|datad                                                ;
;   19.142 ;   0.166 ; RR ; CELL ; 2      ; LCCOMB_X39_Y17_N22 ; system|core|gate|LessThan3~1|combout                                              ;
;   19.352 ;   0.210 ; RR ; IC   ; 1      ; LCCOMB_X39_Y17_N18 ; system|core|gate|LessThan3~3|datac                                                ;
;   19.632 ;   0.280 ; RF ; CELL ; 1      ; LCCOMB_X39_Y17_N18 ; system|core|gate|LessThan3~3|combout                                              ;
;   19.866 ;   0.234 ; FF ; IC   ; 1      ; LCCOMB_X39_Y17_N24 ; system|core|gate|always0~9|datad                                                  ;
;   20.027 ;   0.161 ; FR ; CELL ; 1      ; LCCOMB_X39_Y17_N24 ; system|core|gate|always0~9|combout                                                ;
;   20.677 ;   0.650 ; RR ; IC   ; 1      ; LCCOMB_X36_Y17_N28 ; system|core|gate|always0~14|dataa                                                 ;
;   21.065 ;   0.388 ; RR ; CELL ; 24     ; LCCOMB_X36_Y17_N28 ; system|core|gate|always0~14|combout                                               ;
;   21.597 ;   0.532 ; RR ; IC   ; 1      ; LCCOMB_X37_Y17_N4  ; system|core|previous_v[0]~0|datad                                                 ;
;   21.763 ;   0.166 ; RR ; CELL ; 11     ; LCCOMB_X37_Y17_N4  ; system|core|previous_v[0]~0|combout                                               ;
;   22.194 ;   0.431 ; RR ; IC   ; 1      ; FF_X36_Y17_N7      ; system|core|previous_v[2]|ena                                                     ;
;   22.818 ;   0.624 ; RR ; CELL ; 1      ; FF_X36_Y17_N7      ; igor_uart_top:system|igor_top:core|previous_v[2]                                  ;
+----------+---------+----+------+--------+--------------------+-----------------------------------------------------------------------------------+

+----------------------------------------------------------------------------------------------------------------+
; Data Required Path                                                                                             ;
+----------+---------+----+------+--------+-------------------+--------------------------------------------------+
; Total    ; Incr    ; RF ; Type ; Fanout ; Location          ; Element                                          ;
+----------+---------+----+------+--------+-------------------+--------------------------------------------------+
; 20.000   ; 20.000  ;    ;      ;        ;                   ; latch edge time                                  ;
; 24.010   ; 4.010   ;    ;      ;        ;                   ; clock path                                       ;
;   20.000 ;   0.000 ;    ;      ;        ;                   ; source latency                                   ;
;   20.000 ;   0.000 ;    ;      ; 1      ; PIN_P11           ; MAX10_CLK1_50                                    ;
;   20.000 ;   0.000 ; RR ; IC   ; 1      ; IOIBUF_X34_Y0_N29 ; MAX10_CLK1_50~input|i                            ;
;   20.793 ;   0.793 ; RR ; CELL ; 1      ; IOIBUF_X34_Y0_N29 ; MAX10_CLK1_50~input|o                            ;
;   21.651 ;   0.858 ; RR ; IC   ; 1      ; CLKCTRL_G19       ; MAX10_CLK1_50~inputclkctrl|inclk[0]              ;
;   21.651 ;   0.000 ; RR ; CELL ; 1680   ; CLKCTRL_G19       ; MAX10_CLK1_50~inputclkctrl|outclk                ;
;   23.477 ;   1.826 ; RR ; IC   ; 1      ; FF_X36_Y17_N7     ; system|core|previous_v[2]|clk                    ;
;   23.952 ;   0.475 ; RR ; CELL ; 1      ; FF_X36_Y17_N7     ; igor_uart_top:system|igor_top:core|previous_v[2] ;
;   24.010 ;   0.058 ;    ;      ;        ;                   ; clock pessimism removed                          ;
; 23.990   ; -0.020  ;    ;      ;        ;                   ; clock uncertainty                                ;
; 24.003   ; 0.013   ;    ; uTsu ; 1      ; FF_X36_Y17_N7     ; igor_uart_top:system|igor_top:core|previous_v[2] ;
+----------+---------+----+------+--------+-------------------+--------------------------------------------------+


Path #8: Setup slack is 1.185 
===============================================================================
+--------------------------------------------------------------------------------------------------------+
; Path Summary                                                                                           ;
+--------------------+-----------------------------------------------------------------------------------+
; Property           ; Value                                                                             ;
+--------------------+-----------------------------------------------------------------------------------+
; From Node          ; igor_uart_top:system|igor_top:core|igor_rollout_tile:tiles[1].tile|best_score[11] ;
; To Node            ; igor_uart_top:system|igor_top:core|previous_v[1]                                  ;
; Launch Clock       ; MAX10_CLK1_50                                                                     ;
; Latch Clock        ; MAX10_CLK1_50                                                                     ;
; Data Arrival Time  ; 22.818                                                                            ;
; Data Required Time ; 24.003                                                                            ;
; Slack              ; 1.185                                                                             ;
+--------------------+-----------------------------------------------------------------------------------+

+------------------------------------------------------------------------------------+
; Statistics                                                                         ;
+------------------------+--------+-------+-------------+------------+-------+-------+
; Property               ; Value  ; Count ; Total Delay ; % of Total ; Min   ; Max   ;
+------------------------+--------+-------+-------------+------------+-------+-------+
; Setup Relationship     ; 20.000 ;       ;             ;            ;       ;       ;
; Clock Skew             ; 0.345  ;       ;             ;            ;       ;       ;
; Data Delay             ; 19.153 ;       ;             ;            ;       ;       ;
; Number of Logic Levels ;        ; 15    ;             ;            ;       ;       ;
; Physical Delays        ;        ;       ;             ;            ;       ;       ;
;  Arrival Path          ;        ;       ;             ;            ;       ;       ;
;   Clock                ;        ;       ;             ;            ;       ;       ;
;    IC                  ;        ; 3     ; 2.362       ; 64         ; 0.000 ; 1.468 ;
;    Cell                ;        ; 3     ; 1.303       ; 36         ; 0.000 ; 0.793 ;
;   Data                 ;        ;       ;             ;            ;       ;       ;
;    IC                  ;        ; 64    ; 9.303       ; 49         ; 0.000 ; 1.768 ;
;    Cell                ;        ; 65    ; 9.643       ; 50         ; 0.000 ; 0.637 ;
;    uTco                ;        ; 1     ; 0.207       ; 1          ; 0.207 ; 0.207 ;
;  Required Path         ;        ;       ;             ;            ;       ;       ;
;   Clock                ;        ;       ;             ;            ;       ;       ;
;    IC                  ;        ; 3     ; 2.684       ; 68         ; 0.000 ; 1.826 ;
;    Cell                ;        ; 3     ; 1.268       ; 32         ; 0.000 ; 0.793 ;
+------------------------+--------+-------+-------------+------------+-------+-------+
Note: Negative delays are omitted from totals when calculating percentages

+--------------------------------------------------------------------------------------------------------------------------------------------------+
; Data Arrival Path                                                                                                                                ;
+----------+---------+----+------+--------+--------------------+-----------------------------------------------------------------------------------+
; Total    ; Incr    ; RF ; Type ; Fanout ; Location           ; Element                                                                           ;
+----------+---------+----+------+--------+--------------------+-----------------------------------------------------------------------------------+
; 0.000    ; 0.000   ;    ;      ;        ;                    ; launch edge time                                                                  ;
; 3.665    ; 3.665   ;    ;      ;        ;                    ; clock path                                                                        ;
;   0.000  ;   0.000 ;    ;      ;        ;                    ; source latency                                                                    ;
;   0.000  ;   0.000 ;    ;      ; 1      ; PIN_P11            ; MAX10_CLK1_50                                                                     ;
;   0.000  ;   0.000 ; RR ; IC   ; 1      ; IOIBUF_X34_Y0_N29  ; MAX10_CLK1_50~input|i                                                             ;
;   0.793  ;   0.793 ; RR ; CELL ; 1      ; IOIBUF_X34_Y0_N29  ; MAX10_CLK1_50~input|o                                                             ;
;   1.687  ;   0.894 ; RR ; IC   ; 1      ; CLKCTRL_G19        ; MAX10_CLK1_50~inputclkctrl|inclk[0]                                               ;
;   1.687  ;   0.000 ; RR ; CELL ; 1680   ; CLKCTRL_G19        ; MAX10_CLK1_50~inputclkctrl|outclk                                                 ;
;   3.155  ;   1.468 ; RR ; IC   ; 1      ; FF_X39_Y10_N15     ; system|core|tiles[1].tile|best_score[11]|clk                                      ;
;   3.665  ;   0.510 ; RR ; CELL ; 1      ; FF_X39_Y10_N15     ; igor_uart_top:system|igor_top:core|igor_rollout_tile:tiles[1].tile|best_score[11] ;
; 22.818   ; 19.153  ;    ;      ;        ;                    ; data path                                                                         ;
;   3.872  ;   0.207 ;    ; uTco ; 1      ; FF_X39_Y10_N15     ; igor_uart_top:system|igor_top:core|igor_rollout_tile:tiles[1].tile|best_score[11] ;
;   3.872  ;   0.000 ; FF ; CELL ; 5      ; FF_X39_Y10_N15     ; system|core|tiles[1].tile|best_score[11]|q                                        ;
;   5.640  ;   1.768 ; FF ; IC   ; 1      ; LCCOMB_X38_Y10_N22 ; system|core|selector|LessThan0~23|datab                                           ;
;   6.121  ;   0.481 ; FF ; CELL ; 1      ; LCCOMB_X38_Y10_N22 ; system|core|selector|LessThan0~23|cout                                            ;
;   6.121  ;   0.000 ; FF ; IC   ; 1      ; LCCOMB_X38_Y10_N24 ; system|core|selector|LessThan0~25|cin                                             ;
;   6.180  ;   0.059 ; FR ; CELL ; 1      ; LCCOMB_X38_Y10_N24 ; system|core|selector|LessThan0~25|cout                                            ;
;   6.180  ;   0.000 ; RR ; IC   ; 1      ; LCCOMB_X38_Y10_N26 ; system|core|selector|LessThan0~27|cin                                             ;
;   6.239  ;   0.059 ; RF ; CELL ; 1      ; LCCOMB_X38_Y10_N26 ; system|core|selector|LessThan0~27|cout                                            ;
;   6.239  ;   0.000 ; FF ; IC   ; 1      ; LCCOMB_X38_Y10_N28 ; system|core|selector|LessThan0~29|cin                                             ;
;   6.298  ;   0.059 ; FR ; CELL ; 1      ; LCCOMB_X38_Y10_N28 ; system|core|selector|LessThan0~29|cout                                            ;
;   6.298  ;   0.000 ; RR ; IC   ; 1      ; LCCOMB_X38_Y10_N30 ; system|core|selector|LessThan0~31|cin                                             ;
;   6.357  ;   0.059 ; RF ; CELL ; 1      ; LCCOMB_X38_Y10_N30 ; system|core|selector|LessThan0~31|cout                                            ;
;   6.357  ;   0.000 ; FF ; IC   ; 1      ; LCCOMB_X38_Y9_N0   ; system|core|selector|LessThan0~33|cin                                             ;
;   6.416  ;   0.059 ; FR ; CELL ; 1      ; LCCOMB_X38_Y9_N0   ; system|core|selector|LessThan0~33|cout                                            ;
;   6.416  ;   0.000 ; RR ; IC   ; 1      ; LCCOMB_X38_Y9_N2   ; system|core|selector|LessThan0~35|cin                                             ;
;   6.475  ;   0.059 ; RF ; CELL ; 1      ; LCCOMB_X38_Y9_N2   ; system|core|selector|LessThan0~35|cout                                            ;
;   6.475  ;   0.000 ; FF ; IC   ; 1      ; LCCOMB_X38_Y9_N4   ; system|core|selector|LessThan0~37|cin                                             ;
;   6.534  ;   0.059 ; FR ; CELL ; 1      ; LCCOMB_X38_Y9_N4   ; system|core|selector|LessThan0~37|cout                                            ;
;   6.534  ;   0.000 ; RR ; IC   ; 1      ; LCCOMB_X38_Y9_N6   ; system|core|selector|LessThan0~39|cin                                             ;
;   6.593  ;   0.059 ; RF ; CELL ; 1      ; LCCOMB_X38_Y9_N6   ; system|core|selector|LessThan0~39|cout                                            ;
;   6.593  ;   0.000 ; FF ; IC   ; 1      ; LCCOMB_X38_Y9_N8   ; system|core|selector|LessThan0~41|cin                                             ;
;   6.652  ;   0.059 ; FR ; CELL ; 1      ; LCCOMB_X38_Y9_N8   ; system|core|selector|LessThan0~41|cout                                            ;
;   6.652  ;   0.000 ; RR ; IC   ; 1      ; LCCOMB_X38_Y9_N10  ; system|core|selector|LessThan0~43|cin                                             ;
;   6.711  ;   0.059 ; RF ; CELL ; 1      ; LCCOMB_X38_Y9_N10  ; system|core|selector|LessThan0~43|cout                                            ;
;   6.711  ;   0.000 ; FF ; IC   ; 1      ; LCCOMB_X38_Y9_N12  ; system|core|selector|LessThan0~45|cin                                             ;
;   6.770  ;   0.059 ; FR ; CELL ; 1      ; LCCOMB_X38_Y9_N12  ; system|core|selector|LessThan0~45|cout                                            ;
;   6.770  ;   0.000 ; RR ; IC   ; 1      ; LCCOMB_X38_Y9_N14  ; system|core|selector|LessThan0~47|cin                                             ;
;   6.829  ;   0.059 ; RF ; CELL ; 1      ; LCCOMB_X38_Y9_N14  ; system|core|selector|LessThan0~47|cout                                            ;
;   6.829  ;   0.000 ; FF ; IC   ; 1      ; LCCOMB_X38_Y9_N16  ; system|core|selector|LessThan0~49|cin                                             ;
;   6.888  ;   0.059 ; FR ; CELL ; 1      ; LCCOMB_X38_Y9_N16  ; system|core|selector|LessThan0~49|cout                                            ;
;   6.888  ;   0.000 ; RR ; IC   ; 1      ; LCCOMB_X38_Y9_N18  ; system|core|selector|LessThan0~51|cin                                             ;
;   6.947  ;   0.059 ; RF ; CELL ; 1      ; LCCOMB_X38_Y9_N18  ; system|core|selector|LessThan0~51|cout                                            ;
;   6.947  ;   0.000 ; FF ; IC   ; 1      ; LCCOMB_X38_Y9_N20  ; system|core|selector|LessThan0~53|cin                                             ;
;   7.006  ;   0.059 ; FR ; CELL ; 1      ; LCCOMB_X38_Y9_N20  ; system|core|selector|LessThan0~53|cout                                            ;
;   7.006  ;   0.000 ; RR ; IC   ; 1      ; LCCOMB_X38_Y9_N22  ; system|core|selector|LessThan0~55|cin                                             ;
;   7.065  ;   0.059 ; RF ; CELL ; 1      ; LCCOMB_X38_Y9_N22  ; system|core|selector|LessThan0~55|cout                                            ;
;   7.065  ;   0.000 ; FF ; IC   ; 1      ; LCCOMB_X38_Y9_N24  ; system|core|selector|LessThan0~57|cin                                             ;
;   7.124  ;   0.059 ; FR ; CELL ; 1      ; LCCOMB_X38_Y9_N24  ; system|core|selector|LessThan0~57|cout                                            ;
;   7.124  ;   0.000 ; RR ; IC   ; 1      ; LCCOMB_X38_Y9_N26  ; system|core|selector|LessThan0~59|cin                                             ;
;   7.183  ;   0.059 ; RF ; CELL ; 1      ; LCCOMB_X38_Y9_N26  ; system|core|selector|LessThan0~59|cout                                            ;
;   7.183  ;   0.000 ; FF ; IC   ; 1      ; LCCOMB_X38_Y9_N28  ; system|core|selector|LessThan0~61|cin                                             ;
;   7.242  ;   0.059 ; FR ; CELL ; 1      ; LCCOMB_X38_Y9_N28  ; system|core|selector|LessThan0~61|cout                                            ;
;   7.242  ;   0.000 ; RR ; IC   ; 1      ; LCCOMB_X38_Y9_N30  ; system|core|selector|LessThan0~62|cin                                             ;
;   7.879  ;   0.637 ; RR ; CELL ; 2      ; LCCOMB_X38_Y9_N30  ; system|core|selector|LessThan0~62|combout                                         ;
;   8.630  ;   0.751 ; RR ; IC   ; 1      ; LCCOMB_X37_Y11_N8  ; system|core|selector|take1~22|datad                                               ;
;   8.796  ;   0.166 ; RR ; CELL ; 42     ; LCCOMB_X37_Y11_N8  ; system|core|selector|take1~22|combout                                             ;
;   9.636  ;   0.840 ; RR ; IC   ; 1      ; LCCOMB_X36_Y14_N4  ; system|core|selector|sa[5]~6|datac                                                ;
;   9.940  ;   0.304 ; RR ; CELL ; 2      ; LCCOMB_X36_Y14_N4  ; system|core|selector|sa[5]~6|combout                                              ;
;   10.652 ;   0.712 ; RR ; IC   ; 1      ; LCCOMB_X37_Y14_N10 ; system|core|selector|LessThan4~11|dataa                                           ;
;   11.158 ;   0.506 ; RF ; CELL ; 1      ; LCCOMB_X37_Y14_N10 ; system|core|selector|LessThan4~11|cout                                            ;
;   11.158 ;   0.000 ; FF ; IC   ; 1      ; LCCOMB_X37_Y14_N12 ; system|core|selector|LessThan4~13|cin                                             ;
;   11.217 ;   0.059 ; FR ; CELL ; 1      ; LCCOMB_X37_Y14_N12 ; system|core|selector|LessThan4~13|cout                                            ;
;   11.217 ;   0.000 ; RR ; IC   ; 1      ; LCCOMB_X37_Y14_N14 ; system|core|selector|LessThan4~15|cin                                             ;
;   11.276 ;   0.059 ; RF ; CELL ; 1      ; LCCOMB_X37_Y14_N14 ; system|core|selector|LessThan4~15|cout                                            ;
;   11.276 ;   0.000 ; FF ; IC   ; 1      ; LCCOMB_X37_Y14_N16 ; system|core|selector|LessThan4~17|cin                                             ;
;   11.335 ;   0.059 ; FR ; CELL ; 1      ; LCCOMB_X37_Y14_N16 ; system|core|selector|LessThan4~17|cout                                            ;
;   11.335 ;   0.000 ; RR ; IC   ; 1      ; LCCOMB_X37_Y14_N18 ; system|core|selector|LessThan4~19|cin                                             ;
;   11.394 ;   0.059 ; RF ; CELL ; 1      ; LCCOMB_X37_Y14_N18 ; system|core|selector|LessThan4~19|cout                                            ;
;   11.394 ;   0.000 ; FF ; IC   ; 1      ; LCCOMB_X37_Y14_N20 ; system|core|selector|LessThan4~21|cin                                             ;
;   11.453 ;   0.059 ; FR ; CELL ; 1      ; LCCOMB_X37_Y14_N20 ; system|core|selector|LessThan4~21|cout                                            ;
;   11.453 ;   0.000 ; RR ; IC   ; 1      ; LCCOMB_X37_Y14_N22 ; system|core|selector|LessThan4~23|cin                                             ;
;   11.512 ;   0.059 ; RF ; CELL ; 1      ; LCCOMB_X37_Y14_N22 ; system|core|selector|LessThan4~23|cout                                            ;
;   11.512 ;   0.000 ; FF ; IC   ; 1      ; LCCOMB_X37_Y14_N24 ; system|core|selector|LessThan4~25|cin                                             ;
;   11.571 ;   0.059 ; FR ; CELL ; 1      ; LCCOMB_X37_Y14_N24 ; system|core|selector|LessThan4~25|cout                                            ;
;   11.571 ;   0.000 ; RR ; IC   ; 1      ; LCCOMB_X37_Y14_N26 ; system|core|selector|LessThan4~27|cin                                             ;
;   11.630 ;   0.059 ; RF ; CELL ; 1      ; LCCOMB_X37_Y14_N26 ; system|core|selector|LessThan4~27|cout                                            ;
;   11.630 ;   0.000 ; FF ; IC   ; 1      ; LCCOMB_X37_Y14_N28 ; system|core|selector|LessThan4~29|cin                                             ;
;   11.689 ;   0.059 ; FR ; CELL ; 1      ; LCCOMB_X37_Y14_N28 ; system|core|selector|LessThan4~29|cout                                            ;
;   11.689 ;   0.000 ; RR ; IC   ; 1      ; LCCOMB_X37_Y14_N30 ; system|core|selector|LessThan4~31|cin                                             ;
;   11.748 ;   0.059 ; RF ; CELL ; 1      ; LCCOMB_X37_Y14_N30 ; system|core|selector|LessThan4~31|cout                                            ;
;   11.748 ;   0.000 ; FF ; IC   ; 1      ; LCCOMB_X37_Y13_N0  ; system|core|selector|LessThan4~33|cin                                             ;
;   11.807 ;   0.059 ; FR ; CELL ; 1      ; LCCOMB_X37_Y13_N0  ; system|core|selector|LessThan4~33|cout                                            ;
;   11.807 ;   0.000 ; RR ; IC   ; 1      ; LCCOMB_X37_Y13_N2  ; system|core|selector|LessThan4~35|cin                                             ;
;   11.866 ;   0.059 ; RF ; CELL ; 1      ; LCCOMB_X37_Y13_N2  ; system|core|selector|LessThan4~35|cout                                            ;
;   11.866 ;   0.000 ; FF ; IC   ; 1      ; LCCOMB_X37_Y13_N4  ; system|core|selector|LessThan4~37|cin                                             ;
;   11.925 ;   0.059 ; FR ; CELL ; 1      ; LCCOMB_X37_Y13_N4  ; system|core|selector|LessThan4~37|cout                                            ;
;   11.925 ;   0.000 ; RR ; IC   ; 1      ; LCCOMB_X37_Y13_N6  ; system|core|selector|LessThan4~39|cin                                             ;
;   11.984 ;   0.059 ; RF ; CELL ; 1      ; LCCOMB_X37_Y13_N6  ; system|core|selector|LessThan4~39|cout                                            ;
;   11.984 ;   0.000 ; FF ; IC   ; 1      ; LCCOMB_X37_Y13_N8  ; system|core|selector|LessThan4~41|cin                                             ;
;   12.043 ;   0.059 ; FR ; CELL ; 1      ; LCCOMB_X37_Y13_N8  ; system|core|selector|LessThan4~41|cout                                            ;
;   12.043 ;   0.000 ; RR ; IC   ; 1      ; LCCOMB_X37_Y13_N10 ; system|core|selector|LessThan4~43|cin                                             ;
;   12.102 ;   0.059 ; RF ; CELL ; 1      ; LCCOMB_X37_Y13_N10 ; system|core|selector|LessThan4~43|cout                                            ;
;   12.102 ;   0.000 ; FF ; IC   ; 1      ; LCCOMB_X37_Y13_N12 ; system|core|selector|LessThan4~45|cin                                             ;
;   12.161 ;   0.059 ; FR ; CELL ; 1      ; LCCOMB_X37_Y13_N12 ; system|core|selector|LessThan4~45|cout                                            ;
;   12.161 ;   0.000 ; RR ; IC   ; 1      ; LCCOMB_X37_Y13_N14 ; system|core|selector|LessThan4~47|cin                                             ;
;   12.220 ;   0.059 ; RF ; CELL ; 1      ; LCCOMB_X37_Y13_N14 ; system|core|selector|LessThan4~47|cout                                            ;
;   12.220 ;   0.000 ; FF ; IC   ; 1      ; LCCOMB_X37_Y13_N16 ; system|core|selector|LessThan4~49|cin                                             ;
;   12.279 ;   0.059 ; FR ; CELL ; 1      ; LCCOMB_X37_Y13_N16 ; system|core|selector|LessThan4~49|cout                                            ;
;   12.279 ;   0.000 ; RR ; IC   ; 1      ; LCCOMB_X37_Y13_N18 ; system|core|selector|LessThan4~51|cin                                             ;
;   12.338 ;   0.059 ; RF ; CELL ; 1      ; LCCOMB_X37_Y13_N18 ; system|core|selector|LessThan4~51|cout                                            ;
;   12.338 ;   0.000 ; FF ; IC   ; 1      ; LCCOMB_X37_Y13_N20 ; system|core|selector|LessThan4~53|cin                                             ;
;   12.397 ;   0.059 ; FR ; CELL ; 1      ; LCCOMB_X37_Y13_N20 ; system|core|selector|LessThan4~53|cout                                            ;
;   12.397 ;   0.000 ; RR ; IC   ; 1      ; LCCOMB_X37_Y13_N22 ; system|core|selector|LessThan4~55|cin                                             ;
;   12.456 ;   0.059 ; RF ; CELL ; 1      ; LCCOMB_X37_Y13_N22 ; system|core|selector|LessThan4~55|cout                                            ;
;   12.456 ;   0.000 ; FF ; IC   ; 1      ; LCCOMB_X37_Y13_N24 ; system|core|selector|LessThan4~57|cin                                             ;
;   12.515 ;   0.059 ; FR ; CELL ; 1      ; LCCOMB_X37_Y13_N24 ; system|core|selector|LessThan4~57|cout                                            ;
;   12.515 ;   0.000 ; RR ; IC   ; 1      ; LCCOMB_X37_Y13_N26 ; system|core|selector|LessThan4~59|cin                                             ;
;   12.574 ;   0.059 ; RF ; CELL ; 1      ; LCCOMB_X37_Y13_N26 ; system|core|selector|LessThan4~59|cout                                            ;
;   12.574 ;   0.000 ; FF ; IC   ; 1      ; LCCOMB_X37_Y13_N28 ; system|core|selector|LessThan4~61|cin                                             ;
;   12.633 ;   0.059 ; FR ; CELL ; 1      ; LCCOMB_X37_Y13_N28 ; system|core|selector|LessThan4~61|cout                                            ;
;   12.633 ;   0.000 ; RR ; IC   ; 1      ; LCCOMB_X37_Y13_N30 ; system|core|selector|LessThan4~62|cin                                             ;
;   13.270 ;   0.637 ; RR ; CELL ; 2      ; LCCOMB_X37_Y13_N30 ; system|core|selector|LessThan4~62|combout                                         ;
;   13.700 ;   0.430 ; RR ; IC   ; 1      ; LCCOMB_X36_Y13_N6  ; system|core|selector|winner[0]~5|datac                                            ;
;   14.004 ;   0.304 ; RR ; CELL ; 3      ; LCCOMB_X36_Y13_N6  ; system|core|selector|winner[0]~5|combout                                          ;
;   14.231 ;   0.227 ; RR ; IC   ; 1      ; LCCOMB_X36_Y13_N10 ; system|core|selector|winner[0]~4|datad                                            ;
;   14.376 ;   0.145 ; RF ; CELL ; 12     ; LCCOMB_X36_Y13_N10 ; system|core|selector|winner[0]~4|combout                                          ;
;   15.129 ;   0.753 ; FF ; IC   ; 1      ; LCCOMB_X39_Y13_N4  ; system|core|selector|best_index[6]~28|datac                                       ;
;   15.432 ;   0.303 ; FF ; CELL ; 1      ; LCCOMB_X39_Y13_N4  ; system|core|selector|best_index[6]~28|combout                                     ;
;   15.679 ;   0.247 ; FF ; IC   ; 1      ; LCCOMB_X39_Y13_N30 ; system|core|selector|best_index[6]~29|datac                                       ;
;   15.982 ;   0.303 ; FF ; CELL ; 4      ; LCCOMB_X39_Y13_N30 ; system|core|selector|best_index[6]~29|combout                                     ;
;   16.261 ;   0.279 ; FF ; IC   ; 1      ; LCCOMB_X39_Y13_N0  ; system|core|selector|best_index[6]~30|datac                                       ;
;   16.564 ;   0.303 ; FF ; CELL ; 5      ; LCCOMB_X39_Y13_N0  ; system|core|selector|best_index[6]~30|combout                                     ;
;   17.395 ;   0.831 ; FF ; IC   ; 2      ; LCCOMB_X38_Y17_N16 ; system|core|gate|Add4~2|dataa                                                     ;
;   17.872 ;   0.477 ; FF ; CELL ; 1      ; LCCOMB_X38_Y17_N16 ; system|core|gate|Add4~2|cout                                                      ;
;   17.872 ;   0.000 ; FF ; IC   ; 2      ; LCCOMB_X38_Y17_N18 ; system|core|gate|Add4~4|cin                                                       ;
;   17.931 ;   0.059 ; FR ; CELL ; 1      ; LCCOMB_X38_Y17_N18 ; system|core|gate|Add4~4|cout                                                      ;
;   17.931 ;   0.000 ; RR ; IC   ; 2      ; LCCOMB_X38_Y17_N20 ; system|core|gate|Add4~6|cin                                                       ;
;   18.568 ;   0.637 ; RR ; CELL ; 2      ; LCCOMB_X38_Y17_N20 ; system|core|gate|Add4~6|combout                                                   ;
;   18.976 ;   0.408 ; RR ; IC   ; 1      ; LCCOMB_X39_Y17_N22 ; system|core|gate|LessThan3~1|datad                                                ;
;   19.142 ;   0.166 ; RR ; CELL ; 2      ; LCCOMB_X39_Y17_N22 ; system|core|gate|LessThan3~1|combout                                              ;
;   19.352 ;   0.210 ; RR ; IC   ; 1      ; LCCOMB_X39_Y17_N18 ; system|core|gate|LessThan3~3|datac                                                ;
;   19.632 ;   0.280 ; RF ; CELL ; 1      ; LCCOMB_X39_Y17_N18 ; system|core|gate|LessThan3~3|combout                                              ;
;   19.866 ;   0.234 ; FF ; IC   ; 1      ; LCCOMB_X39_Y17_N24 ; system|core|gate|always0~9|datad                                                  ;
;   20.027 ;   0.161 ; FR ; CELL ; 1      ; LCCOMB_X39_Y17_N24 ; system|core|gate|always0~9|combout                                                ;
;   20.677 ;   0.650 ; RR ; IC   ; 1      ; LCCOMB_X36_Y17_N28 ; system|core|gate|always0~14|dataa                                                 ;
;   21.065 ;   0.388 ; RR ; CELL ; 24     ; LCCOMB_X36_Y17_N28 ; system|core|gate|always0~14|combout                                               ;
;   21.597 ;   0.532 ; RR ; IC   ; 1      ; LCCOMB_X37_Y17_N4  ; system|core|previous_v[0]~0|datad                                                 ;
;   21.763 ;   0.166 ; RR ; CELL ; 11     ; LCCOMB_X37_Y17_N4  ; system|core|previous_v[0]~0|combout                                               ;
;   22.194 ;   0.431 ; RR ; IC   ; 1      ; FF_X36_Y17_N5      ; system|core|previous_v[1]|ena                                                     ;
;   22.818 ;   0.624 ; RR ; CELL ; 1      ; FF_X36_Y17_N5      ; igor_uart_top:system|igor_top:core|previous_v[1]                                  ;
+----------+---------+----+------+--------+--------------------+-----------------------------------------------------------------------------------+

+----------------------------------------------------------------------------------------------------------------+
; Data Required Path                                                                                             ;
+----------+---------+----+------+--------+-------------------+--------------------------------------------------+
; Total    ; Incr    ; RF ; Type ; Fanout ; Location          ; Element                                          ;
+----------+---------+----+------+--------+-------------------+--------------------------------------------------+
; 20.000   ; 20.000  ;    ;      ;        ;                   ; latch edge time                                  ;
; 24.010   ; 4.010   ;    ;      ;        ;                   ; clock path                                       ;
;   20.000 ;   0.000 ;    ;      ;        ;                   ; source latency                                   ;
;   20.000 ;   0.000 ;    ;      ; 1      ; PIN_P11           ; MAX10_CLK1_50                                    ;
;   20.000 ;   0.000 ; RR ; IC   ; 1      ; IOIBUF_X34_Y0_N29 ; MAX10_CLK1_50~input|i                            ;
;   20.793 ;   0.793 ; RR ; CELL ; 1      ; IOIBUF_X34_Y0_N29 ; MAX10_CLK1_50~input|o                            ;
;   21.651 ;   0.858 ; RR ; IC   ; 1      ; CLKCTRL_G19       ; MAX10_CLK1_50~inputclkctrl|inclk[0]              ;
;   21.651 ;   0.000 ; RR ; CELL ; 1680   ; CLKCTRL_G19       ; MAX10_CLK1_50~inputclkctrl|outclk                ;
;   23.477 ;   1.826 ; RR ; IC   ; 1      ; FF_X36_Y17_N5     ; system|core|previous_v[1]|clk                    ;
;   23.952 ;   0.475 ; RR ; CELL ; 1      ; FF_X36_Y17_N5     ; igor_uart_top:system|igor_top:core|previous_v[1] ;
;   24.010 ;   0.058 ;    ;      ;        ;                   ; clock pessimism removed                          ;
; 23.990   ; -0.020  ;    ;      ;        ;                   ; clock uncertainty                                ;
; 24.003   ; 0.013   ;    ; uTsu ; 1      ; FF_X36_Y17_N5     ; igor_uart_top:system|igor_top:core|previous_v[1] ;
+----------+---------+----+------+--------+-------------------+--------------------------------------------------+


Path #9: Setup slack is 1.188 
===============================================================================
+--------------------------------------------------------------------------------------------------------+
; Path Summary                                                                                           ;
+--------------------+-----------------------------------------------------------------------------------+
; Property           ; Value                                                                             ;
+--------------------+-----------------------------------------------------------------------------------+
; From Node          ; igor_uart_top:system|igor_top:core|igor_rollout_tile:tiles[1].tile|best_score[11] ;
; To Node            ; igor_uart_top:system|igor_top:core|previous_v[2]                                  ;
; Launch Clock       ; MAX10_CLK1_50                                                                     ;
; Latch Clock        ; MAX10_CLK1_50                                                                     ;
; Data Arrival Time  ; 22.815                                                                            ;
; Data Required Time ; 24.003                                                                            ;
; Slack              ; 1.188                                                                             ;
+--------------------+-----------------------------------------------------------------------------------+

+------------------------------------------------------------------------------------+
; Statistics                                                                         ;
+------------------------+--------+-------+-------------+------------+-------+-------+
; Property               ; Value  ; Count ; Total Delay ; % of Total ; Min   ; Max   ;
+------------------------+--------+-------+-------------+------------+-------+-------+
; Setup Relationship     ; 20.000 ;       ;             ;            ;       ;       ;
; Clock Skew             ; 0.345  ;       ;             ;            ;       ;       ;
; Data Delay             ; 19.150 ;       ;             ;            ;       ;       ;
; Number of Logic Levels ;        ; 15    ;             ;            ;       ;       ;
; Physical Delays        ;        ;       ;             ;            ;       ;       ;
;  Arrival Path          ;        ;       ;             ;            ;       ;       ;
;   Clock                ;        ;       ;             ;            ;       ;       ;
;    IC                  ;        ; 3     ; 2.362       ; 64         ; 0.000 ; 1.468 ;
;    Cell                ;        ; 3     ; 1.303       ; 36         ; 0.000 ; 0.793 ;
;   Data                 ;        ;       ;             ;            ;       ;       ;
;    IC                  ;        ; 63    ; 9.321       ; 49         ; 0.000 ; 1.768 ;
;    Cell                ;        ; 64    ; 9.622       ; 50         ; 0.000 ; 0.637 ;
;    uTco                ;        ; 1     ; 0.207       ; 1          ; 0.207 ; 0.207 ;
;  Required Path         ;        ;       ;             ;            ;       ;       ;
;   Clock                ;        ;       ;             ;            ;       ;       ;
;    IC                  ;        ; 3     ; 2.684       ; 68         ; 0.000 ; 1.826 ;
;    Cell                ;        ; 3     ; 1.268       ; 32         ; 0.000 ; 0.793 ;
+------------------------+--------+-------+-------------+------------+-------+-------+
Note: Negative delays are omitted from totals when calculating percentages

+--------------------------------------------------------------------------------------------------------------------------------------------------+
; Data Arrival Path                                                                                                                                ;
+----------+---------+----+------+--------+--------------------+-----------------------------------------------------------------------------------+
; Total    ; Incr    ; RF ; Type ; Fanout ; Location           ; Element                                                                           ;
+----------+---------+----+------+--------+--------------------+-----------------------------------------------------------------------------------+
; 0.000    ; 0.000   ;    ;      ;        ;                    ; launch edge time                                                                  ;
; 3.665    ; 3.665   ;    ;      ;        ;                    ; clock path                                                                        ;
;   0.000  ;   0.000 ;    ;      ;        ;                    ; source latency                                                                    ;
;   0.000  ;   0.000 ;    ;      ; 1      ; PIN_P11            ; MAX10_CLK1_50                                                                     ;
;   0.000  ;   0.000 ; RR ; IC   ; 1      ; IOIBUF_X34_Y0_N29  ; MAX10_CLK1_50~input|i                                                             ;
;   0.793  ;   0.793 ; RR ; CELL ; 1      ; IOIBUF_X34_Y0_N29  ; MAX10_CLK1_50~input|o                                                             ;
;   1.687  ;   0.894 ; RR ; IC   ; 1      ; CLKCTRL_G19        ; MAX10_CLK1_50~inputclkctrl|inclk[0]                                               ;
;   1.687  ;   0.000 ; RR ; CELL ; 1680   ; CLKCTRL_G19        ; MAX10_CLK1_50~inputclkctrl|outclk                                                 ;
;   3.155  ;   1.468 ; RR ; IC   ; 1      ; FF_X39_Y10_N15     ; system|core|tiles[1].tile|best_score[11]|clk                                      ;
;   3.665  ;   0.510 ; RR ; CELL ; 1      ; FF_X39_Y10_N15     ; igor_uart_top:system|igor_top:core|igor_rollout_tile:tiles[1].tile|best_score[11] ;
; 22.815   ; 19.150  ;    ;      ;        ;                    ; data path                                                                         ;
;   3.872  ;   0.207 ;    ; uTco ; 1      ; FF_X39_Y10_N15     ; igor_uart_top:system|igor_top:core|igor_rollout_tile:tiles[1].tile|best_score[11] ;
;   3.872  ;   0.000 ; FF ; CELL ; 5      ; FF_X39_Y10_N15     ; system|core|tiles[1].tile|best_score[11]|q                                        ;
;   5.640  ;   1.768 ; FF ; IC   ; 1      ; LCCOMB_X38_Y10_N22 ; system|core|selector|LessThan0~23|datab                                           ;
;   6.121  ;   0.481 ; FF ; CELL ; 1      ; LCCOMB_X38_Y10_N22 ; system|core|selector|LessThan0~23|cout                                            ;
;   6.121  ;   0.000 ; FF ; IC   ; 1      ; LCCOMB_X38_Y10_N24 ; system|core|selector|LessThan0~25|cin                                             ;
;   6.180  ;   0.059 ; FR ; CELL ; 1      ; LCCOMB_X38_Y10_N24 ; system|core|selector|LessThan0~25|cout                                            ;
;   6.180  ;   0.000 ; RR ; IC   ; 1      ; LCCOMB_X38_Y10_N26 ; system|core|selector|LessThan0~27|cin                                             ;
;   6.239  ;   0.059 ; RF ; CELL ; 1      ; LCCOMB_X38_Y10_N26 ; system|core|selector|LessThan0~27|cout                                            ;
;   6.239  ;   0.000 ; FF ; IC   ; 1      ; LCCOMB_X38_Y10_N28 ; system|core|selector|LessThan0~29|cin                                             ;
;   6.298  ;   0.059 ; FR ; CELL ; 1      ; LCCOMB_X38_Y10_N28 ; system|core|selector|LessThan0~29|cout                                            ;
;   6.298  ;   0.000 ; RR ; IC   ; 1      ; LCCOMB_X38_Y10_N30 ; system|core|selector|LessThan0~31|cin                                             ;
;   6.357  ;   0.059 ; RF ; CELL ; 1      ; LCCOMB_X38_Y10_N30 ; system|core|selector|LessThan0~31|cout                                            ;
;   6.357  ;   0.000 ; FF ; IC   ; 1      ; LCCOMB_X38_Y9_N0   ; system|core|selector|LessThan0~33|cin                                             ;
;   6.416  ;   0.059 ; FR ; CELL ; 1      ; LCCOMB_X38_Y9_N0   ; system|core|selector|LessThan0~33|cout                                            ;
;   6.416  ;   0.000 ; RR ; IC   ; 1      ; LCCOMB_X38_Y9_N2   ; system|core|selector|LessThan0~35|cin                                             ;
;   6.475  ;   0.059 ; RF ; CELL ; 1      ; LCCOMB_X38_Y9_N2   ; system|core|selector|LessThan0~35|cout                                            ;
;   6.475  ;   0.000 ; FF ; IC   ; 1      ; LCCOMB_X38_Y9_N4   ; system|core|selector|LessThan0~37|cin                                             ;
;   6.534  ;   0.059 ; FR ; CELL ; 1      ; LCCOMB_X38_Y9_N4   ; system|core|selector|LessThan0~37|cout                                            ;
;   6.534  ;   0.000 ; RR ; IC   ; 1      ; LCCOMB_X38_Y9_N6   ; system|core|selector|LessThan0~39|cin                                             ;
;   6.593  ;   0.059 ; RF ; CELL ; 1      ; LCCOMB_X38_Y9_N6   ; system|core|selector|LessThan0~39|cout                                            ;
;   6.593  ;   0.000 ; FF ; IC   ; 1      ; LCCOMB_X38_Y9_N8   ; system|core|selector|LessThan0~41|cin                                             ;
;   6.652  ;   0.059 ; FR ; CELL ; 1      ; LCCOMB_X38_Y9_N8   ; system|core|selector|LessThan0~41|cout                                            ;
;   6.652  ;   0.000 ; RR ; IC   ; 1      ; LCCOMB_X38_Y9_N10  ; system|core|selector|LessThan0~43|cin                                             ;
;   6.711  ;   0.059 ; RF ; CELL ; 1      ; LCCOMB_X38_Y9_N10  ; system|core|selector|LessThan0~43|cout                                            ;
;   6.711  ;   0.000 ; FF ; IC   ; 1      ; LCCOMB_X38_Y9_N12  ; system|core|selector|LessThan0~45|cin                                             ;
;   6.770  ;   0.059 ; FR ; CELL ; 1      ; LCCOMB_X38_Y9_N12  ; system|core|selector|LessThan0~45|cout                                            ;
;   6.770  ;   0.000 ; RR ; IC   ; 1      ; LCCOMB_X38_Y9_N14  ; system|core|selector|LessThan0~47|cin                                             ;
;   6.829  ;   0.059 ; RF ; CELL ; 1      ; LCCOMB_X38_Y9_N14  ; system|core|selector|LessThan0~47|cout                                            ;
;   6.829  ;   0.000 ; FF ; IC   ; 1      ; LCCOMB_X38_Y9_N16  ; system|core|selector|LessThan0~49|cin                                             ;
;   6.888  ;   0.059 ; FR ; CELL ; 1      ; LCCOMB_X38_Y9_N16  ; system|core|selector|LessThan0~49|cout                                            ;
;   6.888  ;   0.000 ; RR ; IC   ; 1      ; LCCOMB_X38_Y9_N18  ; system|core|selector|LessThan0~51|cin                                             ;
;   6.947  ;   0.059 ; RF ; CELL ; 1      ; LCCOMB_X38_Y9_N18  ; system|core|selector|LessThan0~51|cout                                            ;
;   6.947  ;   0.000 ; FF ; IC   ; 1      ; LCCOMB_X38_Y9_N20  ; system|core|selector|LessThan0~53|cin                                             ;
;   7.006  ;   0.059 ; FR ; CELL ; 1      ; LCCOMB_X38_Y9_N20  ; system|core|selector|LessThan0~53|cout                                            ;
;   7.006  ;   0.000 ; RR ; IC   ; 1      ; LCCOMB_X38_Y9_N22  ; system|core|selector|LessThan0~55|cin                                             ;
;   7.065  ;   0.059 ; RF ; CELL ; 1      ; LCCOMB_X38_Y9_N22  ; system|core|selector|LessThan0~55|cout                                            ;
;   7.065  ;   0.000 ; FF ; IC   ; 1      ; LCCOMB_X38_Y9_N24  ; system|core|selector|LessThan0~57|cin                                             ;
;   7.124  ;   0.059 ; FR ; CELL ; 1      ; LCCOMB_X38_Y9_N24  ; system|core|selector|LessThan0~57|cout                                            ;
;   7.124  ;   0.000 ; RR ; IC   ; 1      ; LCCOMB_X38_Y9_N26  ; system|core|selector|LessThan0~59|cin                                             ;
;   7.183  ;   0.059 ; RF ; CELL ; 1      ; LCCOMB_X38_Y9_N26  ; system|core|selector|LessThan0~59|cout                                            ;
;   7.183  ;   0.000 ; FF ; IC   ; 1      ; LCCOMB_X38_Y9_N28  ; system|core|selector|LessThan0~61|cin                                             ;
;   7.242  ;   0.059 ; FR ; CELL ; 1      ; LCCOMB_X38_Y9_N28  ; system|core|selector|LessThan0~61|cout                                            ;
;   7.242  ;   0.000 ; RR ; IC   ; 1      ; LCCOMB_X38_Y9_N30  ; system|core|selector|LessThan0~62|cin                                             ;
;   7.879  ;   0.637 ; RR ; CELL ; 2      ; LCCOMB_X38_Y9_N30  ; system|core|selector|LessThan0~62|combout                                         ;
;   8.630  ;   0.751 ; RR ; IC   ; 1      ; LCCOMB_X37_Y11_N8  ; system|core|selector|take1~22|datad                                               ;
;   8.796  ;   0.166 ; RR ; CELL ; 42     ; LCCOMB_X37_Y11_N8  ; system|core|selector|take1~22|combout                                             ;
;   9.636  ;   0.840 ; RR ; IC   ; 1      ; LCCOMB_X36_Y14_N4  ; system|core|selector|sa[5]~6|datac                                                ;
;   9.940  ;   0.304 ; RR ; CELL ; 2      ; LCCOMB_X36_Y14_N4  ; system|core|selector|sa[5]~6|combout                                              ;
;   10.652 ;   0.712 ; RR ; IC   ; 1      ; LCCOMB_X37_Y14_N10 ; system|core|selector|LessThan4~11|dataa                                           ;
;   11.158 ;   0.506 ; RF ; CELL ; 1      ; LCCOMB_X37_Y14_N10 ; system|core|selector|LessThan4~11|cout                                            ;
;   11.158 ;   0.000 ; FF ; IC   ; 1      ; LCCOMB_X37_Y14_N12 ; system|core|selector|LessThan4~13|cin                                             ;
;   11.217 ;   0.059 ; FR ; CELL ; 1      ; LCCOMB_X37_Y14_N12 ; system|core|selector|LessThan4~13|cout                                            ;
;   11.217 ;   0.000 ; RR ; IC   ; 1      ; LCCOMB_X37_Y14_N14 ; system|core|selector|LessThan4~15|cin                                             ;
;   11.276 ;   0.059 ; RF ; CELL ; 1      ; LCCOMB_X37_Y14_N14 ; system|core|selector|LessThan4~15|cout                                            ;
;   11.276 ;   0.000 ; FF ; IC   ; 1      ; LCCOMB_X37_Y14_N16 ; system|core|selector|LessThan4~17|cin                                             ;
;   11.335 ;   0.059 ; FR ; CELL ; 1      ; LCCOMB_X37_Y14_N16 ; system|core|selector|LessThan4~17|cout                                            ;
;   11.335 ;   0.000 ; RR ; IC   ; 1      ; LCCOMB_X37_Y14_N18 ; system|core|selector|LessThan4~19|cin                                             ;
;   11.394 ;   0.059 ; RF ; CELL ; 1      ; LCCOMB_X37_Y14_N18 ; system|core|selector|LessThan4~19|cout                                            ;
;   11.394 ;   0.000 ; FF ; IC   ; 1      ; LCCOMB_X37_Y14_N20 ; system|core|selector|LessThan4~21|cin                                             ;
;   11.453 ;   0.059 ; FR ; CELL ; 1      ; LCCOMB_X37_Y14_N20 ; system|core|selector|LessThan4~21|cout                                            ;
;   11.453 ;   0.000 ; RR ; IC   ; 1      ; LCCOMB_X37_Y14_N22 ; system|core|selector|LessThan4~23|cin                                             ;
;   11.512 ;   0.059 ; RF ; CELL ; 1      ; LCCOMB_X37_Y14_N22 ; system|core|selector|LessThan4~23|cout                                            ;
;   11.512 ;   0.000 ; FF ; IC   ; 1      ; LCCOMB_X37_Y14_N24 ; system|core|selector|LessThan4~25|cin                                             ;
;   11.571 ;   0.059 ; FR ; CELL ; 1      ; LCCOMB_X37_Y14_N24 ; system|core|selector|LessThan4~25|cout                                            ;
;   11.571 ;   0.000 ; RR ; IC   ; 1      ; LCCOMB_X37_Y14_N26 ; system|core|selector|LessThan4~27|cin                                             ;
;   11.630 ;   0.059 ; RF ; CELL ; 1      ; LCCOMB_X37_Y14_N26 ; system|core|selector|LessThan4~27|cout                                            ;
;   11.630 ;   0.000 ; FF ; IC   ; 1      ; LCCOMB_X37_Y14_N28 ; system|core|selector|LessThan4~29|cin                                             ;
;   11.689 ;   0.059 ; FR ; CELL ; 1      ; LCCOMB_X37_Y14_N28 ; system|core|selector|LessThan4~29|cout                                            ;
;   11.689 ;   0.000 ; RR ; IC   ; 1      ; LCCOMB_X37_Y14_N30 ; system|core|selector|LessThan4~31|cin                                             ;
;   11.748 ;   0.059 ; RF ; CELL ; 1      ; LCCOMB_X37_Y14_N30 ; system|core|selector|LessThan4~31|cout                                            ;
;   11.748 ;   0.000 ; FF ; IC   ; 1      ; LCCOMB_X37_Y13_N0  ; system|core|selector|LessThan4~33|cin                                             ;
;   11.807 ;   0.059 ; FR ; CELL ; 1      ; LCCOMB_X37_Y13_N0  ; system|core|selector|LessThan4~33|cout                                            ;
;   11.807 ;   0.000 ; RR ; IC   ; 1      ; LCCOMB_X37_Y13_N2  ; system|core|selector|LessThan4~35|cin                                             ;
;   11.866 ;   0.059 ; RF ; CELL ; 1      ; LCCOMB_X37_Y13_N2  ; system|core|selector|LessThan4~35|cout                                            ;
;   11.866 ;   0.000 ; FF ; IC   ; 1      ; LCCOMB_X37_Y13_N4  ; system|core|selector|LessThan4~37|cin                                             ;
;   11.925 ;   0.059 ; FR ; CELL ; 1      ; LCCOMB_X37_Y13_N4  ; system|core|selector|LessThan4~37|cout                                            ;
;   11.925 ;   0.000 ; RR ; IC   ; 1      ; LCCOMB_X37_Y13_N6  ; system|core|selector|LessThan4~39|cin                                             ;
;   11.984 ;   0.059 ; RF ; CELL ; 1      ; LCCOMB_X37_Y13_N6  ; system|core|selector|LessThan4~39|cout                                            ;
;   11.984 ;   0.000 ; FF ; IC   ; 1      ; LCCOMB_X37_Y13_N8  ; system|core|selector|LessThan4~41|cin                                             ;
;   12.043 ;   0.059 ; FR ; CELL ; 1      ; LCCOMB_X37_Y13_N8  ; system|core|selector|LessThan4~41|cout                                            ;
;   12.043 ;   0.000 ; RR ; IC   ; 1      ; LCCOMB_X37_Y13_N10 ; system|core|selector|LessThan4~43|cin                                             ;
;   12.102 ;   0.059 ; RF ; CELL ; 1      ; LCCOMB_X37_Y13_N10 ; system|core|selector|LessThan4~43|cout                                            ;
;   12.102 ;   0.000 ; FF ; IC   ; 1      ; LCCOMB_X37_Y13_N12 ; system|core|selector|LessThan4~45|cin                                             ;
;   12.161 ;   0.059 ; FR ; CELL ; 1      ; LCCOMB_X37_Y13_N12 ; system|core|selector|LessThan4~45|cout                                            ;
;   12.161 ;   0.000 ; RR ; IC   ; 1      ; LCCOMB_X37_Y13_N14 ; system|core|selector|LessThan4~47|cin                                             ;
;   12.220 ;   0.059 ; RF ; CELL ; 1      ; LCCOMB_X37_Y13_N14 ; system|core|selector|LessThan4~47|cout                                            ;
;   12.220 ;   0.000 ; FF ; IC   ; 1      ; LCCOMB_X37_Y13_N16 ; system|core|selector|LessThan4~49|cin                                             ;
;   12.279 ;   0.059 ; FR ; CELL ; 1      ; LCCOMB_X37_Y13_N16 ; system|core|selector|LessThan4~49|cout                                            ;
;   12.279 ;   0.000 ; RR ; IC   ; 1      ; LCCOMB_X37_Y13_N18 ; system|core|selector|LessThan4~51|cin                                             ;
;   12.338 ;   0.059 ; RF ; CELL ; 1      ; LCCOMB_X37_Y13_N18 ; system|core|selector|LessThan4~51|cout                                            ;
;   12.338 ;   0.000 ; FF ; IC   ; 1      ; LCCOMB_X37_Y13_N20 ; system|core|selector|LessThan4~53|cin                                             ;
;   12.397 ;   0.059 ; FR ; CELL ; 1      ; LCCOMB_X37_Y13_N20 ; system|core|selector|LessThan4~53|cout                                            ;
;   12.397 ;   0.000 ; RR ; IC   ; 1      ; LCCOMB_X37_Y13_N22 ; system|core|selector|LessThan4~55|cin                                             ;
;   12.456 ;   0.059 ; RF ; CELL ; 1      ; LCCOMB_X37_Y13_N22 ; system|core|selector|LessThan4~55|cout                                            ;
;   12.456 ;   0.000 ; FF ; IC   ; 1      ; LCCOMB_X37_Y13_N24 ; system|core|selector|LessThan4~57|cin                                             ;
;   12.515 ;   0.059 ; FR ; CELL ; 1      ; LCCOMB_X37_Y13_N24 ; system|core|selector|LessThan4~57|cout                                            ;
;   12.515 ;   0.000 ; RR ; IC   ; 1      ; LCCOMB_X37_Y13_N26 ; system|core|selector|LessThan4~59|cin                                             ;
;   12.574 ;   0.059 ; RF ; CELL ; 1      ; LCCOMB_X37_Y13_N26 ; system|core|selector|LessThan4~59|cout                                            ;
;   12.574 ;   0.000 ; FF ; IC   ; 1      ; LCCOMB_X37_Y13_N28 ; system|core|selector|LessThan4~61|cin                                             ;
;   12.633 ;   0.059 ; FR ; CELL ; 1      ; LCCOMB_X37_Y13_N28 ; system|core|selector|LessThan4~61|cout                                            ;
;   12.633 ;   0.000 ; RR ; IC   ; 1      ; LCCOMB_X37_Y13_N30 ; system|core|selector|LessThan4~62|cin                                             ;
;   13.270 ;   0.637 ; RR ; CELL ; 2      ; LCCOMB_X37_Y13_N30 ; system|core|selector|LessThan4~62|combout                                         ;
;   13.700 ;   0.430 ; RR ; IC   ; 1      ; LCCOMB_X36_Y13_N6  ; system|core|selector|winner[0]~5|datac                                            ;
;   14.004 ;   0.304 ; RR ; CELL ; 3      ; LCCOMB_X36_Y13_N6  ; system|core|selector|winner[0]~5|combout                                          ;
;   14.231 ;   0.227 ; RR ; IC   ; 1      ; LCCOMB_X36_Y13_N10 ; system|core|selector|winner[0]~4|datad                                            ;
;   14.376 ;   0.145 ; RF ; CELL ; 12     ; LCCOMB_X36_Y13_N10 ; system|core|selector|winner[0]~4|combout                                          ;
;   15.129 ;   0.753 ; FF ; IC   ; 1      ; LCCOMB_X39_Y13_N4  ; system|core|selector|best_index[6]~28|datac                                       ;
;   15.432 ;   0.303 ; FF ; CELL ; 1      ; LCCOMB_X39_Y13_N4  ; system|core|selector|best_index[6]~28|combout                                     ;
;   15.679 ;   0.247 ; FF ; IC   ; 1      ; LCCOMB_X39_Y13_N30 ; system|core|selector|best_index[6]~29|datac                                       ;
;   15.982 ;   0.303 ; FF ; CELL ; 4      ; LCCOMB_X39_Y13_N30 ; system|core|selector|best_index[6]~29|combout                                     ;
;   16.261 ;   0.279 ; FF ; IC   ; 1      ; LCCOMB_X39_Y13_N0  ; system|core|selector|best_index[6]~30|datac                                       ;
;   16.564 ;   0.303 ; FF ; CELL ; 5      ; LCCOMB_X39_Y13_N0  ; system|core|selector|best_index[6]~30|combout                                     ;
;   17.391 ;   0.827 ; FF ; IC   ; 2      ; LCCOMB_X38_Y17_N2  ; system|core|gate|Add3~2|dataa                                                     ;
;   17.773 ;   0.382 ; FR ; CELL ; 1      ; LCCOMB_X38_Y17_N2  ; system|core|gate|Add3~2|cout                                                      ;
;   17.773 ;   0.000 ; RR ; IC   ; 2      ; LCCOMB_X38_Y17_N4  ; system|core|gate|Add3~4|cin                                                       ;
;   18.378 ;   0.605 ; RF ; CELL ; 2      ; LCCOMB_X38_Y17_N4  ; system|core|gate|Add3~4|combout                                                   ;
;   18.776 ;   0.398 ; FF ; IC   ; 1      ; LCCOMB_X39_Y17_N26 ; system|core|gate|Add3~8|datac                                                     ;
;   19.079 ;   0.303 ; FF ; CELL ; 1      ; LCCOMB_X39_Y17_N26 ; system|core|gate|Add3~8|combout                                                   ;
;   19.326 ;   0.247 ; FF ; IC   ; 1      ; LCCOMB_X39_Y17_N2  ; system|core|gate|always0~10|datac                                                 ;
;   19.629 ;   0.303 ; FF ; CELL ; 1      ; LCCOMB_X39_Y17_N2  ; system|core|gate|always0~10|combout                                               ;
;   19.862 ;   0.233 ; FF ; IC   ; 1      ; LCCOMB_X39_Y17_N8  ; system|core|gate|always0~11|datad                                                 ;
;   20.023 ;   0.161 ; FR ; CELL ; 1      ; LCCOMB_X39_Y17_N8  ; system|core|gate|always0~11|combout                                               ;
;   20.669 ;   0.646 ; RR ; IC   ; 1      ; LCCOMB_X36_Y17_N28 ; system|core|gate|always0~14|datab                                                 ;
;   21.062 ;   0.393 ; RR ; CELL ; 24     ; LCCOMB_X36_Y17_N28 ; system|core|gate|always0~14|combout                                               ;
;   21.594 ;   0.532 ; RR ; IC   ; 1      ; LCCOMB_X37_Y17_N4  ; system|core|previous_v[0]~0|datad                                                 ;
;   21.760 ;   0.166 ; RR ; CELL ; 11     ; LCCOMB_X37_Y17_N4  ; system|core|previous_v[0]~0|combout                                               ;
;   22.191 ;   0.431 ; RR ; IC   ; 1      ; FF_X36_Y17_N7      ; system|core|previous_v[2]|ena                                                     ;
;   22.815 ;   0.624 ; RR ; CELL ; 1      ; FF_X36_Y17_N7      ; igor_uart_top:system|igor_top:core|previous_v[2]                                  ;
+----------+---------+----+------+--------+--------------------+-----------------------------------------------------------------------------------+

+----------------------------------------------------------------------------------------------------------------+
; Data Required Path                                                                                             ;
+----------+---------+----+------+--------+-------------------+--------------------------------------------------+
; Total    ; Incr    ; RF ; Type ; Fanout ; Location          ; Element                                          ;
+----------+---------+----+------+--------+-------------------+--------------------------------------------------+
; 20.000   ; 20.000  ;    ;      ;        ;                   ; latch edge time                                  ;
; 24.010   ; 4.010   ;    ;      ;        ;                   ; clock path                                       ;
;   20.000 ;   0.000 ;    ;      ;        ;                   ; source latency                                   ;
;   20.000 ;   0.000 ;    ;      ; 1      ; PIN_P11           ; MAX10_CLK1_50                                    ;
;   20.000 ;   0.000 ; RR ; IC   ; 1      ; IOIBUF_X34_Y0_N29 ; MAX10_CLK1_50~input|i                            ;
;   20.793 ;   0.793 ; RR ; CELL ; 1      ; IOIBUF_X34_Y0_N29 ; MAX10_CLK1_50~input|o                            ;
;   21.651 ;   0.858 ; RR ; IC   ; 1      ; CLKCTRL_G19       ; MAX10_CLK1_50~inputclkctrl|inclk[0]              ;
;   21.651 ;   0.000 ; RR ; CELL ; 1680   ; CLKCTRL_G19       ; MAX10_CLK1_50~inputclkctrl|outclk                ;
;   23.477 ;   1.826 ; RR ; IC   ; 1      ; FF_X36_Y17_N7     ; system|core|previous_v[2]|clk                    ;
;   23.952 ;   0.475 ; RR ; CELL ; 1      ; FF_X36_Y17_N7     ; igor_uart_top:system|igor_top:core|previous_v[2] ;
;   24.010 ;   0.058 ;    ;      ;        ;                   ; clock pessimism removed                          ;
; 23.990   ; -0.020  ;    ;      ;        ;                   ; clock uncertainty                                ;
; 24.003   ; 0.013   ;    ; uTsu ; 1      ; FF_X36_Y17_N7     ; igor_uart_top:system|igor_top:core|previous_v[2] ;
+----------+---------+----+------+--------+-------------------+--------------------------------------------------+


Path #10: Setup slack is 1.188 
===============================================================================
+--------------------------------------------------------------------------------------------------------+
; Path Summary                                                                                           ;
+--------------------+-----------------------------------------------------------------------------------+
; Property           ; Value                                                                             ;
+--------------------+-----------------------------------------------------------------------------------+
; From Node          ; igor_uart_top:system|igor_top:core|igor_rollout_tile:tiles[1].tile|best_score[11] ;
; To Node            ; igor_uart_top:system|igor_top:core|previous_v[1]                                  ;
; Launch Clock       ; MAX10_CLK1_50                                                                     ;
; Latch Clock        ; MAX10_CLK1_50                                                                     ;
; Data Arrival Time  ; 22.815                                                                            ;
; Data Required Time ; 24.003                                                                            ;
; Slack              ; 1.188                                                                             ;
+--------------------+-----------------------------------------------------------------------------------+

+------------------------------------------------------------------------------------+
; Statistics                                                                         ;
+------------------------+--------+-------+-------------+------------+-------+-------+
; Property               ; Value  ; Count ; Total Delay ; % of Total ; Min   ; Max   ;
+------------------------+--------+-------+-------------+------------+-------+-------+
; Setup Relationship     ; 20.000 ;       ;             ;            ;       ;       ;
; Clock Skew             ; 0.345  ;       ;             ;            ;       ;       ;
; Data Delay             ; 19.150 ;       ;             ;            ;       ;       ;
; Number of Logic Levels ;        ; 15    ;             ;            ;       ;       ;
; Physical Delays        ;        ;       ;             ;            ;       ;       ;
;  Arrival Path          ;        ;       ;             ;            ;       ;       ;
;   Clock                ;        ;       ;             ;            ;       ;       ;
;    IC                  ;        ; 3     ; 2.362       ; 64         ; 0.000 ; 1.468 ;
;    Cell                ;        ; 3     ; 1.303       ; 36         ; 0.000 ; 0.793 ;
;   Data                 ;        ;       ;             ;            ;       ;       ;
;    IC                  ;        ; 63    ; 9.321       ; 49         ; 0.000 ; 1.768 ;
;    Cell                ;        ; 64    ; 9.622       ; 50         ; 0.000 ; 0.637 ;
;    uTco                ;        ; 1     ; 0.207       ; 1          ; 0.207 ; 0.207 ;
;  Required Path         ;        ;       ;             ;            ;       ;       ;
;   Clock                ;        ;       ;             ;            ;       ;       ;
;    IC                  ;        ; 3     ; 2.684       ; 68         ; 0.000 ; 1.826 ;
;    Cell                ;        ; 3     ; 1.268       ; 32         ; 0.000 ; 0.793 ;
+------------------------+--------+-------+-------------+------------+-------+-------+
Note: Negative delays are omitted from totals when calculating percentages

+--------------------------------------------------------------------------------------------------------------------------------------------------+
; Data Arrival Path                                                                                                                                ;
+----------+---------+----+------+--------+--------------------+-----------------------------------------------------------------------------------+
; Total    ; Incr    ; RF ; Type ; Fanout ; Location           ; Element                                                                           ;
+----------+---------+----+------+--------+--------------------+-----------------------------------------------------------------------------------+
; 0.000    ; 0.000   ;    ;      ;        ;                    ; launch edge time                                                                  ;
; 3.665    ; 3.665   ;    ;      ;        ;                    ; clock path                                                                        ;
;   0.000  ;   0.000 ;    ;      ;        ;                    ; source latency                                                                    ;
;   0.000  ;   0.000 ;    ;      ; 1      ; PIN_P11            ; MAX10_CLK1_50                                                                     ;
;   0.000  ;   0.000 ; RR ; IC   ; 1      ; IOIBUF_X34_Y0_N29  ; MAX10_CLK1_50~input|i                                                             ;
;   0.793  ;   0.793 ; RR ; CELL ; 1      ; IOIBUF_X34_Y0_N29  ; MAX10_CLK1_50~input|o                                                             ;
;   1.687  ;   0.894 ; RR ; IC   ; 1      ; CLKCTRL_G19        ; MAX10_CLK1_50~inputclkctrl|inclk[0]                                               ;
;   1.687  ;   0.000 ; RR ; CELL ; 1680   ; CLKCTRL_G19        ; MAX10_CLK1_50~inputclkctrl|outclk                                                 ;
;   3.155  ;   1.468 ; RR ; IC   ; 1      ; FF_X39_Y10_N15     ; system|core|tiles[1].tile|best_score[11]|clk                                      ;
;   3.665  ;   0.510 ; RR ; CELL ; 1      ; FF_X39_Y10_N15     ; igor_uart_top:system|igor_top:core|igor_rollout_tile:tiles[1].tile|best_score[11] ;
; 22.815   ; 19.150  ;    ;      ;        ;                    ; data path                                                                         ;
;   3.872  ;   0.207 ;    ; uTco ; 1      ; FF_X39_Y10_N15     ; igor_uart_top:system|igor_top:core|igor_rollout_tile:tiles[1].tile|best_score[11] ;
;   3.872  ;   0.000 ; FF ; CELL ; 5      ; FF_X39_Y10_N15     ; system|core|tiles[1].tile|best_score[11]|q                                        ;
;   5.640  ;   1.768 ; FF ; IC   ; 1      ; LCCOMB_X38_Y10_N22 ; system|core|selector|LessThan0~23|datab                                           ;
;   6.121  ;   0.481 ; FF ; CELL ; 1      ; LCCOMB_X38_Y10_N22 ; system|core|selector|LessThan0~23|cout                                            ;
;   6.121  ;   0.000 ; FF ; IC   ; 1      ; LCCOMB_X38_Y10_N24 ; system|core|selector|LessThan0~25|cin                                             ;
;   6.180  ;   0.059 ; FR ; CELL ; 1      ; LCCOMB_X38_Y10_N24 ; system|core|selector|LessThan0~25|cout                                            ;
;   6.180  ;   0.000 ; RR ; IC   ; 1      ; LCCOMB_X38_Y10_N26 ; system|core|selector|LessThan0~27|cin                                             ;
;   6.239  ;   0.059 ; RF ; CELL ; 1      ; LCCOMB_X38_Y10_N26 ; system|core|selector|LessThan0~27|cout                                            ;
;   6.239  ;   0.000 ; FF ; IC   ; 1      ; LCCOMB_X38_Y10_N28 ; system|core|selector|LessThan0~29|cin                                             ;
;   6.298  ;   0.059 ; FR ; CELL ; 1      ; LCCOMB_X38_Y10_N28 ; system|core|selector|LessThan0~29|cout                                            ;
;   6.298  ;   0.000 ; RR ; IC   ; 1      ; LCCOMB_X38_Y10_N30 ; system|core|selector|LessThan0~31|cin                                             ;
;   6.357  ;   0.059 ; RF ; CELL ; 1      ; LCCOMB_X38_Y10_N30 ; system|core|selector|LessThan0~31|cout                                            ;
;   6.357  ;   0.000 ; FF ; IC   ; 1      ; LCCOMB_X38_Y9_N0   ; system|core|selector|LessThan0~33|cin                                             ;
;   6.416  ;   0.059 ; FR ; CELL ; 1      ; LCCOMB_X38_Y9_N0   ; system|core|selector|LessThan0~33|cout                                            ;
;   6.416  ;   0.000 ; RR ; IC   ; 1      ; LCCOMB_X38_Y9_N2   ; system|core|selector|LessThan0~35|cin                                             ;
;   6.475  ;   0.059 ; RF ; CELL ; 1      ; LCCOMB_X38_Y9_N2   ; system|core|selector|LessThan0~35|cout                                            ;
;   6.475  ;   0.000 ; FF ; IC   ; 1      ; LCCOMB_X38_Y9_N4   ; system|core|selector|LessThan0~37|cin                                             ;
;   6.534  ;   0.059 ; FR ; CELL ; 1      ; LCCOMB_X38_Y9_N4   ; system|core|selector|LessThan0~37|cout                                            ;
;   6.534  ;   0.000 ; RR ; IC   ; 1      ; LCCOMB_X38_Y9_N6   ; system|core|selector|LessThan0~39|cin                                             ;
;   6.593  ;   0.059 ; RF ; CELL ; 1      ; LCCOMB_X38_Y9_N6   ; system|core|selector|LessThan0~39|cout                                            ;
;   6.593  ;   0.000 ; FF ; IC   ; 1      ; LCCOMB_X38_Y9_N8   ; system|core|selector|LessThan0~41|cin                                             ;
;   6.652  ;   0.059 ; FR ; CELL ; 1      ; LCCOMB_X38_Y9_N8   ; system|core|selector|LessThan0~41|cout                                            ;
;   6.652  ;   0.000 ; RR ; IC   ; 1      ; LCCOMB_X38_Y9_N10  ; system|core|selector|LessThan0~43|cin                                             ;
;   6.711  ;   0.059 ; RF ; CELL ; 1      ; LCCOMB_X38_Y9_N10  ; system|core|selector|LessThan0~43|cout                                            ;
;   6.711  ;   0.000 ; FF ; IC   ; 1      ; LCCOMB_X38_Y9_N12  ; system|core|selector|LessThan0~45|cin                                             ;
;   6.770  ;   0.059 ; FR ; CELL ; 1      ; LCCOMB_X38_Y9_N12  ; system|core|selector|LessThan0~45|cout                                            ;
;   6.770  ;   0.000 ; RR ; IC   ; 1      ; LCCOMB_X38_Y9_N14  ; system|core|selector|LessThan0~47|cin                                             ;
;   6.829  ;   0.059 ; RF ; CELL ; 1      ; LCCOMB_X38_Y9_N14  ; system|core|selector|LessThan0~47|cout                                            ;
;   6.829  ;   0.000 ; FF ; IC   ; 1      ; LCCOMB_X38_Y9_N16  ; system|core|selector|LessThan0~49|cin                                             ;
;   6.888  ;   0.059 ; FR ; CELL ; 1      ; LCCOMB_X38_Y9_N16  ; system|core|selector|LessThan0~49|cout                                            ;
;   6.888  ;   0.000 ; RR ; IC   ; 1      ; LCCOMB_X38_Y9_N18  ; system|core|selector|LessThan0~51|cin                                             ;
;   6.947  ;   0.059 ; RF ; CELL ; 1      ; LCCOMB_X38_Y9_N18  ; system|core|selector|LessThan0~51|cout                                            ;
;   6.947  ;   0.000 ; FF ; IC   ; 1      ; LCCOMB_X38_Y9_N20  ; system|core|selector|LessThan0~53|cin                                             ;
;   7.006  ;   0.059 ; FR ; CELL ; 1      ; LCCOMB_X38_Y9_N20  ; system|core|selector|LessThan0~53|cout                                            ;
;   7.006  ;   0.000 ; RR ; IC   ; 1      ; LCCOMB_X38_Y9_N22  ; system|core|selector|LessThan0~55|cin                                             ;
;   7.065  ;   0.059 ; RF ; CELL ; 1      ; LCCOMB_X38_Y9_N22  ; system|core|selector|LessThan0~55|cout                                            ;
;   7.065  ;   0.000 ; FF ; IC   ; 1      ; LCCOMB_X38_Y9_N24  ; system|core|selector|LessThan0~57|cin                                             ;
;   7.124  ;   0.059 ; FR ; CELL ; 1      ; LCCOMB_X38_Y9_N24  ; system|core|selector|LessThan0~57|cout                                            ;
;   7.124  ;   0.000 ; RR ; IC   ; 1      ; LCCOMB_X38_Y9_N26  ; system|core|selector|LessThan0~59|cin                                             ;
;   7.183  ;   0.059 ; RF ; CELL ; 1      ; LCCOMB_X38_Y9_N26  ; system|core|selector|LessThan0~59|cout                                            ;
;   7.183  ;   0.000 ; FF ; IC   ; 1      ; LCCOMB_X38_Y9_N28  ; system|core|selector|LessThan0~61|cin                                             ;
;   7.242  ;   0.059 ; FR ; CELL ; 1      ; LCCOMB_X38_Y9_N28  ; system|core|selector|LessThan0~61|cout                                            ;
;   7.242  ;   0.000 ; RR ; IC   ; 1      ; LCCOMB_X38_Y9_N30  ; system|core|selector|LessThan0~62|cin                                             ;
;   7.879  ;   0.637 ; RR ; CELL ; 2      ; LCCOMB_X38_Y9_N30  ; system|core|selector|LessThan0~62|combout                                         ;
;   8.630  ;   0.751 ; RR ; IC   ; 1      ; LCCOMB_X37_Y11_N8  ; system|core|selector|take1~22|datad                                               ;
;   8.796  ;   0.166 ; RR ; CELL ; 42     ; LCCOMB_X37_Y11_N8  ; system|core|selector|take1~22|combout                                             ;
;   9.636  ;   0.840 ; RR ; IC   ; 1      ; LCCOMB_X36_Y14_N4  ; system|core|selector|sa[5]~6|datac                                                ;
;   9.940  ;   0.304 ; RR ; CELL ; 2      ; LCCOMB_X36_Y14_N4  ; system|core|selector|sa[5]~6|combout                                              ;
;   10.652 ;   0.712 ; RR ; IC   ; 1      ; LCCOMB_X37_Y14_N10 ; system|core|selector|LessThan4~11|dataa                                           ;
;   11.158 ;   0.506 ; RF ; CELL ; 1      ; LCCOMB_X37_Y14_N10 ; system|core|selector|LessThan4~11|cout                                            ;
;   11.158 ;   0.000 ; FF ; IC   ; 1      ; LCCOMB_X37_Y14_N12 ; system|core|selector|LessThan4~13|cin                                             ;
;   11.217 ;   0.059 ; FR ; CELL ; 1      ; LCCOMB_X37_Y14_N12 ; system|core|selector|LessThan4~13|cout                                            ;
;   11.217 ;   0.000 ; RR ; IC   ; 1      ; LCCOMB_X37_Y14_N14 ; system|core|selector|LessThan4~15|cin                                             ;
;   11.276 ;   0.059 ; RF ; CELL ; 1      ; LCCOMB_X37_Y14_N14 ; system|core|selector|LessThan4~15|cout                                            ;
;   11.276 ;   0.000 ; FF ; IC   ; 1      ; LCCOMB_X37_Y14_N16 ; system|core|selector|LessThan4~17|cin                                             ;
;   11.335 ;   0.059 ; FR ; CELL ; 1      ; LCCOMB_X37_Y14_N16 ; system|core|selector|LessThan4~17|cout                                            ;
;   11.335 ;   0.000 ; RR ; IC   ; 1      ; LCCOMB_X37_Y14_N18 ; system|core|selector|LessThan4~19|cin                                             ;
;   11.394 ;   0.059 ; RF ; CELL ; 1      ; LCCOMB_X37_Y14_N18 ; system|core|selector|LessThan4~19|cout                                            ;
;   11.394 ;   0.000 ; FF ; IC   ; 1      ; LCCOMB_X37_Y14_N20 ; system|core|selector|LessThan4~21|cin                                             ;
;   11.453 ;   0.059 ; FR ; CELL ; 1      ; LCCOMB_X37_Y14_N20 ; system|core|selector|LessThan4~21|cout                                            ;
;   11.453 ;   0.000 ; RR ; IC   ; 1      ; LCCOMB_X37_Y14_N22 ; system|core|selector|LessThan4~23|cin                                             ;
;   11.512 ;   0.059 ; RF ; CELL ; 1      ; LCCOMB_X37_Y14_N22 ; system|core|selector|LessThan4~23|cout                                            ;
;   11.512 ;   0.000 ; FF ; IC   ; 1      ; LCCOMB_X37_Y14_N24 ; system|core|selector|LessThan4~25|cin                                             ;
;   11.571 ;   0.059 ; FR ; CELL ; 1      ; LCCOMB_X37_Y14_N24 ; system|core|selector|LessThan4~25|cout                                            ;
;   11.571 ;   0.000 ; RR ; IC   ; 1      ; LCCOMB_X37_Y14_N26 ; system|core|selector|LessThan4~27|cin                                             ;
;   11.630 ;   0.059 ; RF ; CELL ; 1      ; LCCOMB_X37_Y14_N26 ; system|core|selector|LessThan4~27|cout                                            ;
;   11.630 ;   0.000 ; FF ; IC   ; 1      ; LCCOMB_X37_Y14_N28 ; system|core|selector|LessThan4~29|cin                                             ;
;   11.689 ;   0.059 ; FR ; CELL ; 1      ; LCCOMB_X37_Y14_N28 ; system|core|selector|LessThan4~29|cout                                            ;
;   11.689 ;   0.000 ; RR ; IC   ; 1      ; LCCOMB_X37_Y14_N30 ; system|core|selector|LessThan4~31|cin                                             ;
;   11.748 ;   0.059 ; RF ; CELL ; 1      ; LCCOMB_X37_Y14_N30 ; system|core|selector|LessThan4~31|cout                                            ;
;   11.748 ;   0.000 ; FF ; IC   ; 1      ; LCCOMB_X37_Y13_N0  ; system|core|selector|LessThan4~33|cin                                             ;
;   11.807 ;   0.059 ; FR ; CELL ; 1      ; LCCOMB_X37_Y13_N0  ; system|core|selector|LessThan4~33|cout                                            ;
;   11.807 ;   0.000 ; RR ; IC   ; 1      ; LCCOMB_X37_Y13_N2  ; system|core|selector|LessThan4~35|cin                                             ;
;   11.866 ;   0.059 ; RF ; CELL ; 1      ; LCCOMB_X37_Y13_N2  ; system|core|selector|LessThan4~35|cout                                            ;
;   11.866 ;   0.000 ; FF ; IC   ; 1      ; LCCOMB_X37_Y13_N4  ; system|core|selector|LessThan4~37|cin                                             ;
;   11.925 ;   0.059 ; FR ; CELL ; 1      ; LCCOMB_X37_Y13_N4  ; system|core|selector|LessThan4~37|cout                                            ;
;   11.925 ;   0.000 ; RR ; IC   ; 1      ; LCCOMB_X37_Y13_N6  ; system|core|selector|LessThan4~39|cin                                             ;
;   11.984 ;   0.059 ; RF ; CELL ; 1      ; LCCOMB_X37_Y13_N6  ; system|core|selector|LessThan4~39|cout                                            ;
;   11.984 ;   0.000 ; FF ; IC   ; 1      ; LCCOMB_X37_Y13_N8  ; system|core|selector|LessThan4~41|cin                                             ;
;   12.043 ;   0.059 ; FR ; CELL ; 1      ; LCCOMB_X37_Y13_N8  ; system|core|selector|LessThan4~41|cout                                            ;
;   12.043 ;   0.000 ; RR ; IC   ; 1      ; LCCOMB_X37_Y13_N10 ; system|core|selector|LessThan4~43|cin                                             ;
;   12.102 ;   0.059 ; RF ; CELL ; 1      ; LCCOMB_X37_Y13_N10 ; system|core|selector|LessThan4~43|cout                                            ;
;   12.102 ;   0.000 ; FF ; IC   ; 1      ; LCCOMB_X37_Y13_N12 ; system|core|selector|LessThan4~45|cin                                             ;
;   12.161 ;   0.059 ; FR ; CELL ; 1      ; LCCOMB_X37_Y13_N12 ; system|core|selector|LessThan4~45|cout                                            ;
;   12.161 ;   0.000 ; RR ; IC   ; 1      ; LCCOMB_X37_Y13_N14 ; system|core|selector|LessThan4~47|cin                                             ;
;   12.220 ;   0.059 ; RF ; CELL ; 1      ; LCCOMB_X37_Y13_N14 ; system|core|selector|LessThan4~47|cout                                            ;
;   12.220 ;   0.000 ; FF ; IC   ; 1      ; LCCOMB_X37_Y13_N16 ; system|core|selector|LessThan4~49|cin                                             ;
;   12.279 ;   0.059 ; FR ; CELL ; 1      ; LCCOMB_X37_Y13_N16 ; system|core|selector|LessThan4~49|cout                                            ;
;   12.279 ;   0.000 ; RR ; IC   ; 1      ; LCCOMB_X37_Y13_N18 ; system|core|selector|LessThan4~51|cin                                             ;
;   12.338 ;   0.059 ; RF ; CELL ; 1      ; LCCOMB_X37_Y13_N18 ; system|core|selector|LessThan4~51|cout                                            ;
;   12.338 ;   0.000 ; FF ; IC   ; 1      ; LCCOMB_X37_Y13_N20 ; system|core|selector|LessThan4~53|cin                                             ;
;   12.397 ;   0.059 ; FR ; CELL ; 1      ; LCCOMB_X37_Y13_N20 ; system|core|selector|LessThan4~53|cout                                            ;
;   12.397 ;   0.000 ; RR ; IC   ; 1      ; LCCOMB_X37_Y13_N22 ; system|core|selector|LessThan4~55|cin                                             ;
;   12.456 ;   0.059 ; RF ; CELL ; 1      ; LCCOMB_X37_Y13_N22 ; system|core|selector|LessThan4~55|cout                                            ;
;   12.456 ;   0.000 ; FF ; IC   ; 1      ; LCCOMB_X37_Y13_N24 ; system|core|selector|LessThan4~57|cin                                             ;
;   12.515 ;   0.059 ; FR ; CELL ; 1      ; LCCOMB_X37_Y13_N24 ; system|core|selector|LessThan4~57|cout                                            ;
;   12.515 ;   0.000 ; RR ; IC   ; 1      ; LCCOMB_X37_Y13_N26 ; system|core|selector|LessThan4~59|cin                                             ;
;   12.574 ;   0.059 ; RF ; CELL ; 1      ; LCCOMB_X37_Y13_N26 ; system|core|selector|LessThan4~59|cout                                            ;
;   12.574 ;   0.000 ; FF ; IC   ; 1      ; LCCOMB_X37_Y13_N28 ; system|core|selector|LessThan4~61|cin                                             ;
;   12.633 ;   0.059 ; FR ; CELL ; 1      ; LCCOMB_X37_Y13_N28 ; system|core|selector|LessThan4~61|cout                                            ;
;   12.633 ;   0.000 ; RR ; IC   ; 1      ; LCCOMB_X37_Y13_N30 ; system|core|selector|LessThan4~62|cin                                             ;
;   13.270 ;   0.637 ; RR ; CELL ; 2      ; LCCOMB_X37_Y13_N30 ; system|core|selector|LessThan4~62|combout                                         ;
;   13.700 ;   0.430 ; RR ; IC   ; 1      ; LCCOMB_X36_Y13_N6  ; system|core|selector|winner[0]~5|datac                                            ;
;   14.004 ;   0.304 ; RR ; CELL ; 3      ; LCCOMB_X36_Y13_N6  ; system|core|selector|winner[0]~5|combout                                          ;
;   14.231 ;   0.227 ; RR ; IC   ; 1      ; LCCOMB_X36_Y13_N10 ; system|core|selector|winner[0]~4|datad                                            ;
;   14.376 ;   0.145 ; RF ; CELL ; 12     ; LCCOMB_X36_Y13_N10 ; system|core|selector|winner[0]~4|combout                                          ;
;   15.129 ;   0.753 ; FF ; IC   ; 1      ; LCCOMB_X39_Y13_N4  ; system|core|selector|best_index[6]~28|datac                                       ;
;   15.432 ;   0.303 ; FF ; CELL ; 1      ; LCCOMB_X39_Y13_N4  ; system|core|selector|best_index[6]~28|combout                                     ;
;   15.679 ;   0.247 ; FF ; IC   ; 1      ; LCCOMB_X39_Y13_N30 ; system|core|selector|best_index[6]~29|datac                                       ;
;   15.982 ;   0.303 ; FF ; CELL ; 4      ; LCCOMB_X39_Y13_N30 ; system|core|selector|best_index[6]~29|combout                                     ;
;   16.261 ;   0.279 ; FF ; IC   ; 1      ; LCCOMB_X39_Y13_N0  ; system|core|selector|best_index[6]~30|datac                                       ;
;   16.564 ;   0.303 ; FF ; CELL ; 5      ; LCCOMB_X39_Y13_N0  ; system|core|selector|best_index[6]~30|combout                                     ;
;   17.391 ;   0.827 ; FF ; IC   ; 2      ; LCCOMB_X38_Y17_N2  ; system|core|gate|Add3~2|dataa                                                     ;
;   17.773 ;   0.382 ; FR ; CELL ; 1      ; LCCOMB_X38_Y17_N2  ; system|core|gate|Add3~2|cout                                                      ;
;   17.773 ;   0.000 ; RR ; IC   ; 2      ; LCCOMB_X38_Y17_N4  ; system|core|gate|Add3~4|cin                                                       ;
;   18.378 ;   0.605 ; RF ; CELL ; 2      ; LCCOMB_X38_Y17_N4  ; system|core|gate|Add3~4|combout                                                   ;
;   18.776 ;   0.398 ; FF ; IC   ; 1      ; LCCOMB_X39_Y17_N26 ; system|core|gate|Add3~8|datac                                                     ;
;   19.079 ;   0.303 ; FF ; CELL ; 1      ; LCCOMB_X39_Y17_N26 ; system|core|gate|Add3~8|combout                                                   ;
;   19.326 ;   0.247 ; FF ; IC   ; 1      ; LCCOMB_X39_Y17_N2  ; system|core|gate|always0~10|datac                                                 ;
;   19.629 ;   0.303 ; FF ; CELL ; 1      ; LCCOMB_X39_Y17_N2  ; system|core|gate|always0~10|combout                                               ;
;   19.862 ;   0.233 ; FF ; IC   ; 1      ; LCCOMB_X39_Y17_N8  ; system|core|gate|always0~11|datad                                                 ;
;   20.023 ;   0.161 ; FR ; CELL ; 1      ; LCCOMB_X39_Y17_N8  ; system|core|gate|always0~11|combout                                               ;
;   20.669 ;   0.646 ; RR ; IC   ; 1      ; LCCOMB_X36_Y17_N28 ; system|core|gate|always0~14|datab                                                 ;
;   21.062 ;   0.393 ; RR ; CELL ; 24     ; LCCOMB_X36_Y17_N28 ; system|core|gate|always0~14|combout                                               ;
;   21.594 ;   0.532 ; RR ; IC   ; 1      ; LCCOMB_X37_Y17_N4  ; system|core|previous_v[0]~0|datad                                                 ;
;   21.760 ;   0.166 ; RR ; CELL ; 11     ; LCCOMB_X37_Y17_N4  ; system|core|previous_v[0]~0|combout                                               ;
;   22.191 ;   0.431 ; RR ; IC   ; 1      ; FF_X36_Y17_N5      ; system|core|previous_v[1]|ena                                                     ;
;   22.815 ;   0.624 ; RR ; CELL ; 1      ; FF_X36_Y17_N5      ; igor_uart_top:system|igor_top:core|previous_v[1]                                  ;
+----------+---------+----+------+--------+--------------------+-----------------------------------------------------------------------------------+

+----------------------------------------------------------------------------------------------------------------+
; Data Required Path                                                                                             ;
+----------+---------+----+------+--------+-------------------+--------------------------------------------------+
; Total    ; Incr    ; RF ; Type ; Fanout ; Location          ; Element                                          ;
+----------+---------+----+------+--------+-------------------+--------------------------------------------------+
; 20.000   ; 20.000  ;    ;      ;        ;                   ; latch edge time                                  ;
; 24.010   ; 4.010   ;    ;      ;        ;                   ; clock path                                       ;
;   20.000 ;   0.000 ;    ;      ;        ;                   ; source latency                                   ;
;   20.000 ;   0.000 ;    ;      ; 1      ; PIN_P11           ; MAX10_CLK1_50                                    ;
;   20.000 ;   0.000 ; RR ; IC   ; 1      ; IOIBUF_X34_Y0_N29 ; MAX10_CLK1_50~input|i                            ;
;   20.793 ;   0.793 ; RR ; CELL ; 1      ; IOIBUF_X34_Y0_N29 ; MAX10_CLK1_50~input|o                            ;
;   21.651 ;   0.858 ; RR ; IC   ; 1      ; CLKCTRL_G19       ; MAX10_CLK1_50~inputclkctrl|inclk[0]              ;
;   21.651 ;   0.000 ; RR ; CELL ; 1680   ; CLKCTRL_G19       ; MAX10_CLK1_50~inputclkctrl|outclk                ;
;   23.477 ;   1.826 ; RR ; IC   ; 1      ; FF_X36_Y17_N5     ; system|core|previous_v[1]|clk                    ;
;   23.952 ;   0.475 ; RR ; CELL ; 1      ; FF_X36_Y17_N5     ; igor_uart_top:system|igor_top:core|previous_v[1] ;
;   24.010 ;   0.058 ;    ;      ;        ;                   ; clock pessimism removed                          ;
; 23.990   ; -0.020  ;    ;      ;        ;                   ; clock uncertainty                                ;
; 24.003   ; 0.013   ;    ; uTsu ; 1      ; FF_X36_Y17_N5     ; igor_uart_top:system|igor_top:core|previous_v[1] ;
+----------+---------+----+------+--------+-------------------+--------------------------------------------------+


