Fitter report for igor
Wed Sep 30 23:01:33 2026
Quartus Prime Version 25.1std.0 Build 1129 10/21/2025 SC Standard Edition


---------------------
; Table of Contents ;
---------------------
  1. Legal Notice
  2. Fitter Summary
  3. Fitter Settings
  4. Parallel Compilation
  5. Fitter Netlist Optimizations
  6. Incremental Compilation Preservation Summary
  7. Incremental Compilation Partition Settings
  8. Incremental Compilation Placement Preservation
  9. Pin-Out File
 10. Fitter Resource Usage Summary
 11. Fitter Partition Statistics
 12. Input Pins
 13. Output Pins
 14. I/O Bank Usage
 15. All Package Pins
 16. I/O Assignment Warnings
 17. Fitter Resource Utilization by Entity
 18. Delay Chain Summary
 19. Pad To Core Delay Chain Fanout
 20. Control Signals
 21. Global & Other Fast Signals
 22. Non-Global High Fan-Out Signals
 23. Fitter RAM Summary
 24. Fitter DSP Block Usage Summary
 25. DSP Block Details
 26. Routing Usage Summary
 27. I/O Rules Summary
 28. I/O Rules Details
 29. I/O Rules Matrix
 30. Fitter Device Options
 31. Operating Settings and Conditions
 32. Estimated Delay Added for Hold Timing Summary
 33. Estimated Delay Added for Hold Timing Details
 34. Fitter Messages
 35. Fitter Suppressed Messages



----------------
; Legal Notice ;
----------------
Copyright (C) 2025  Altera Corporation. All rights reserved.
Your use of Altera Corporation's design tools, logic functions 
and other software and tools, and any partner logic 
functions, and any output files from any of the foregoing 
(including device programming or simulation files), and any 
associated documentation or information are expressly subject 
to the terms and conditions of the Altera Program License 
Subscription Agreement, the Altera Quartus Prime License Agreement,
the Altera IP License Agreement, or other applicable license
agreement, including, without limitation, that your use is for
the sole purpose of programming logic devices manufactured by
Altera and sold by Altera or its authorized distributors.  Please
refer to the Altera Software License Subscription Agreements 
on the Quartus Prime software download page.



+---------------------------------------------------------------------------------------+
; Fitter Summary                                                                        ;
+---------------------------------+-----------------------------------------------------+
; Fitter Status                   ; Successful - Wed Sep 30 23:01:33 2026               ;
; Quartus Prime Version           ; 25.1std.0 Build 1129 10/21/2025 SC Standard Edition ;
; Revision Name                   ; igor                                                ;
; Top-level Entity Name           ; igor_uart_top                                       ;
; Family                          ; Cyclone V                                           ;
; Device                          ; 5CSEBA6U23I7                                        ;
; Timing Models                   ; Final                                               ;
; Logic utilization (in ALMs)     ; 4,964 / 41,910 ( 12 % )                             ;
; Total registers                 ; 1554                                                ;
; Total pins                      ; 17 / 314 ( 5 % )                                    ;
; Total virtual pins              ; 0                                                   ;
; Total block memory bits         ; 1,051,008 / 5,662,720 ( 19 % )                      ;
; Total RAM Blocks                ; 131 / 553 ( 24 % )                                  ;
; Total DSP Blocks                ; 10 / 112 ( 9 % )                                    ;
; Total HSSI RX PCSs              ; 0                                                   ;
; Total HSSI PMA RX Deserializers ; 0                                                   ;
; Total HSSI TX PCSs              ; 0                                                   ;
; Total HSSI PMA TX Serializers   ; 0                                                   ;
; Total PLLs                      ; 0 / 6 ( 0 % )                                       ;
; Total DLLs                      ; 0 / 4 ( 0 % )                                       ;
+---------------------------------+-----------------------------------------------------+


+----------------------------------------------------------------------------------------------------------------------------------------------------+
; Fitter Settings                                                                                                                                    ;
+--------------------------------------------------------------------+---------------------------------------+---------------------------------------+
; Option                                                             ; Setting                               ; Default Value                         ;
+--------------------------------------------------------------------+---------------------------------------+---------------------------------------+
; Device                                                             ; 5CSEBA6U23I7                          ;                                       ;
; Maximum processors allowed for parallel compilation                ; 4                                     ;                                       ;
; Use smart compilation                                              ; Off                                   ; Off                                   ;
; Enable parallel Assembler and Timing Analyzer during compilation   ; On                                    ; On                                    ;
; Enable compact report table                                        ; Off                                   ; Off                                   ;
; Router Timing Optimization Level                                   ; Normal                                ; Normal                                ;
; Perform Clocking Topology Analysis During Routing                  ; Off                                   ; Off                                   ;
; Placement Effort Multiplier                                        ; 1.0                                   ; 1.0                                   ;
; Device initialization clock source                                 ; INIT_INTOSC                           ; INIT_INTOSC                           ;
; Optimize Hold Timing                                               ; All Paths                             ; All Paths                             ;
; Optimize Multi-Corner Timing                                       ; On                                    ; On                                    ;
; Auto RAM to MLAB Conversion                                        ; On                                    ; On                                    ;
; Equivalent RAM and MLAB Power Up                                   ; Auto                                  ; Auto                                  ;
; Equivalent RAM and MLAB Paused Read Capabilities                   ; Care                                  ; Care                                  ;
; Power Optimization During Fitting                                  ; Normal compilation                    ; Normal compilation                    ;
; SSN Optimization                                                   ; Off                                   ; Off                                   ;
; Optimize Timing                                                    ; Normal compilation                    ; Normal compilation                    ;
; Optimize Timing for ECOs                                           ; Off                                   ; Off                                   ;
; Regenerate Full Fit Report During ECO Compiles                     ; Off                                   ; Off                                   ;
; Optimize IOC Register Placement for Timing                         ; Normal                                ; Normal                                ;
; Final Placement Optimizations                                      ; Automatically                         ; Automatically                         ;
; Fitter Aggressive Routability Optimizations                        ; Automatically                         ; Automatically                         ;
; Fitter Initial Placement Seed                                      ; 1                                     ; 1                                     ;
; Periphery to Core Placement and Routing Optimization               ; Off                                   ; Off                                   ;
; Weak Pull-Up Resistor                                              ; Off                                   ; Off                                   ;
; Enable Bus-Hold Circuitry                                          ; Off                                   ; Off                                   ;
; Auto Packed Registers                                              ; Auto                                  ; Auto                                  ;
; Auto Delay Chains                                                  ; On                                    ; On                                    ;
; Auto Delay Chains for High Fanout Input Pins                       ; Off                                   ; Off                                   ;
; Treat Bidirectional Pin as Output Pin                              ; Off                                   ; Off                                   ;
; Perform Physical Synthesis for Combinational Logic for Fitting     ; Off                                   ; Off                                   ;
; Perform Physical Synthesis for Combinational Logic for Performance ; Off                                   ; Off                                   ;
; Perform Register Duplication for Performance                       ; Off                                   ; Off                                   ;
; Perform Register Retiming for Performance                          ; Off                                   ; Off                                   ;
; Perform Asynchronous Signal Pipelining                             ; Off                                   ; Off                                   ;
; Fitter Effort                                                      ; Auto Fit                              ; Auto Fit                              ;
; Physical Synthesis Effort Level                                    ; Normal                                ; Normal                                ;
; Logic Cell Insertion - Logic Duplication                           ; Auto                                  ; Auto                                  ;
; Auto Register Duplication                                          ; Auto                                  ; Auto                                  ;
; Auto Global Clock                                                  ; On                                    ; On                                    ;
; Auto Global Register Control Signals                               ; On                                    ; On                                    ;
; Reserve all unused pins                                            ; As input tri-stated with weak pull-up ; As input tri-stated with weak pull-up ;
; Synchronizer Identification                                        ; Auto                                  ; Auto                                  ;
; Enable Beneficial Skew Optimization                                ; On                                    ; On                                    ;
; Optimize Design for Metastability                                  ; On                                    ; On                                    ;
; Active Serial clock source                                         ; FREQ_100MHz                           ; FREQ_100MHz                           ;
; Force Fitter to Avoid Periphery Placement Warnings                 ; Off                                   ; Off                                   ;
; Clamping Diode                                                     ; Off                                   ; Off                                   ;
; Enable input tri-state on active configuration pins in user mode   ; Off                                   ; Off                                   ;
; Advanced Physical Optimization                                     ; On                                    ; On                                    ;
+--------------------------------------------------------------------+---------------------------------------+---------------------------------------+


+------------------------------------------+
; Parallel Compilation                     ;
+----------------------------+-------------+
; Processors                 ; Number      ;
+----------------------------+-------------+
; Number detected on machine ; 12          ;
; Maximum allowed            ; 4           ;
;                            ;             ;
; Average used               ; 1.29        ;
; Maximum used               ; 4           ;
;                            ;             ;
; Usage by Processor         ; % Time Used ;
;     Processor 1            ; 100.0%      ;
;     Processor 2            ;   9.9%      ;
;     Processor 3            ;   9.4%      ;
;     Processor 4            ;   9.3%      ;
+----------------------------+-------------+


+----------------------------------------------------------------------------------------------------------------------------------------------------------------------------------------------------------------------------------------------------------------------------------------------------------------------------------------------------------------------------------------------------------------------------------------+
; Fitter Netlist Optimizations                                                                                                                                                                                                                                                                                                                                                                                                           ;
+-------------------------------------------------------------------------------------------------------------------------+-----------------+---------------------------------------------------+----------------------------+-----------+----------------+-----------------------------------------------------------------------------------------------------------------------------------+------------------+-----------------------+
; Node                                                                                                                    ; Action          ; Operation                                         ; Reason                     ; Node Port ; Node Port Name ; Destination Node                                                                                                                  ; Destination Port ; Destination Port Name ;
+-------------------------------------------------------------------------------------------------------------------------+-----------------+---------------------------------------------------+----------------------------+-----------+----------------+-----------------------------------------------------------------------------------------------------------------------------------+------------------+-----------------------+
; FPGA_CLK1_50~inputCLKENA0                                                                                               ; Created         ; Placement                                         ; Fitter Periphery Placement ;           ;                ;                                                                                                                                   ;                  ;                       ;
; igor_neural_core:neural|neuron[0]                                                                                       ; Packed Register ; Register Packing                                  ; Timing optimization        ; Q         ;                ; igor_neural_core:neural|Mult1~mac                                                                                                 ; AY               ;                       ;
; igor_neural_core:neural|neuron[0]                                                                                       ; Duplicated      ; Register Packing                                  ; Timing optimization        ; Q         ;                ; igor_neural_core:neural|neuron[0]~_Duplicate_1                                                                                    ; Q                ;                       ;
; igor_neural_core:neural|neuron[0]~SCLR_LUT                                                                              ; Created         ; Register Packing                                  ; Timing optimization        ;           ;                ;                                                                                                                                   ;                  ;                       ;
; igor_neural_core:neural|neuron[1]                                                                                       ; Packed Register ; Register Packing                                  ; Timing optimization        ; Q         ;                ; igor_neural_core:neural|Mult1~mac                                                                                                 ; AY               ;                       ;
; igor_neural_core:neural|neuron[1]                                                                                       ; Duplicated      ; Register Packing                                  ; Timing optimization        ; Q         ;                ; igor_neural_core:neural|neuron[1]~_Duplicate_1                                                                                    ; Q                ;                       ;
; igor_neural_core:neural|neuron[1]~SCLR_LUT                                                                              ; Created         ; Register Packing                                  ; Timing optimization        ;           ;                ;                                                                                                                                   ;                  ;                       ;
; igor_neural_core:neural|neuron[2]                                                                                       ; Packed Register ; Register Packing                                  ; Timing optimization        ; Q         ;                ; igor_neural_core:neural|Mult1~mac                                                                                                 ; AY               ;                       ;
; igor_neural_core:neural|neuron[2]                                                                                       ; Duplicated      ; Register Packing                                  ; Timing optimization        ; Q         ;                ; igor_neural_core:neural|neuron[2]~_Duplicate_1                                                                                    ; Q                ;                       ;
; igor_neural_core:neural|neuron[2]~SCLR_LUT                                                                              ; Created         ; Register Packing                                  ; Timing optimization        ;           ;                ;                                                                                                                                   ;                  ;                       ;
; igor_neural_core:neural|neuron[3]                                                                                       ; Packed Register ; Register Packing                                  ; Timing optimization        ; Q         ;                ; igor_neural_core:neural|Mult1~mac                                                                                                 ; AY               ;                       ;
; igor_neural_core:neural|neuron[3]                                                                                       ; Duplicated      ; Register Packing                                  ; Timing optimization        ; Q         ;                ; igor_neural_core:neural|neuron[3]~_Duplicate_1                                                                                    ; Q                ;                       ;
; igor_neural_core:neural|neuron[3]~SCLR_LUT                                                                              ; Created         ; Register Packing                                  ; Timing optimization        ;           ;                ;                                                                                                                                   ;                  ;                       ;
; igor_neural_core:neural|neuron[4]                                                                                       ; Packed Register ; Register Packing                                  ; Timing optimization        ; Q         ;                ; igor_neural_core:neural|Mult1~mac                                                                                                 ; AY               ;                       ;
; igor_neural_core:neural|neuron[4]                                                                                       ; Duplicated      ; Register Packing                                  ; Timing optimization        ; Q         ;                ; igor_neural_core:neural|neuron[4]~_Duplicate_1                                                                                    ; Q                ;                       ;
; igor_neural_core:neural|neuron[4]~SCLR_LUT                                                                              ; Created         ; Register Packing                                  ; Timing optimization        ;           ;                ;                                                                                                                                   ;                  ;                       ;
; igor_neural_core:neural|neuron[5]                                                                                       ; Packed Register ; Register Packing                                  ; Timing optimization        ; Q         ;                ; igor_neural_core:neural|Mult1~mac                                                                                                 ; AY               ;                       ;
; igor_neural_core:neural|neuron[5]                                                                                       ; Duplicated      ; Register Packing                                  ; Timing optimization        ; Q         ;                ; igor_neural_core:neural|neuron[5]~_Duplicate_1                                                                                    ; Q                ;                       ;
; igor_neural_core:neural|neuron[5]~SCLR_LUT                                                                              ; Created         ; Register Packing                                  ; Timing optimization        ;           ;                ;                                                                                                                                   ;                  ;                       ;
; igor_neural_core:neural|neuron[6]                                                                                       ; Packed Register ; Register Packing                                  ; Timing optimization        ; Q         ;                ; igor_neural_core:neural|Mult1~mac                                                                                                 ; AY               ;                       ;
; igor_neural_core:neural|neuron[6]                                                                                       ; Duplicated      ; Register Packing                                  ; Timing optimization        ; Q         ;                ; igor_neural_core:neural|neuron[6]~_Duplicate_1                                                                                    ; Q                ;                       ;
; igor_neural_core:neural|neuron[6]~SCLR_LUT                                                                              ; Created         ; Register Packing                                  ; Timing optimization        ;           ;                ;                                                                                                                                   ;                  ;                       ;
; igor_neural_core:neural|operand[0]                                                                                      ; Packed Register ; Register Packing                                  ; Timing optimization        ; Q         ;                ; igor_neural_core:neural|product[0]                                                                                                ; AY               ;                       ;
; igor_neural_core:neural|operand[1]                                                                                      ; Packed Register ; Register Packing                                  ; Timing optimization        ; Q         ;                ; igor_neural_core:neural|product[0]                                                                                                ; AY               ;                       ;
; igor_neural_core:neural|operand[2]                                                                                      ; Packed Register ; Register Packing                                  ; Timing optimization        ; Q         ;                ; igor_neural_core:neural|product[0]                                                                                                ; AY               ;                       ;
; igor_neural_core:neural|operand[3]                                                                                      ; Packed Register ; Register Packing                                  ; Timing optimization        ; Q         ;                ; igor_neural_core:neural|product[0]                                                                                                ; AY               ;                       ;
; igor_neural_core:neural|operand[4]                                                                                      ; Packed Register ; Register Packing                                  ; Timing optimization        ; Q         ;                ; igor_neural_core:neural|product[0]                                                                                                ; AY               ;                       ;
; igor_neural_core:neural|operand[5]                                                                                      ; Packed Register ; Register Packing                                  ; Timing optimization        ; Q         ;                ; igor_neural_core:neural|product[0]                                                                                                ; AY               ;                       ;
; igor_neural_core:neural|operand[6]                                                                                      ; Packed Register ; Register Packing                                  ; Timing optimization        ; Q         ;                ; igor_neural_core:neural|product[0]                                                                                                ; AY               ;                       ;
; igor_neural_core:neural|operand[7]                                                                                      ; Packed Register ; Register Packing                                  ; Timing optimization        ; Q         ;                ; igor_neural_core:neural|product[0]                                                                                                ; AY               ;                       ;
; igor_neural_core:neural|operand[8]                                                                                      ; Packed Register ; Register Packing                                  ; Timing optimization        ; Q         ;                ; igor_neural_core:neural|product[0]                                                                                                ; AY               ;                       ;
; igor_neural_core:neural|operand[9]                                                                                      ; Packed Register ; Register Packing                                  ; Timing optimization        ; Q         ;                ; igor_neural_core:neural|product[0]                                                                                                ; AY               ;                       ;
; igor_neural_core:neural|operand[10]                                                                                     ; Packed Register ; Register Packing                                  ; Timing optimization        ; Q         ;                ; igor_neural_core:neural|product[0]                                                                                                ; AY               ;                       ;
; igor_neural_core:neural|operand[11]                                                                                     ; Packed Register ; Register Packing                                  ; Timing optimization        ; Q         ;                ; igor_neural_core:neural|product[0]                                                                                                ; AY               ;                       ;
; igor_neural_core:neural|operand[12]                                                                                     ; Packed Register ; Register Packing                                  ; Timing optimization        ; Q         ;                ; igor_neural_core:neural|product[0]                                                                                                ; AY               ;                       ;
; igor_neural_core:neural|operand[13]                                                                                     ; Packed Register ; Register Packing                                  ; Timing optimization        ; Q         ;                ; igor_neural_core:neural|product[0]                                                                                                ; AY               ;                       ;
; igor_neural_core:neural|operand[14]                                                                                     ; Packed Register ; Register Packing                                  ; Timing optimization        ; Q         ;                ; igor_neural_core:neural|product[0]                                                                                                ; AY               ;                       ;
; igor_neural_core:neural|operand[15]                                                                                     ; Packed Register ; Register Packing                                  ; Timing optimization        ; Q         ;                ; igor_neural_core:neural|product[0]                                                                                                ; AY               ;                       ;
; igor_top:core|igor_rollout_tile:tiles[0].tile|candidate_index[5]                                                        ; Packed Register ; Register Packing                                  ; Timing optimization        ; Q         ;                ; igor_top:core|igor_rollout_tile:tiles[0].tile|igor_kinematic_step:stepper|Mult0~8                                                 ; AX               ;                       ;
; igor_top:core|igor_rollout_tile:tiles[0].tile|candidate_index[5]                                                        ; Duplicated      ; Register Packing                                  ; Timing optimization        ; Q         ;                ; igor_top:core|igor_rollout_tile:tiles[0].tile|candidate_index[5]~_Duplicate_1                                                     ; Q                ;                       ;
; igor_top:core|igor_rollout_tile:tiles[0].tile|candidate_index[5]~SCLR_LUT                                               ; Created         ; Register Packing                                  ; Timing optimization        ;           ;                ;                                                                                                                                   ;                  ;                       ;
; igor_top:core|igor_rollout_tile:tiles[0].tile|candidate_index[5]~_Duplicate_1                                           ; Packed Register ; Register Packing                                  ; Timing optimization        ; Q         ;                ; igor_top:core|igor_rollout_tile:tiles[0].tile|igor_kinematic_step:stepper|Mult1~8                                                 ; AX               ;                       ;
; igor_top:core|igor_rollout_tile:tiles[0].tile|candidate_index[5]~_Duplicate_1                                           ; Duplicated      ; Register Packing                                  ; Timing optimization        ; Q         ;                ; igor_top:core|igor_rollout_tile:tiles[0].tile|candidate_index[5]~_Duplicate_2                                                     ; Q                ;                       ;
; igor_top:core|igor_rollout_tile:tiles[0].tile|candidate_index[6]                                                        ; Packed Register ; Register Packing                                  ; Timing optimization        ; Q         ;                ; igor_top:core|igor_rollout_tile:tiles[0].tile|igor_kinematic_step:stepper|Mult0~8                                                 ; AX               ;                       ;
; igor_top:core|igor_rollout_tile:tiles[0].tile|candidate_index[6]                                                        ; Duplicated      ; Register Packing                                  ; Timing optimization        ; Q         ;                ; igor_top:core|igor_rollout_tile:tiles[0].tile|candidate_index[6]~_Duplicate_1                                                     ; Q                ;                       ;
; igor_top:core|igor_rollout_tile:tiles[0].tile|candidate_index[6]~SCLR_LUT                                               ; Created         ; Register Packing                                  ; Timing optimization        ;           ;                ;                                                                                                                                   ;                  ;                       ;
; igor_top:core|igor_rollout_tile:tiles[0].tile|candidate_index[6]~_Duplicate_1                                           ; Packed Register ; Register Packing                                  ; Timing optimization        ; Q         ;                ; igor_top:core|igor_rollout_tile:tiles[0].tile|igor_kinematic_step:stepper|Mult1~8                                                 ; AX               ;                       ;
; igor_top:core|igor_rollout_tile:tiles[0].tile|candidate_index[6]~_Duplicate_1                                           ; Duplicated      ; Register Packing                                  ; Timing optimization        ; Q         ;                ; igor_top:core|igor_rollout_tile:tiles[0].tile|candidate_index[6]~_Duplicate_2                                                     ; Q                ;                       ;
; igor_top:core|igor_rollout_tile:tiles[0].tile|candidate_index[7]                                                        ; Packed Register ; Register Packing                                  ; Timing optimization        ; Q         ;                ; igor_top:core|igor_rollout_tile:tiles[0].tile|igor_kinematic_step:stepper|Mult0~8                                                 ; AX               ;                       ;
; igor_top:core|igor_rollout_tile:tiles[0].tile|candidate_index[7]                                                        ; Duplicated      ; Register Packing                                  ; Timing optimization        ; Q         ;                ; igor_top:core|igor_rollout_tile:tiles[0].tile|candidate_index[7]~_Duplicate_1                                                     ; Q                ;                       ;
; igor_top:core|igor_rollout_tile:tiles[0].tile|candidate_index[7]~SCLR_LUT                                               ; Created         ; Register Packing                                  ; Timing optimization        ;           ;                ;                                                                                                                                   ;                  ;                       ;
; igor_top:core|igor_rollout_tile:tiles[0].tile|candidate_index[7]~_Duplicate_1                                           ; Packed Register ; Register Packing                                  ; Timing optimization        ; Q         ;                ; igor_top:core|igor_rollout_tile:tiles[0].tile|igor_kinematic_step:stepper|Mult1~8                                                 ; AX               ;                       ;
; igor_top:core|igor_rollout_tile:tiles[0].tile|candidate_index[7]~_Duplicate_1                                           ; Duplicated      ; Register Packing                                  ; Timing optimization        ; Q         ;                ; igor_top:core|igor_rollout_tile:tiles[0].tile|candidate_index[7]~_Duplicate_2                                                     ; Q                ;                       ;
; igor_top:core|igor_rollout_tile:tiles[0].tile|candidate_index[8]                                                        ; Packed Register ; Register Packing                                  ; Timing optimization        ; Q         ;                ; igor_top:core|igor_rollout_tile:tiles[0].tile|igor_kinematic_step:stepper|Mult0~8                                                 ; AX               ;                       ;
; igor_top:core|igor_rollout_tile:tiles[0].tile|candidate_index[8]                                                        ; Duplicated      ; Register Packing                                  ; Timing optimization        ; Q         ;                ; igor_top:core|igor_rollout_tile:tiles[0].tile|candidate_index[8]~_Duplicate_1                                                     ; Q                ;                       ;
; igor_top:core|igor_rollout_tile:tiles[0].tile|candidate_index[8]~SCLR_LUT                                               ; Created         ; Register Packing                                  ; Timing optimization        ;           ;                ;                                                                                                                                   ;                  ;                       ;
; igor_top:core|igor_rollout_tile:tiles[0].tile|candidate_index[8]~_Duplicate_1                                           ; Packed Register ; Register Packing                                  ; Timing optimization        ; Q         ;                ; igor_top:core|igor_rollout_tile:tiles[0].tile|igor_kinematic_step:stepper|Mult1~8                                                 ; AX               ;                       ;
; igor_top:core|igor_rollout_tile:tiles[0].tile|candidate_index[8]~_Duplicate_1                                           ; Duplicated      ; Register Packing                                  ; Timing optimization        ; Q         ;                ; igor_top:core|igor_rollout_tile:tiles[0].tile|candidate_index[8]~_Duplicate_2                                                     ; Q                ;                       ;
; igor_top:core|igor_rollout_tile:tiles[1].tile|candidate_index[5]                                                        ; Packed Register ; Register Packing                                  ; Timing optimization        ; Q         ;                ; igor_top:core|igor_rollout_tile:tiles[1].tile|igor_kinematic_step:stepper|Mult0~8                                                 ; AX               ;                       ;
; igor_top:core|igor_rollout_tile:tiles[1].tile|candidate_index[5]                                                        ; Duplicated      ; Register Packing                                  ; Timing optimization        ; Q         ;                ; igor_top:core|igor_rollout_tile:tiles[1].tile|candidate_index[5]~_Duplicate_1                                                     ; Q                ;                       ;
; igor_top:core|igor_rollout_tile:tiles[1].tile|candidate_index[5]~SCLR_LUT                                               ; Created         ; Register Packing                                  ; Timing optimization        ;           ;                ;                                                                                                                                   ;                  ;                       ;
; igor_top:core|igor_rollout_tile:tiles[1].tile|candidate_index[5]~_Duplicate_1                                           ; Packed Register ; Register Packing                                  ; Timing optimization        ; Q         ;                ; igor_top:core|igor_rollout_tile:tiles[1].tile|igor_kinematic_step:stepper|Mult1~8                                                 ; AX               ;                       ;
; igor_top:core|igor_rollout_tile:tiles[1].tile|candidate_index[5]~_Duplicate_1                                           ; Duplicated      ; Register Packing                                  ; Timing optimization        ; Q         ;                ; igor_top:core|igor_rollout_tile:tiles[1].tile|candidate_index[5]~_Duplicate_2                                                     ; Q                ;                       ;
; igor_top:core|igor_rollout_tile:tiles[1].tile|candidate_index[6]                                                        ; Packed Register ; Register Packing                                  ; Timing optimization        ; Q         ;                ; igor_top:core|igor_rollout_tile:tiles[1].tile|igor_kinematic_step:stepper|Mult0~8                                                 ; AX               ;                       ;
; igor_top:core|igor_rollout_tile:tiles[1].tile|candidate_index[6]                                                        ; Duplicated      ; Register Packing                                  ; Timing optimization        ; Q         ;                ; igor_top:core|igor_rollout_tile:tiles[1].tile|candidate_index[6]~_Duplicate_1                                                     ; Q                ;                       ;
; igor_top:core|igor_rollout_tile:tiles[1].tile|candidate_index[6]~SCLR_LUT                                               ; Created         ; Register Packing                                  ; Timing optimization        ;           ;                ;                                                                                                                                   ;                  ;                       ;
; igor_top:core|igor_rollout_tile:tiles[1].tile|candidate_index[6]~_Duplicate_1                                           ; Packed Register ; Register Packing                                  ; Timing optimization        ; Q         ;                ; igor_top:core|igor_rollout_tile:tiles[1].tile|igor_kinematic_step:stepper|Mult1~8                                                 ; AX               ;                       ;
; igor_top:core|igor_rollout_tile:tiles[1].tile|candidate_index[6]~_Duplicate_1                                           ; Duplicated      ; Register Packing                                  ; Timing optimization        ; Q         ;                ; igor_top:core|igor_rollout_tile:tiles[1].tile|candidate_index[6]~_Duplicate_2                                                     ; Q                ;                       ;
; igor_top:core|igor_rollout_tile:tiles[1].tile|candidate_index[7]                                                        ; Packed Register ; Register Packing                                  ; Timing optimization        ; Q         ;                ; igor_top:core|igor_rollout_tile:tiles[1].tile|igor_kinematic_step:stepper|Mult0~8                                                 ; AX               ;                       ;
; igor_top:core|igor_rollout_tile:tiles[1].tile|candidate_index[7]                                                        ; Duplicated      ; Register Packing                                  ; Timing optimization        ; Q         ;                ; igor_top:core|igor_rollout_tile:tiles[1].tile|candidate_index[7]~_Duplicate_1                                                     ; Q                ;                       ;
; igor_top:core|igor_rollout_tile:tiles[1].tile|candidate_index[7]~SCLR_LUT                                               ; Created         ; Register Packing                                  ; Timing optimization        ;           ;                ;                                                                                                                                   ;                  ;                       ;
; igor_top:core|igor_rollout_tile:tiles[1].tile|candidate_index[7]~_Duplicate_1                                           ; Packed Register ; Register Packing                                  ; Timing optimization        ; Q         ;                ; igor_top:core|igor_rollout_tile:tiles[1].tile|igor_kinematic_step:stepper|Mult1~8                                                 ; AX               ;                       ;
; igor_top:core|igor_rollout_tile:tiles[1].tile|candidate_index[7]~_Duplicate_1                                           ; Duplicated      ; Register Packing                                  ; Timing optimization        ; Q         ;                ; igor_top:core|igor_rollout_tile:tiles[1].tile|candidate_index[7]~_Duplicate_2                                                     ; Q                ;                       ;
; igor_top:core|igor_rollout_tile:tiles[1].tile|candidate_index[8]                                                        ; Packed Register ; Register Packing                                  ; Timing optimization        ; Q         ;                ; igor_top:core|igor_rollout_tile:tiles[1].tile|igor_kinematic_step:stepper|Mult0~8                                                 ; AX               ;                       ;
; igor_top:core|igor_rollout_tile:tiles[1].tile|candidate_index[8]                                                        ; Duplicated      ; Register Packing                                  ; Timing optimization        ; Q         ;                ; igor_top:core|igor_rollout_tile:tiles[1].tile|candidate_index[8]~_Duplicate_1                                                     ; Q                ;                       ;
; igor_top:core|igor_rollout_tile:tiles[1].tile|candidate_index[8]~SCLR_LUT                                               ; Created         ; Register Packing                                  ; Timing optimization        ;           ;                ;                                                                                                                                   ;                  ;                       ;
; igor_top:core|igor_rollout_tile:tiles[1].tile|candidate_index[8]~_Duplicate_1                                           ; Packed Register ; Register Packing                                  ; Timing optimization        ; Q         ;                ; igor_top:core|igor_rollout_tile:tiles[1].tile|igor_kinematic_step:stepper|Mult1~8                                                 ; AX               ;                       ;
; igor_top:core|igor_rollout_tile:tiles[1].tile|candidate_index[8]~_Duplicate_1                                           ; Duplicated      ; Register Packing                                  ; Timing optimization        ; Q         ;                ; igor_top:core|igor_rollout_tile:tiles[1].tile|candidate_index[8]~_Duplicate_2                                                     ; Q                ;                       ;
; igor_top:core|igor_rollout_tile:tiles[2].tile|candidate_index[5]                                                        ; Packed Register ; Register Packing                                  ; Timing optimization        ; Q         ;                ; igor_top:core|igor_rollout_tile:tiles[2].tile|igor_kinematic_step:stepper|Mult0~8                                                 ; AX               ;                       ;
; igor_top:core|igor_rollout_tile:tiles[2].tile|candidate_index[5]                                                        ; Duplicated      ; Register Packing                                  ; Timing optimization        ; Q         ;                ; igor_top:core|igor_rollout_tile:tiles[2].tile|candidate_index[5]~_Duplicate_1                                                     ; Q                ;                       ;
; igor_top:core|igor_rollout_tile:tiles[2].tile|candidate_index[5]~SCLR_LUT                                               ; Created         ; Register Packing                                  ; Timing optimization        ;           ;                ;                                                                                                                                   ;                  ;                       ;
; igor_top:core|igor_rollout_tile:tiles[2].tile|candidate_index[5]~_Duplicate_1                                           ; Packed Register ; Register Packing                                  ; Timing optimization        ; Q         ;                ; igor_top:core|igor_rollout_tile:tiles[2].tile|igor_kinematic_step:stepper|Mult1~8                                                 ; AX               ;                       ;
; igor_top:core|igor_rollout_tile:tiles[2].tile|candidate_index[5]~_Duplicate_1                                           ; Duplicated      ; Register Packing                                  ; Timing optimization        ; Q         ;                ; igor_top:core|igor_rollout_tile:tiles[2].tile|candidate_index[5]~_Duplicate_2                                                     ; Q                ;                       ;
; igor_top:core|igor_rollout_tile:tiles[2].tile|candidate_index[6]                                                        ; Packed Register ; Register Packing                                  ; Timing optimization        ; Q         ;                ; igor_top:core|igor_rollout_tile:tiles[2].tile|igor_kinematic_step:stepper|Mult0~8                                                 ; AX               ;                       ;
; igor_top:core|igor_rollout_tile:tiles[2].tile|candidate_index[6]                                                        ; Duplicated      ; Register Packing                                  ; Timing optimization        ; Q         ;                ; igor_top:core|igor_rollout_tile:tiles[2].tile|candidate_index[6]~_Duplicate_1                                                     ; Q                ;                       ;
; igor_top:core|igor_rollout_tile:tiles[2].tile|candidate_index[6]~SCLR_LUT                                               ; Created         ; Register Packing                                  ; Timing optimization        ;           ;                ;                                                                                                                                   ;                  ;                       ;
; igor_top:core|igor_rollout_tile:tiles[2].tile|candidate_index[6]~_Duplicate_1                                           ; Packed Register ; Register Packing                                  ; Timing optimization        ; Q         ;                ; igor_top:core|igor_rollout_tile:tiles[2].tile|igor_kinematic_step:stepper|Mult1~8                                                 ; AX               ;                       ;
; igor_top:core|igor_rollout_tile:tiles[2].tile|candidate_index[6]~_Duplicate_1                                           ; Duplicated      ; Register Packing                                  ; Timing optimization        ; Q         ;                ; igor_top:core|igor_rollout_tile:tiles[2].tile|candidate_index[6]~_Duplicate_2                                                     ; Q                ;                       ;
; igor_top:core|igor_rollout_tile:tiles[2].tile|candidate_index[7]                                                        ; Packed Register ; Register Packing                                  ; Timing optimization        ; Q         ;                ; igor_top:core|igor_rollout_tile:tiles[2].tile|igor_kinematic_step:stepper|Mult0~8                                                 ; AX               ;                       ;
; igor_top:core|igor_rollout_tile:tiles[2].tile|candidate_index[7]                                                        ; Duplicated      ; Register Packing                                  ; Timing optimization        ; Q         ;                ; igor_top:core|igor_rollout_tile:tiles[2].tile|candidate_index[7]~_Duplicate_1                                                     ; Q                ;                       ;
; igor_top:core|igor_rollout_tile:tiles[2].tile|candidate_index[7]~SCLR_LUT                                               ; Created         ; Register Packing                                  ; Timing optimization        ;           ;                ;                                                                                                                                   ;                  ;                       ;
; igor_top:core|igor_rollout_tile:tiles[2].tile|candidate_index[7]~_Duplicate_1                                           ; Packed Register ; Register Packing                                  ; Timing optimization        ; Q         ;                ; igor_top:core|igor_rollout_tile:tiles[2].tile|igor_kinematic_step:stepper|Mult1~8                                                 ; AX               ;                       ;
; igor_top:core|igor_rollout_tile:tiles[2].tile|candidate_index[7]~_Duplicate_1                                           ; Duplicated      ; Register Packing                                  ; Timing optimization        ; Q         ;                ; igor_top:core|igor_rollout_tile:tiles[2].tile|candidate_index[7]~_Duplicate_2                                                     ; Q                ;                       ;
; igor_top:core|igor_rollout_tile:tiles[2].tile|candidate_index[8]                                                        ; Packed Register ; Register Packing                                  ; Timing optimization        ; Q         ;                ; igor_top:core|igor_rollout_tile:tiles[2].tile|igor_kinematic_step:stepper|Mult0~8                                                 ; AX               ;                       ;
; igor_top:core|igor_rollout_tile:tiles[2].tile|candidate_index[8]                                                        ; Duplicated      ; Register Packing                                  ; Timing optimization        ; Q         ;                ; igor_top:core|igor_rollout_tile:tiles[2].tile|candidate_index[8]~_Duplicate_1                                                     ; Q                ;                       ;
; igor_top:core|igor_rollout_tile:tiles[2].tile|candidate_index[8]~SCLR_LUT                                               ; Created         ; Register Packing                                  ; Timing optimization        ;           ;                ;                                                                                                                                   ;                  ;                       ;
; igor_top:core|igor_rollout_tile:tiles[2].tile|candidate_index[8]~_Duplicate_1                                           ; Packed Register ; Register Packing                                  ; Timing optimization        ; Q         ;                ; igor_top:core|igor_rollout_tile:tiles[2].tile|igor_kinematic_step:stepper|Mult1~8                                                 ; AX               ;                       ;
; igor_top:core|igor_rollout_tile:tiles[2].tile|candidate_index[8]~_Duplicate_1                                           ; Duplicated      ; Register Packing                                  ; Timing optimization        ; Q         ;                ; igor_top:core|igor_rollout_tile:tiles[2].tile|candidate_index[8]~_Duplicate_2                                                     ; Q                ;                       ;
; igor_top:core|igor_rollout_tile:tiles[3].tile|candidate_index[5]                                                        ; Packed Register ; Register Packing                                  ; Timing optimization        ; Q         ;                ; igor_top:core|igor_rollout_tile:tiles[3].tile|igor_kinematic_step:stepper|Mult0~8                                                 ; AX               ;                       ;
; igor_top:core|igor_rollout_tile:tiles[3].tile|candidate_index[5]                                                        ; Duplicated      ; Register Packing                                  ; Timing optimization        ; Q         ;                ; igor_top:core|igor_rollout_tile:tiles[3].tile|candidate_index[5]~_Duplicate_1                                                     ; Q                ;                       ;
; igor_top:core|igor_rollout_tile:tiles[3].tile|candidate_index[5]~SCLR_LUT                                               ; Created         ; Register Packing                                  ; Timing optimization        ;           ;                ;                                                                                                                                   ;                  ;                       ;
; igor_top:core|igor_rollout_tile:tiles[3].tile|candidate_index[5]~_Duplicate_1                                           ; Packed Register ; Register Packing                                  ; Timing optimization        ; Q         ;                ; igor_top:core|igor_rollout_tile:tiles[3].tile|igor_kinematic_step:stepper|Mult1~8                                                 ; AX               ;                       ;
; igor_top:core|igor_rollout_tile:tiles[3].tile|candidate_index[5]~_Duplicate_1                                           ; Duplicated      ; Register Packing                                  ; Timing optimization        ; Q         ;                ; igor_top:core|igor_rollout_tile:tiles[3].tile|candidate_index[5]~_Duplicate_2                                                     ; Q                ;                       ;
; igor_top:core|igor_rollout_tile:tiles[3].tile|candidate_index[6]                                                        ; Packed Register ; Register Packing                                  ; Timing optimization        ; Q         ;                ; igor_top:core|igor_rollout_tile:tiles[3].tile|igor_kinematic_step:stepper|Mult0~8                                                 ; AX               ;                       ;
; igor_top:core|igor_rollout_tile:tiles[3].tile|candidate_index[6]                                                        ; Duplicated      ; Register Packing                                  ; Timing optimization        ; Q         ;                ; igor_top:core|igor_rollout_tile:tiles[3].tile|candidate_index[6]~_Duplicate_1                                                     ; Q                ;                       ;
; igor_top:core|igor_rollout_tile:tiles[3].tile|candidate_index[6]~SCLR_LUT                                               ; Created         ; Register Packing                                  ; Timing optimization        ;           ;                ;                                                                                                                                   ;                  ;                       ;
; igor_top:core|igor_rollout_tile:tiles[3].tile|candidate_index[6]~_Duplicate_1                                           ; Packed Register ; Register Packing                                  ; Timing optimization        ; Q         ;                ; igor_top:core|igor_rollout_tile:tiles[3].tile|igor_kinematic_step:stepper|Mult1~8                                                 ; AX               ;                       ;
; igor_top:core|igor_rollout_tile:tiles[3].tile|candidate_index[6]~_Duplicate_1                                           ; Duplicated      ; Register Packing                                  ; Timing optimization        ; Q         ;                ; igor_top:core|igor_rollout_tile:tiles[3].tile|candidate_index[6]~_Duplicate_2                                                     ; Q                ;                       ;
; igor_top:core|igor_rollout_tile:tiles[3].tile|candidate_index[7]                                                        ; Packed Register ; Register Packing                                  ; Timing optimization        ; Q         ;                ; igor_top:core|igor_rollout_tile:tiles[3].tile|igor_kinematic_step:stepper|Mult0~8                                                 ; AX               ;                       ;
; igor_top:core|igor_rollout_tile:tiles[3].tile|candidate_index[7]                                                        ; Duplicated      ; Register Packing                                  ; Timing optimization        ; Q         ;                ; igor_top:core|igor_rollout_tile:tiles[3].tile|candidate_index[7]~_Duplicate_1                                                     ; Q                ;                       ;
; igor_top:core|igor_rollout_tile:tiles[3].tile|candidate_index[7]~SCLR_LUT                                               ; Created         ; Register Packing                                  ; Timing optimization        ;           ;                ;                                                                                                                                   ;                  ;                       ;
; igor_top:core|igor_rollout_tile:tiles[3].tile|candidate_index[7]~_Duplicate_1                                           ; Packed Register ; Register Packing                                  ; Timing optimization        ; Q         ;                ; igor_top:core|igor_rollout_tile:tiles[3].tile|igor_kinematic_step:stepper|Mult1~8                                                 ; AX               ;                       ;
; igor_top:core|igor_rollout_tile:tiles[3].tile|candidate_index[7]~_Duplicate_1                                           ; Duplicated      ; Register Packing                                  ; Timing optimization        ; Q         ;                ; igor_top:core|igor_rollout_tile:tiles[3].tile|candidate_index[7]~_Duplicate_2                                                     ; Q                ;                       ;
; igor_top:core|igor_rollout_tile:tiles[3].tile|candidate_index[8]                                                        ; Packed Register ; Register Packing                                  ; Timing optimization        ; Q         ;                ; igor_top:core|igor_rollout_tile:tiles[3].tile|igor_kinematic_step:stepper|Mult0~8                                                 ; AX               ;                       ;
; igor_top:core|igor_rollout_tile:tiles[3].tile|candidate_index[8]                                                        ; Duplicated      ; Register Packing                                  ; Timing optimization        ; Q         ;                ; igor_top:core|igor_rollout_tile:tiles[3].tile|candidate_index[8]~_Duplicate_1                                                     ; Q                ;                       ;
; igor_top:core|igor_rollout_tile:tiles[3].tile|candidate_index[8]~SCLR_LUT                                               ; Created         ; Register Packing                                  ; Timing optimization        ;           ;                ;                                                                                                                                   ;                  ;                       ;
; igor_top:core|igor_rollout_tile:tiles[3].tile|candidate_index[8]~_Duplicate_1                                           ; Packed Register ; Register Packing                                  ; Timing optimization        ; Q         ;                ; igor_top:core|igor_rollout_tile:tiles[3].tile|igor_kinematic_step:stepper|Mult1~8                                                 ; AX               ;                       ;
; igor_top:core|igor_rollout_tile:tiles[3].tile|candidate_index[8]~_Duplicate_1                                           ; Duplicated      ; Register Packing                                  ; Timing optimization        ; Q         ;                ; igor_top:core|igor_rollout_tile:tiles[3].tile|candidate_index[8]~_Duplicate_2                                                     ; Q                ;                       ;
; igor_neural_core:neural|accumulator[8]                                                                                  ; Duplicated      ; Router Logic Cell Insertion and Logic Duplication ; Routability optimization   ;           ;                ; igor_neural_core:neural|accumulator[8]~DUPLICATE                                                                                  ;                  ;                       ;
; igor_neural_core:neural|accumulator[9]                                                                                  ; Duplicated      ; Router Logic Cell Insertion and Logic Duplication ; Routability optimization   ;           ;                ; igor_neural_core:neural|accumulator[9]~DUPLICATE                                                                                  ;                  ;                       ;
; igor_neural_core:neural|accumulator[12]                                                                                 ; Duplicated      ; Router Logic Cell Insertion and Logic Duplication ; Routability optimization   ;           ;                ; igor_neural_core:neural|accumulator[12]~DUPLICATE                                                                                 ;                  ;                       ;
; igor_neural_core:neural|accumulator[16]                                                                                 ; Duplicated      ; Router Logic Cell Insertion and Logic Duplication ; Routability optimization   ;           ;                ; igor_neural_core:neural|accumulator[16]~DUPLICATE                                                                                 ;                  ;                       ;
; igor_neural_core:neural|accumulator[19]                                                                                 ; Duplicated      ; Router Logic Cell Insertion and Logic Duplication ; Routability optimization   ;           ;                ; igor_neural_core:neural|accumulator[19]~DUPLICATE                                                                                 ;                  ;                       ;
; igor_neural_core:neural|accumulator[20]                                                                                 ; Duplicated      ; Router Logic Cell Insertion and Logic Duplication ; Routability optimization   ;           ;                ; igor_neural_core:neural|accumulator[20]~DUPLICATE                                                                                 ;                  ;                       ;
; igor_neural_core:neural|accumulator[21]                                                                                 ; Duplicated      ; Router Logic Cell Insertion and Logic Duplication ; Routability optimization   ;           ;                ; igor_neural_core:neural|accumulator[21]~DUPLICATE                                                                                 ;                  ;                       ;
; igor_neural_core:neural|accumulator[22]                                                                                 ; Duplicated      ; Router Logic Cell Insertion and Logic Duplication ; Routability optimization   ;           ;                ; igor_neural_core:neural|accumulator[22]~DUPLICATE                                                                                 ;                  ;                       ;
; igor_neural_core:neural|accumulator[23]                                                                                 ; Duplicated      ; Router Logic Cell Insertion and Logic Duplication ; Routability optimization   ;           ;                ; igor_neural_core:neural|accumulator[23]~DUPLICATE                                                                                 ;                  ;                       ;
; igor_neural_core:neural|accumulator[25]                                                                                 ; Duplicated      ; Router Logic Cell Insertion and Logic Duplication ; Routability optimization   ;           ;                ; igor_neural_core:neural|accumulator[25]~DUPLICATE                                                                                 ;                  ;                       ;
; igor_neural_core:neural|accumulator[26]                                                                                 ; Duplicated      ; Router Logic Cell Insertion and Logic Duplication ; Routability optimization   ;           ;                ; igor_neural_core:neural|accumulator[26]~DUPLICATE                                                                                 ;                  ;                       ;
; igor_neural_core:neural|accumulator[28]                                                                                 ; Duplicated      ; Router Logic Cell Insertion and Logic Duplication ; Routability optimization   ;           ;                ; igor_neural_core:neural|accumulator[28]~DUPLICATE                                                                                 ;                  ;                       ;
; igor_neural_core:neural|accumulator[31]                                                                                 ; Duplicated      ; Router Logic Cell Insertion and Logic Duplication ; Routability optimization   ;           ;                ; igor_neural_core:neural|accumulator[31]~DUPLICATE                                                                                 ;                  ;                       ;
; igor_neural_core:neural|accumulator[32]                                                                                 ; Duplicated      ; Router Logic Cell Insertion and Logic Duplication ; Routability optimization   ;           ;                ; igor_neural_core:neural|accumulator[32]~DUPLICATE                                                                                 ;                  ;                       ;
; igor_neural_core:neural|accumulator[33]                                                                                 ; Duplicated      ; Router Logic Cell Insertion and Logic Duplication ; Routability optimization   ;           ;                ; igor_neural_core:neural|accumulator[33]~DUPLICATE                                                                                 ;                  ;                       ;
; igor_neural_core:neural|accumulator[35]                                                                                 ; Duplicated      ; Router Logic Cell Insertion and Logic Duplication ; Routability optimization   ;           ;                ; igor_neural_core:neural|accumulator[35]~DUPLICATE                                                                                 ;                  ;                       ;
; igor_neural_core:neural|accumulator[38]                                                                                 ; Duplicated      ; Router Logic Cell Insertion and Logic Duplication ; Routability optimization   ;           ;                ; igor_neural_core:neural|accumulator[38]~DUPLICATE                                                                                 ;                  ;                       ;
; igor_neural_core:neural|accumulator[39]                                                                                 ; Duplicated      ; Router Logic Cell Insertion and Logic Duplication ; Routability optimization   ;           ;                ; igor_neural_core:neural|accumulator[39]~DUPLICATE                                                                                 ;                  ;                       ;
; igor_neural_core:neural|latency_cycles[3]                                                                               ; Duplicated      ; Router Logic Cell Insertion and Logic Duplication ; Routability optimization   ;           ;                ; igor_neural_core:neural|latency_cycles[3]~DUPLICATE                                                                               ;                  ;                       ;
; igor_neural_core:neural|latency_cycles[5]                                                                               ; Duplicated      ; Router Logic Cell Insertion and Logic Duplication ; Routability optimization   ;           ;                ; igor_neural_core:neural|latency_cycles[5]~DUPLICATE                                                                               ;                  ;                       ;
; igor_neural_core:neural|latency_cycles[6]                                                                               ; Duplicated      ; Router Logic Cell Insertion and Logic Duplication ; Routability optimization   ;           ;                ; igor_neural_core:neural|latency_cycles[6]~DUPLICATE                                                                               ;                  ;                       ;
; igor_neural_core:neural|latency_cycles[8]                                                                               ; Duplicated      ; Router Logic Cell Insertion and Logic Duplication ; Routability optimization   ;           ;                ; igor_neural_core:neural|latency_cycles[8]~DUPLICATE                                                                               ;                  ;                       ;
; igor_neural_core:neural|latency_cycles[11]                                                                              ; Duplicated      ; Router Logic Cell Insertion and Logic Duplication ; Routability optimization   ;           ;                ; igor_neural_core:neural|latency_cycles[11]~DUPLICATE                                                                              ;                  ;                       ;
; igor_neural_core:neural|latency_cycles[14]                                                                              ; Duplicated      ; Router Logic Cell Insertion and Logic Duplication ; Routability optimization   ;           ;                ; igor_neural_core:neural|latency_cycles[14]~DUPLICATE                                                                              ;                  ;                       ;
; igor_neural_core:neural|latency_cycles[15]                                                                              ; Duplicated      ; Router Logic Cell Insertion and Logic Duplication ; Routability optimization   ;           ;                ; igor_neural_core:neural|latency_cycles[15]~DUPLICATE                                                                              ;                  ;                       ;
; igor_neural_core:neural|latency_cycles[17]                                                                              ; Duplicated      ; Router Logic Cell Insertion and Logic Duplication ; Routability optimization   ;           ;                ; igor_neural_core:neural|latency_cycles[17]~DUPLICATE                                                                              ;                  ;                       ;
; igor_neural_core:neural|latency_cycles[22]                                                                              ; Duplicated      ; Router Logic Cell Insertion and Logic Duplication ; Routability optimization   ;           ;                ; igor_neural_core:neural|latency_cycles[22]~DUPLICATE                                                                              ;                  ;                       ;
; igor_neural_core:neural|layer[0]                                                                                        ; Duplicated      ; Router Logic Cell Insertion and Logic Duplication ; Routability optimization   ;           ;                ; igor_neural_core:neural|layer[0]~DUPLICATE                                                                                        ;                  ;                       ;
; igor_neural_core:neural|layer[1]                                                                                        ; Duplicated      ; Router Logic Cell Insertion and Logic Duplication ; Routability optimization   ;           ;                ; igor_neural_core:neural|layer[1]~DUPLICATE                                                                                        ;                  ;                       ;
; igor_neural_core:neural|state.0011                                                                                      ; Duplicated      ; Router Logic Cell Insertion and Logic Duplication ; Routability optimization   ;           ;                ; igor_neural_core:neural|state.0011~DUPLICATE                                                                                      ;                  ;                       ;
; igor_top:core|igor_config_registers:cfg|fault                                                                           ; Duplicated      ; Router Logic Cell Insertion and Logic Duplication ; Routability optimization   ;           ;                ; igor_top:core|igor_config_registers:cfg|fault~DUPLICATE                                                                           ;                  ;                       ;
; igor_top:core|igor_config_registers:cfg|max_dv[1]                                                                       ; Duplicated      ; Router Logic Cell Insertion and Logic Duplication ; Routability optimization   ;           ;                ; igor_top:core|igor_config_registers:cfg|max_dv[1]~DUPLICATE                                                                       ;                  ;                       ;
; igor_top:core|igor_config_registers:cfg|max_dw[2]                                                                       ; Duplicated      ; Router Logic Cell Insertion and Logic Duplication ; Routability optimization   ;           ;                ; igor_top:core|igor_config_registers:cfg|max_dw[2]~DUPLICATE                                                                       ;                  ;                       ;
; igor_top:core|igor_config_registers:cfg|max_dw[4]                                                                       ; Duplicated      ; Router Logic Cell Insertion and Logic Duplication ; Routability optimization   ;           ;                ; igor_top:core|igor_config_registers:cfg|max_dw[4]~DUPLICATE                                                                       ;                  ;                       ;
; igor_top:core|igor_config_registers:cfg|max_v[2]                                                                        ; Duplicated      ; Router Logic Cell Insertion and Logic Duplication ; Routability optimization   ;           ;                ; igor_top:core|igor_config_registers:cfg|max_v[2]~DUPLICATE                                                                        ;                  ;                       ;
; igor_top:core|igor_config_registers:cfg|max_w[0]                                                                        ; Duplicated      ; Router Logic Cell Insertion and Logic Duplication ; Routability optimization   ;           ;                ; igor_top:core|igor_config_registers:cfg|max_w[0]~DUPLICATE                                                                        ;                  ;                       ;
; igor_top:core|igor_config_registers:cfg|max_w[1]                                                                        ; Duplicated      ; Router Logic Cell Insertion and Logic Duplication ; Routability optimization   ;           ;                ; igor_top:core|igor_config_registers:cfg|max_w[1]~DUPLICATE                                                                        ;                  ;                       ;
; igor_top:core|igor_config_registers:cfg|max_w[2]                                                                        ; Duplicated      ; Router Logic Cell Insertion and Logic Duplication ; Routability optimization   ;           ;                ; igor_top:core|igor_config_registers:cfg|max_w[2]~DUPLICATE                                                                        ;                  ;                       ;
; igor_top:core|igor_config_registers:cfg|max_w[3]                                                                        ; Duplicated      ; Router Logic Cell Insertion and Logic Duplication ; Routability optimization   ;           ;                ; igor_top:core|igor_config_registers:cfg|max_w[3]~DUPLICATE                                                                        ;                  ;                       ;
; igor_top:core|igor_config_registers:cfg|max_w[4]                                                                        ; Duplicated      ; Router Logic Cell Insertion and Logic Duplication ; Routability optimization   ;           ;                ; igor_top:core|igor_config_registers:cfg|max_w[4]~DUPLICATE                                                                        ;                  ;                       ;
; igor_top:core|igor_costmap_bank:tiles[0].memory|altsyncram:memory_rtl_0|altsyncram_lap1:auto_generated|address_reg_b[0] ; Duplicated      ; Router Logic Cell Insertion and Logic Duplication ; Routability optimization   ;           ;                ; igor_top:core|igor_costmap_bank:tiles[0].memory|altsyncram:memory_rtl_0|altsyncram_lap1:auto_generated|address_reg_b[0]~DUPLICATE ;                  ;                       ;
; igor_top:core|igor_costmap_bank:tiles[0].memory|altsyncram:memory_rtl_0|altsyncram_lap1:auto_generated|address_reg_b[1] ; Duplicated      ; Router Logic Cell Insertion and Logic Duplication ; Routability optimization   ;           ;                ; igor_top:core|igor_costmap_bank:tiles[0].memory|altsyncram:memory_rtl_0|altsyncram_lap1:auto_generated|address_reg_b[1]~DUPLICATE ;                  ;                       ;
; igor_top:core|igor_costmap_bank:tiles[1].memory|altsyncram:memory_rtl_0|altsyncram_lap1:auto_generated|address_reg_b[0] ; Duplicated      ; Router Logic Cell Insertion and Logic Duplication ; Routability optimization   ;           ;                ; igor_top:core|igor_costmap_bank:tiles[1].memory|altsyncram:memory_rtl_0|altsyncram_lap1:auto_generated|address_reg_b[0]~DUPLICATE ;                  ;                       ;
; igor_top:core|igor_costmap_manager:maps|age[6]                                                                          ; Duplicated      ; Router Logic Cell Insertion and Logic Duplication ; Routability optimization   ;           ;                ; igor_top:core|igor_costmap_manager:maps|age[6]~DUPLICATE                                                                          ;                  ;                       ;
; igor_top:core|igor_costmap_manager:maps|age[7]                                                                          ; Duplicated      ; Router Logic Cell Insertion and Logic Duplication ; Routability optimization   ;           ;                ; igor_top:core|igor_costmap_manager:maps|age[7]~DUPLICATE                                                                          ;                  ;                       ;
; igor_top:core|igor_costmap_manager:maps|age[9]                                                                          ; Duplicated      ; Router Logic Cell Insertion and Logic Duplication ; Routability optimization   ;           ;                ; igor_top:core|igor_costmap_manager:maps|age[9]~DUPLICATE                                                                          ;                  ;                       ;
; igor_top:core|igor_costmap_manager:maps|age[13]                                                                         ; Duplicated      ; Router Logic Cell Insertion and Logic Duplication ; Routability optimization   ;           ;                ; igor_top:core|igor_costmap_manager:maps|age[13]~DUPLICATE                                                                         ;                  ;                       ;
; igor_top:core|igor_costmap_manager:maps|age[16]                                                                         ; Duplicated      ; Router Logic Cell Insertion and Logic Duplication ; Routability optimization   ;           ;                ; igor_top:core|igor_costmap_manager:maps|age[16]~DUPLICATE                                                                         ;                  ;                       ;
; igor_top:core|igor_costmap_manager:maps|age[21]                                                                         ; Duplicated      ; Router Logic Cell Insertion and Logic Duplication ; Routability optimization   ;           ;                ; igor_top:core|igor_costmap_manager:maps|age[21]~DUPLICATE                                                                         ;                  ;                       ;
; igor_top:core|igor_costmap_manager:maps|age[22]                                                                         ; Duplicated      ; Router Logic Cell Insertion and Logic Duplication ; Routability optimization   ;           ;                ; igor_top:core|igor_costmap_manager:maps|age[22]~DUPLICATE                                                                         ;                  ;                       ;
; igor_top:core|igor_costmap_manager:maps|age[30]                                                                         ; Duplicated      ; Router Logic Cell Insertion and Logic Duplication ; Routability optimization   ;           ;                ; igor_top:core|igor_costmap_manager:maps|age[30]~DUPLICATE                                                                         ;                  ;                       ;
; igor_top:core|igor_costmap_manager:maps|count[6]                                                                        ; Duplicated      ; Router Logic Cell Insertion and Logic Duplication ; Routability optimization   ;           ;                ; igor_top:core|igor_costmap_manager:maps|count[6]~DUPLICATE                                                                        ;                  ;                       ;
; igor_top:core|igor_costmap_manager:maps|count[10]                                                                       ; Duplicated      ; Router Logic Cell Insertion and Logic Duplication ; Routability optimization   ;           ;                ; igor_top:core|igor_costmap_manager:maps|count[10]~DUPLICATE                                                                       ;                  ;                       ;
; igor_top:core|igor_costmap_manager:maps|fault                                                                           ; Duplicated      ; Router Logic Cell Insertion and Logic Duplication ; Routability optimization   ;           ;                ; igor_top:core|igor_costmap_manager:maps|fault~DUPLICATE                                                                           ;                  ;                       ;
; igor_top:core|igor_costmap_manager:maps|loading                                                                         ; Duplicated      ; Router Logic Cell Insertion and Logic Duplication ; Routability optimization   ;           ;                ; igor_top:core|igor_costmap_manager:maps|loading~DUPLICATE                                                                         ;                  ;                       ;
; igor_uart_protocol:serial|crc[2]                                                                                        ; Duplicated      ; Router Logic Cell Insertion and Logic Duplication ; Routability optimization   ;           ;                ; igor_uart_protocol:serial|crc[2]~DUPLICATE                                                                                        ;                  ;                       ;
; igor_uart_protocol:serial|crc[3]                                                                                        ; Duplicated      ; Router Logic Cell Insertion and Logic Duplication ; Routability optimization   ;           ;                ; igor_uart_protocol:serial|crc[3]~DUPLICATE                                                                                        ;                  ;                       ;
; igor_uart_protocol:serial|crc[6]                                                                                        ; Duplicated      ; Router Logic Cell Insertion and Logic Duplication ; Routability optimization   ;           ;                ; igor_uart_protocol:serial|crc[6]~DUPLICATE                                                                                        ;                  ;                       ;
; igor_uart_protocol:serial|igor_uart_rx:receiver|count[0]                                                                ; Duplicated      ; Router Logic Cell Insertion and Logic Duplication ; Routability optimization   ;           ;                ; igor_uart_protocol:serial|igor_uart_rx:receiver|count[0]~DUPLICATE                                                                ;                  ;                       ;
; igor_uart_protocol:serial|igor_uart_rx:receiver|count[1]                                                                ; Duplicated      ; Router Logic Cell Insertion and Logic Duplication ; Routability optimization   ;           ;                ; igor_uart_protocol:serial|igor_uart_rx:receiver|count[1]~DUPLICATE                                                                ;                  ;                       ;
; igor_uart_protocol:serial|igor_uart_rx:receiver|count[6]                                                                ; Duplicated      ; Router Logic Cell Insertion and Logic Duplication ; Routability optimization   ;           ;                ; igor_uart_protocol:serial|igor_uart_rx:receiver|count[6]~DUPLICATE                                                                ;                  ;                       ;
; igor_uart_protocol:serial|igor_uart_rx:receiver|count[8]                                                                ; Duplicated      ; Router Logic Cell Insertion and Logic Duplication ; Routability optimization   ;           ;                ; igor_uart_protocol:serial|igor_uart_rx:receiver|count[8]~DUPLICATE                                                                ;                  ;                       ;
; igor_uart_protocol:serial|igor_uart_rx:receiver|count[9]                                                                ; Duplicated      ; Router Logic Cell Insertion and Logic Duplication ; Routability optimization   ;           ;                ; igor_uart_protocol:serial|igor_uart_rx:receiver|count[9]~DUPLICATE                                                                ;                  ;                       ;
; igor_uart_protocol:serial|igor_uart_rx:receiver|data[2]                                                                 ; Duplicated      ; Router Logic Cell Insertion and Logic Duplication ; Routability optimization   ;           ;                ; igor_uart_protocol:serial|igor_uart_rx:receiver|data[2]~DUPLICATE                                                                 ;                  ;                       ;
; igor_uart_protocol:serial|igor_uart_rx:receiver|data[5]                                                                 ; Duplicated      ; Router Logic Cell Insertion and Logic Duplication ; Routability optimization   ;           ;                ; igor_uart_protocol:serial|igor_uart_rx:receiver|data[5]~DUPLICATE                                                                 ;                  ;                       ;
; igor_uart_protocol:serial|igor_uart_tx:transmitter|bit_index[0]                                                         ; Duplicated      ; Router Logic Cell Insertion and Logic Duplication ; Routability optimization   ;           ;                ; igor_uart_protocol:serial|igor_uart_tx:transmitter|bit_index[0]~DUPLICATE                                                         ;                  ;                       ;
; igor_uart_protocol:serial|igor_uart_tx:transmitter|bit_index[1]                                                         ; Duplicated      ; Router Logic Cell Insertion and Logic Duplication ; Routability optimization   ;           ;                ; igor_uart_protocol:serial|igor_uart_tx:transmitter|bit_index[1]~DUPLICATE                                                         ;                  ;                       ;
; igor_uart_protocol:serial|opcode[2]                                                                                     ; Duplicated      ; Router Logic Cell Insertion and Logic Duplication ; Routability optimization   ;           ;                ; igor_uart_protocol:serial|opcode[2]~DUPLICATE                                                                                     ;                  ;                       ;
; igor_uart_protocol:serial|out_pos[0]                                                                                    ; Duplicated      ; Router Logic Cell Insertion and Logic Duplication ; Routability optimization   ;           ;                ; igor_uart_protocol:serial|out_pos[0]~DUPLICATE                                                                                    ;                  ;                       ;
; igor_uart_protocol:serial|payload[6]                                                                                    ; Duplicated      ; Router Logic Cell Insertion and Logic Duplication ; Routability optimization   ;           ;                ; igor_uart_protocol:serial|payload[6]~DUPLICATE                                                                                    ;                  ;                       ;
; igor_uart_protocol:serial|payload[7]                                                                                    ; Duplicated      ; Router Logic Cell Insertion and Logic Duplication ; Routability optimization   ;           ;                ; igor_uart_protocol:serial|payload[7]~DUPLICATE                                                                                    ;                  ;                       ;
; igor_uart_protocol:serial|payload[12]                                                                                   ; Duplicated      ; Router Logic Cell Insertion and Logic Duplication ; Routability optimization   ;           ;                ; igor_uart_protocol:serial|payload[12]~DUPLICATE                                                                                   ;                  ;                       ;
; igor_uart_protocol:serial|payload[27]                                                                                   ; Duplicated      ; Router Logic Cell Insertion and Logic Duplication ; Routability optimization   ;           ;                ; igor_uart_protocol:serial|payload[27]~DUPLICATE                                                                                   ;                  ;                       ;
; igor_uart_protocol:serial|payload[30]                                                                                   ; Duplicated      ; Router Logic Cell Insertion and Logic Duplication ; Routability optimization   ;           ;                ; igor_uart_protocol:serial|payload[30]~DUPLICATE                                                                                   ;                  ;                       ;
; igor_uart_protocol:serial|payload[31]                                                                                   ; Duplicated      ; Router Logic Cell Insertion and Logic Duplication ; Routability optimization   ;           ;                ; igor_uart_protocol:serial|payload[31]~DUPLICATE                                                                                   ;                  ;                       ;
; igor_uart_protocol:serial|pos[0]                                                                                        ; Duplicated      ; Router Logic Cell Insertion and Logic Duplication ; Routability optimization   ;           ;                ; igor_uart_protocol:serial|pos[0]~DUPLICATE                                                                                        ;                  ;                       ;
; igor_uart_protocol:serial|pos[2]                                                                                        ; Duplicated      ; Router Logic Cell Insertion and Logic Duplication ; Routability optimization   ;           ;                ; igor_uart_protocol:serial|pos[2]~DUPLICATE                                                                                        ;                  ;                       ;
; igor_uart_protocol:serial|pos[3]                                                                                        ; Duplicated      ; Router Logic Cell Insertion and Logic Duplication ; Routability optimization   ;           ;                ; igor_uart_protocol:serial|pos[3]~DUPLICATE                                                                                        ;                  ;                       ;
; igor_uart_protocol:serial|respond_delay[1]                                                                              ; Duplicated      ; Router Logic Cell Insertion and Logic Duplication ; Routability optimization   ;           ;                ; igor_uart_protocol:serial|respond_delay[1]~DUPLICATE                                                                              ;                  ;                       ;
; igor_uart_protocol:serial|respond_delay[2]                                                                              ; Duplicated      ; Router Logic Cell Insertion and Logic Duplication ; Routability optimization   ;           ;                ; igor_uart_protocol:serial|respond_delay[2]~DUPLICATE                                                                              ;                  ;                       ;
; igor_uart_protocol:serial|response_sample[17]                                                                           ; Duplicated      ; Router Logic Cell Insertion and Logic Duplication ; Routability optimization   ;           ;                ; igor_uart_protocol:serial|response_sample[17]~DUPLICATE                                                                           ;                  ;                       ;
; igor_uart_protocol:serial|response_sample[19]                                                                           ; Duplicated      ; Router Logic Cell Insertion and Logic Duplication ; Routability optimization   ;           ;                ; igor_uart_protocol:serial|response_sample[19]~DUPLICATE                                                                           ;                  ;                       ;
; igor_uart_protocol:serial|response_sample[27]                                                                           ; Duplicated      ; Router Logic Cell Insertion and Logic Duplication ; Routability optimization   ;           ;                ; igor_uart_protocol:serial|response_sample[27]~DUPLICATE                                                                           ;                  ;                       ;
+-------------------------------------------------------------------------------------------------------------------------+-----------------+---------------------------------------------------+----------------------------+-----------+----------------+-----------------------------------------------------------------------------------------------------------------------------------+------------------+-----------------------+


+---------------------------------------------------------------------------------------------------+
; Incremental Compilation Preservation Summary                                                      ;
+---------------------+---------------------+----------------------------+--------------------------+
; Type                ; Total [A + B]       ; From Design Partitions [A] ; From Rapid Recompile [B] ;
+---------------------+---------------------+----------------------------+--------------------------+
; Placement (by node) ;                     ;                            ;                          ;
;     -- Requested    ; 0.00 % ( 0 / 8111 ) ; 0.00 % ( 0 / 8111 )        ; 0.00 % ( 0 / 8111 )      ;
;     -- Achieved     ; 0.00 % ( 0 / 8111 ) ; 0.00 % ( 0 / 8111 )        ; 0.00 % ( 0 / 8111 )      ;
;                     ;                     ;                            ;                          ;
; Routing (by net)    ;                     ;                            ;                          ;
;     -- Requested    ; 0.00 % ( 0 / 0 )    ; 0.00 % ( 0 / 0 )           ; 0.00 % ( 0 / 0 )         ;
;     -- Achieved     ; 0.00 % ( 0 / 0 )    ; 0.00 % ( 0 / 0 )           ; 0.00 % ( 0 / 0 )         ;
+---------------------+---------------------+----------------------------+--------------------------+


+----------------------------------------------------------------------------------------------------------------------------------------------------------------------------------------+
; Incremental Compilation Partition Settings                                                                                                                                             ;
+--------------------------------+----------------+-------------------+-------------------------+------------------------+------------------------------+--------------------------------+
; Partition Name                 ; Partition Type ; Netlist Type Used ; Preservation Level Used ; Netlist Type Requested ; Preservation Level Requested ; Contents                       ;
+--------------------------------+----------------+-------------------+-------------------------+------------------------+------------------------------+--------------------------------+
; Top                            ; User-created   ; Source File       ; N/A                     ; Source File            ; N/A                          ;                                ;
; hard_block:auto_generated_inst ; Auto-generated ; Source File       ; N/A                     ; Source File            ; N/A                          ; hard_block:auto_generated_inst ;
+--------------------------------+----------------+-------------------+-------------------------+------------------------+------------------------------+--------------------------------+


+------------------------------------------------------------------------------------------------------------------------------------+
; Incremental Compilation Placement Preservation                                                                                     ;
+--------------------------------+-----------------------+-------------------------+-------------------+---------------------+-------+
; Partition Name                 ; Preservation Achieved ; Preservation Level Used ; Netlist Type Used ; Preservation Method ; Notes ;
+--------------------------------+-----------------------+-------------------------+-------------------+---------------------+-------+
; Top                            ; 0.00 % ( 0 / 8111 )   ; N/A                     ; Source File       ; N/A                 ;       ;
; hard_block:auto_generated_inst ; 0.00 % ( 0 / 0 )      ; N/A                     ; Source File       ; N/A                 ;       ;
+--------------------------------+-----------------------+-------------------------+-------------------+---------------------+-------+


+--------------+
; Pin-Out File ;
+--------------+
The pin-out file can be found in C:/Users/William Anthony/Documents/Codex/2026-09-30/files-mentioned-by-the-user-draft/outputs/igor_20260930/quartus/output_files/igor.pin.


+---------------------------------------------------------------------------------------------+
; Fitter Resource Usage Summary                                                               ;
+-------------------------------------------------------------+-----------------------+-------+
; Resource                                                    ; Usage                 ; %     ;
+-------------------------------------------------------------+-----------------------+-------+
; Logic utilization (ALMs needed / total ALMs on device)      ; 4,964 / 41,910        ; 12 %  ;
; ALMs needed [=A-B+C]                                        ; 4,964                 ;       ;
;     [A] ALMs used in final placement [=a+b+c+d]             ; 5,090 / 41,910        ; 12 %  ;
;         [a] ALMs used for LUT logic and registers           ; 505                   ;       ;
;         [b] ALMs used for LUT logic                         ; 4,366                 ;       ;
;         [c] ALMs used for registers                         ; 219                   ;       ;
;         [d] ALMs used for memory (up to half of total ALMs) ; 0                     ;       ;
;     [B] Estimate of ALMs recoverable by dense packing       ; 159 / 41,910          ; < 1 % ;
;     [C] Estimate of ALMs unavailable [=a+b+c+d]             ; 33 / 41,910           ; < 1 % ;
;         [a] Due to location constrained logic               ; 0                     ;       ;
;         [b] Due to LAB-wide signal conflicts                ; 0                     ;       ;
;         [c] Due to LAB input limits                         ; 33                    ;       ;
;         [d] Due to virtual I/Os                             ; 0                     ;       ;
;                                                             ;                       ;       ;
; Difficulty packing design                                   ; Low                   ;       ;
;                                                             ;                       ;       ;
; Total LABs:  partially or completely used                   ; 592 / 4,191           ; 14 %  ;
;     -- Logic LABs                                           ; 592                   ;       ;
;     -- Memory LABs (up to half of total LABs)               ; 0                     ;       ;
;                                                             ;                       ;       ;
; Combinational ALUT usage for logic                          ; 6,434                 ;       ;
;     -- 7 input functions                                    ; 520                   ;       ;
;     -- 6 input functions                                    ; 2,878                 ;       ;
;     -- 5 input functions                                    ; 414                   ;       ;
;     -- 4 input functions                                    ; 489                   ;       ;
;     -- <=3 input functions                                  ; 2,133                 ;       ;
; Combinational ALUT usage for route-throughs                 ; 192                   ;       ;
;                                                             ;                       ;       ;
; Dedicated logic registers                                   ; 1,554                 ;       ;
;     -- By type:                                             ;                       ;       ;
;         -- Primary logic registers                          ; 1,447 / 83,820        ; 2 %   ;
;         -- Secondary logic registers                        ; 107 / 83,820          ; < 1 % ;
;     -- By function:                                         ;                       ;       ;
;         -- Design implementation registers                  ; 1,471                 ;       ;
;         -- Routing optimization registers                   ; 83                    ;       ;
;                                                             ;                       ;       ;
; Virtual pins                                                ; 0                     ;       ;
; I/O pins                                                    ; 17 / 314              ; 5 %   ;
;     -- Clock pins                                           ; 4 / 8                 ; 50 %  ;
;     -- Dedicated input pins                                 ; 0 / 21                ; 0 %   ;
;                                                             ;                       ;       ;
; Hard processor system peripheral utilization                ;                       ;       ;
;     -- Boot from FPGA                                       ; 0 / 1 ( 0 % )         ;       ;
;     -- Clock resets                                         ; 0 / 1 ( 0 % )         ;       ;
;     -- Cross trigger                                        ; 0 / 1 ( 0 % )         ;       ;
;     -- S2F AXI                                              ; 0 / 1 ( 0 % )         ;       ;
;     -- F2S AXI                                              ; 0 / 1 ( 0 % )         ;       ;
;     -- AXI Lightweight                                      ; 0 / 1 ( 0 % )         ;       ;
;     -- SDRAM                                                ; 0 / 1 ( 0 % )         ;       ;
;     -- Interrupts                                           ; 0 / 1 ( 0 % )         ;       ;
;     -- JTAG                                                 ; 0 / 1 ( 0 % )         ;       ;
;     -- Loan I/O                                             ; 0 / 1 ( 0 % )         ;       ;
;     -- MPU event standby                                    ; 0 / 1 ( 0 % )         ;       ;
;     -- MPU general purpose                                  ; 0 / 1 ( 0 % )         ;       ;
;     -- STM event                                            ; 0 / 1 ( 0 % )         ;       ;
;     -- TPIU trace                                           ; 0 / 1 ( 0 % )         ;       ;
;     -- DMA                                                  ; 0 / 1 ( 0 % )         ;       ;
;     -- CAN                                                  ; 0 / 2 ( 0 % )         ;       ;
;     -- EMAC                                                 ; 0 / 2 ( 0 % )         ;       ;
;     -- I2C                                                  ; 0 / 4 ( 0 % )         ;       ;
;     -- NAND Flash                                           ; 0 / 1 ( 0 % )         ;       ;
;     -- QSPI                                                 ; 0 / 1 ( 0 % )         ;       ;
;     -- SDMMC                                                ; 0 / 1 ( 0 % )         ;       ;
;     -- SPI Master                                           ; 0 / 2 ( 0 % )         ;       ;
;     -- SPI Slave                                            ; 0 / 2 ( 0 % )         ;       ;
;     -- UART                                                 ; 0 / 2 ( 0 % )         ;       ;
;     -- USB                                                  ; 0 / 2 ( 0 % )         ;       ;
;                                                             ;                       ;       ;
; M10K blocks                                                 ; 131 / 553             ; 24 %  ;
; Total MLAB memory bits                                      ; 0                     ;       ;
; Total block memory bits                                     ; 1,051,008 / 5,662,720 ; 19 %  ;
; Total block memory implementation bits                      ; 1,341,440 / 5,662,720 ; 24 %  ;
;                                                             ;                       ;       ;
; Total DSP Blocks                                            ; 10 / 112              ; 9 %   ;
;                                                             ;                       ;       ;
; Fractional PLLs                                             ; 0 / 6                 ; 0 %   ;
; Global signals                                              ; 1                     ;       ;
;     -- Global clocks                                        ; 1 / 16                ; 6 %   ;
;     -- Quadrant clocks                                      ; 0 / 66                ; 0 %   ;
;     -- Horizontal periphery clocks                          ; 0 / 18                ; 0 %   ;
; SERDES Transmitters                                         ; 0 / 100               ; 0 %   ;
; SERDES Receivers                                            ; 0 / 100               ; 0 %   ;
; JTAGs                                                       ; 0 / 1                 ; 0 %   ;
; ASMI blocks                                                 ; 0 / 1                 ; 0 %   ;
; CRC blocks                                                  ; 0 / 1                 ; 0 %   ;
; Remote update blocks                                        ; 0 / 1                 ; 0 %   ;
; Oscillator blocks                                           ; 0 / 1                 ; 0 %   ;
; Impedance control blocks                                    ; 0 / 4                 ; 0 %   ;
; Hard Memory Controllers                                     ; 0 / 1                 ; 0 %   ;
; Average interconnect usage (total/H/V)                      ; 3.6% / 3.6% / 3.3%    ;       ;
; Peak interconnect usage (total/H/V)                         ; 20.9% / 21.5% / 18.8% ;       ;
; Maximum fan-out                                             ; 1695                  ;       ;
; Highest non-global fan-out                                  ; 1361                  ;       ;
; Total fan-out                                               ; 40938                 ;       ;
; Average fan-out                                             ; 4.90                  ;       ;
+-------------------------------------------------------------+-----------------------+-------+


+----------------------------------------------------------------------------------------------------------------------+
; Fitter Partition Statistics                                                                                          ;
+-------------------------------------------------------------+-----------------------+--------------------------------+
; Statistic                                                   ; Top                   ; hard_block:auto_generated_inst ;
+-------------------------------------------------------------+-----------------------+--------------------------------+
; Logic utilization (ALMs needed / total ALMs on device)      ; 4964 / 41910 ( 12 % ) ; 0 / 41910 ( 0 % )              ;
; ALMs needed [=A-B+C]                                        ; 4964                  ; 0                              ;
;     [A] ALMs used in final placement [=a+b+c+d]             ; 5090 / 41910 ( 12 % ) ; 0 / 41910 ( 0 % )              ;
;         [a] ALMs used for LUT logic and registers           ; 505                   ; 0                              ;
;         [b] ALMs used for LUT logic                         ; 4366                  ; 0                              ;
;         [c] ALMs used for registers                         ; 219                   ; 0                              ;
;         [d] ALMs used for memory (up to half of total ALMs) ; 0                     ; 0                              ;
;     [B] Estimate of ALMs recoverable by dense packing       ; 159 / 41910 ( < 1 % ) ; 0 / 41910 ( 0 % )              ;
;     [C] Estimate of ALMs unavailable [=a+b+c+d]             ; 33 / 41910 ( < 1 % )  ; 0 / 41910 ( 0 % )              ;
;         [a] Due to location constrained logic               ; 0                     ; 0                              ;
;         [b] Due to LAB-wide signal conflicts                ; 0                     ; 0                              ;
;         [c] Due to LAB input limits                         ; 33                    ; 0                              ;
;         [d] Due to virtual I/Os                             ; 0                     ; 0                              ;
;                                                             ;                       ;                                ;
; Difficulty packing design                                   ; Low                   ; Low                            ;
;                                                             ;                       ;                                ;
; Total LABs:  partially or completely used                   ; 592 / 4191 ( 14 % )   ; 0 / 4191 ( 0 % )               ;
;     -- Logic LABs                                           ; 592                   ; 0                              ;
;     -- Memory LABs (up to half of total LABs)               ; 0                     ; 0                              ;
;                                                             ;                       ;                                ;
; Combinational ALUT usage for logic                          ; 6434                  ; 0                              ;
;     -- 7 input functions                                    ; 520                   ; 0                              ;
;     -- 6 input functions                                    ; 2878                  ; 0                              ;
;     -- 5 input functions                                    ; 414                   ; 0                              ;
;     -- 4 input functions                                    ; 489                   ; 0                              ;
;     -- <=3 input functions                                  ; 2133                  ; 0                              ;
; Combinational ALUT usage for route-throughs                 ; 192                   ; 0                              ;
; Memory ALUT usage                                           ; 0                     ; 0                              ;
;     -- 64-address deep                                      ; 0                     ; 0                              ;
;     -- 32-address deep                                      ; 0                     ; 0                              ;
;                                                             ;                       ;                                ;
; Dedicated logic registers                                   ; 0                     ; 0                              ;
;     -- By type:                                             ;                       ;                                ;
;         -- Primary logic registers                          ; 1447 / 83820 ( 2 % )  ; 0 / 83820 ( 0 % )              ;
;         -- Secondary logic registers                        ; 107 / 83820 ( < 1 % ) ; 0 / 83820 ( 0 % )              ;
;     -- By function:                                         ;                       ;                                ;
;         -- Design implementation registers                  ; 1471                  ; 0                              ;
;         -- Routing optimization registers                   ; 83                    ; 0                              ;
;                                                             ;                       ;                                ;
;                                                             ;                       ;                                ;
; Virtual pins                                                ; 0                     ; 0                              ;
; I/O pins                                                    ; 17                    ; 0                              ;
; I/O registers                                               ; 0                     ; 0                              ;
; Total block memory bits                                     ; 1051008               ; 0                              ;
; Total block memory implementation bits                      ; 1341440               ; 0                              ;
; M10K block                                                  ; 131 / 553 ( 23 % )    ; 0 / 553 ( 0 % )                ;
; DSP block                                                   ; 10 / 112 ( 8 % )      ; 0 / 112 ( 0 % )                ;
; Clock enable block                                          ; 1 / 116 ( < 1 % )     ; 0 / 116 ( 0 % )                ;
;                                                             ;                       ;                                ;
; Connections                                                 ;                       ;                                ;
;     -- Input Connections                                    ; 0                     ; 0                              ;
;     -- Registered Input Connections                         ; 0                     ; 0                              ;
;     -- Output Connections                                   ; 0                     ; 0                              ;
;     -- Registered Output Connections                        ; 0                     ; 0                              ;
;                                                             ;                       ;                                ;
; Internal Connections                                        ;                       ;                                ;
;     -- Total Connections                                    ; 42965                 ; 0                              ;
;     -- Registered Connections                               ; 28428                 ; 0                              ;
;                                                             ;                       ;                                ;
; External Connections                                        ;                       ;                                ;
;     -- Top                                                  ; 0                     ; 0                              ;
;     -- hard_block:auto_generated_inst                       ; 0                     ; 0                              ;
;                                                             ;                       ;                                ;
; Partition Interface                                         ;                       ;                                ;
;     -- Input Ports                                          ; 8                     ; 0                              ;
;     -- Output Ports                                         ; 9                     ; 0                              ;
;     -- Bidir Ports                                          ; 0                     ; 0                              ;
;                                                             ;                       ;                                ;
; Registered Ports                                            ;                       ;                                ;
;     -- Registered Input Ports                               ; 0                     ; 0                              ;
;     -- Registered Output Ports                              ; 0                     ; 0                              ;
;                                                             ;                       ;                                ;
; Port Connectivity                                           ;                       ;                                ;
;     -- Input Ports driven by GND                            ; 0                     ; 0                              ;
;     -- Output Ports driven by GND                           ; 0                     ; 0                              ;
;     -- Input Ports driven by VCC                            ; 0                     ; 0                              ;
;     -- Output Ports driven by VCC                           ; 0                     ; 0                              ;
;     -- Input Ports with no Source                           ; 0                     ; 0                              ;
;     -- Output Ports with no Source                          ; 0                     ; 0                              ;
;     -- Input Ports with no Fanout                           ; 0                     ; 0                              ;
;     -- Output Ports with no Fanout                          ; 0                     ; 0                              ;
+-------------------------------------------------------------+-----------------------+--------------------------------+


+---------------------------------------------------------------------------------------------------------------------------------------------------------------------------------------------------------------------------------------------------------------------------------------------+
; Input Pins                                                                                                                                                                                                                                                                                  ;
+--------------+-------+----------+--------------+--------------+--------------+-----------------------+--------------------+--------+----------------+-----------------+----------+--------------+--------------+-------------+---------------------------+----------------------+-----------+
; Name         ; Pin # ; I/O Bank ; X coordinate ; Y coordinate ; Z coordinate ; Combinational Fan-Out ; Registered Fan-Out ; Global ; Input Register ; PCI I/O Enabled ; Bus Hold ; Weak Pull Up ; I/O Standard ; Termination ; Termination Control Block ; Location assigned by ; Slew Rate ;
+--------------+-------+----------+--------------+--------------+--------------+-----------------------+--------------------+--------+----------------+-----------------+----------+--------------+--------------+-------------+---------------------------+----------------------+-----------+
; FPGA_CLK1_50 ; V11   ; 3B       ; 32           ; 0            ; 0            ; 1695                  ; 0                  ; yes    ; no             ; no              ; no       ; Off          ; 3.3-V LVTTL  ; Off         ; --                        ; User                 ; no        ;
; KEY[0]       ; AH17  ; 4A       ; 64           ; 0            ; 34           ; 2                     ; 0                  ; no     ; no             ; no              ; no       ; Off          ; 3.3-V LVTTL  ; Off         ; --                        ; User                 ; no        ;
; KEY[1]       ; AH16  ; 4A       ; 64           ; 0            ; 51           ; 24                    ; 0                  ; no     ; no             ; no              ; no       ; Off          ; 3.3-V LVTTL  ; Off         ; --                        ; User                 ; no        ;
; SW[0]        ; Y24   ; 5B       ; 89           ; 25           ; 3            ; 0                     ; 0                  ; no     ; no             ; no              ; no       ; Off          ; 3.3-V LVTTL  ; Off         ; --                        ; User                 ; no        ;
; SW[1]        ; W24   ; 5B       ; 89           ; 25           ; 20           ; 0                     ; 0                  ; no     ; no             ; no              ; no       ; Off          ; 3.3-V LVTTL  ; Off         ; --                        ; User                 ; no        ;
; SW[2]        ; W21   ; 5B       ; 89           ; 23           ; 3            ; 1                     ; 0                  ; no     ; no             ; no              ; no       ; Off          ; 3.3-V LVTTL  ; Off         ; --                        ; User                 ; no        ;
; SW[3]        ; W20   ; 5B       ; 89           ; 23           ; 20           ; 1                     ; 0                  ; no     ; no             ; no              ; no       ; Off          ; 3.3-V LVTTL  ; Off         ; --                        ; User                 ; no        ;
; UART_RX      ; V12   ; 3B       ; 40           ; 0            ; 0            ; 1                     ; 0                  ; no     ; no             ; no              ; no       ; Off          ; 3.3-V LVTTL  ; Off         ; --                        ; User                 ; no        ;
+--------------+-------+----------+--------------+--------------+--------------+-----------------------+--------------------+--------+----------------+-----------------+----------+--------------+--------------+-------------+---------------------------+----------------------+-----------+


+------------------------------------------------------------------------------------------------------------------------------------------------------------------------------------------------------------------------------------------------------------------------------------------------------------------------------------------------------------------------------------------------------------------------------------------------------------------------+
; Output Pins                                                                                                                                                                                                                                                                                                                                                                                                                                                            ;
+---------+-------+----------+--------------+--------------+--------------+-----------------+------------------------+-----------+-----------------+------------+---------------+----------+--------------+--------------+------------------+-------------+---------------------------+----------------------------+-----------------------------+---------------------+-----------------------------+----------------------+----------------------+---------------------+
; Name    ; Pin # ; I/O Bank ; X coordinate ; Y coordinate ; Z coordinate ; Output Register ; Output Enable Register ; Slew Rate ; PCI I/O Enabled ; Open Drain ; TRI Primitive ; Bus Hold ; Weak Pull Up ; I/O Standard ; Current Strength ; Termination ; Termination Control Block ; Output Buffer Pre-emphasis ; Voltage Output Differential ; Output Buffer Delay ; Output Buffer Delay Control ; Location assigned by ; Output Enable Source ; Output Enable Group ;
+---------+-------+----------+--------------+--------------+--------------+-----------------+------------------------+-----------+-----------------+------------+---------------+----------+--------------+--------------+------------------+-------------+---------------------------+----------------------------+-----------------------------+---------------------+-----------------------------+----------------------+----------------------+---------------------+
; LED[0]  ; W15   ; 5A       ; 89           ; 8            ; 20           ; no              ; no                     ; 1         ; no              ; no         ; no            ; no       ; Off          ; 3.3-V LVTTL  ; 16mA             ; Off         ; --                        ; no                         ; no                          ; 0                   ; Off                         ; User                 ; -                    ; -                   ;
; LED[1]  ; AA24  ; 5A       ; 89           ; 9            ; 37           ; no              ; no                     ; 1         ; no              ; no         ; no            ; no       ; Off          ; 3.3-V LVTTL  ; 16mA             ; Off         ; --                        ; no                         ; no                          ; 0                   ; Off                         ; User                 ; -                    ; -                   ;
; LED[2]  ; V16   ; 5A       ; 89           ; 9            ; 3            ; no              ; no                     ; 1         ; no              ; no         ; no            ; no       ; Off          ; 3.3-V LVTTL  ; 16mA             ; Off         ; --                        ; no                         ; no                          ; 0                   ; Off                         ; User                 ; -                    ; -                   ;
; LED[3]  ; V15   ; 5A       ; 89           ; 9            ; 20           ; no              ; no                     ; 1         ; no              ; no         ; no            ; no       ; Off          ; 3.3-V LVTTL  ; 16mA             ; Off         ; --                        ; no                         ; no                          ; 0                   ; Off                         ; User                 ; -                    ; -                   ;
; LED[4]  ; AF26  ; 5A       ; 89           ; 4            ; 77           ; no              ; no                     ; 1         ; no              ; no         ; no            ; no       ; Off          ; 3.3-V LVTTL  ; 16mA             ; Off         ; --                        ; no                         ; no                          ; 0                   ; Off                         ; User                 ; -                    ; -                   ;
; LED[5]  ; AE26  ; 5A       ; 89           ; 4            ; 94           ; no              ; no                     ; 1         ; no              ; no         ; no            ; no       ; Off          ; 3.3-V LVTTL  ; 16mA             ; Off         ; --                        ; no                         ; no                          ; 0                   ; Off                         ; User                 ; -                    ; -                   ;
; LED[6]  ; Y16   ; 5A       ; 89           ; 8            ; 3            ; no              ; no                     ; 1         ; no              ; no         ; no            ; no       ; Off          ; 3.3-V LVTTL  ; 16mA             ; Off         ; --                        ; no                         ; no                          ; 0                   ; Off                         ; User                 ; -                    ; -                   ;
; LED[7]  ; AA23  ; 5A       ; 89           ; 9            ; 54           ; no              ; no                     ; 1         ; no              ; no         ; no            ; no       ; Off          ; 3.3-V LVTTL  ; 16mA             ; Off         ; --                        ; no                         ; no                          ; 0                   ; Off                         ; User                 ; -                    ; -                   ;
; UART_TX ; E8    ; 8A       ; 38           ; 81           ; 34           ; no              ; no                     ; 1         ; no              ; no         ; no            ; no       ; Off          ; 3.3-V LVTTL  ; 16mA             ; Off         ; --                        ; no                         ; no                          ; 0                   ; Off                         ; User                 ; -                    ; -                   ;
+---------+-------+----------+--------------+--------------+--------------+-----------------+------------------------+-----------+-----------------+------------+---------------+----------+--------------+--------------+------------------+-------------+---------------------------+----------------------------+-----------------------------+---------------------+-----------------------------+----------------------+----------------------+---------------------+


+---------------------------------------------------------------------------+
; I/O Bank Usage                                                            ;
+----------+-----------------+---------------+--------------+---------------+
; I/O Bank ; Usage           ; VCCIO Voltage ; VREF Voltage ; VCCPD Voltage ;
+----------+-----------------+---------------+--------------+---------------+
; B2L      ; 0 / 0 ( -- )    ; --            ; --           ; --            ;
; B1L      ; 0 / 0 ( -- )    ; --            ; --           ; --            ;
; 3A       ; 0 / 16 ( 0 % )  ; 2.5V          ; --           ; 2.5V          ;
; 3B       ; 2 / 32 ( 6 % )  ; 3.3V          ; --           ; 3.3V          ;
; 4A       ; 2 / 68 ( 3 % )  ; 3.3V          ; --           ; 3.3V          ;
; 5A       ; 8 / 16 ( 50 % ) ; 3.3V          ; --           ; 3.3V          ;
; 5B       ; 4 / 7 ( 57 % )  ; 3.3V          ; --           ; 3.3V          ;
; 6B       ; 0 / 44 ( 0 % )  ; 2.5V          ; --           ; 2.5V          ;
; 6A       ; 0 / 56 ( 0 % )  ; 2.5V          ; --           ; 2.5V          ;
; 7A       ; 0 / 19 ( 0 % )  ; 2.5V          ; --           ; 2.5V          ;
; 7B       ; 0 / 22 ( 0 % )  ; 2.5V          ; --           ; 2.5V          ;
; 7C       ; 0 / 12 ( 0 % )  ; 2.5V          ; --           ; 2.5V          ;
; 7D       ; 0 / 14 ( 0 % )  ; 2.5V          ; --           ; 2.5V          ;
; 8A       ; 1 / 6 ( 17 % )  ; 3.3V          ; --           ; 3.3V          ;
+----------+-----------------+---------------+--------------+---------------+


+-----------------------------------------------------------------------------------------------------------------------------------------------------------------------------------+
; All Package Pins                                                                                                                                                                  ;
+----------+------------+----------------+---------------------------------+--------+--------------+---------------------+--------------+-----------------+----------+--------------+
; Location ; Pad Number ; I/O Bank       ; Pin Name/Usage                  ; Dir.   ; I/O Standard ; Voltage             ; I/O Type     ; User Assignment ; Bus Hold ; Weak Pull Up ;
+----------+------------+----------------+---------------------------------+--------+--------------+---------------------+--------------+-----------------+----------+--------------+
; A2       ;            ;                ; DNU                             ;        ;              ;                     ; --           ;                 ; --       ; --           ;
; A3       ;            ;                ; GND                             ; gnd    ;              ;                     ; --           ;                 ; --       ; --           ;
; A4       ; 435        ; 7C             ; RESERVED_INPUT_WITH_WEAK_PULLUP ;        ;              ;                     ; Column I/O   ;                 ; no       ; On           ;
; A5       ; 431        ; 7C             ; RESERVED_INPUT_WITH_WEAK_PULLUP ;        ;              ;                     ; Column I/O   ;                 ; no       ; On           ;
; A6       ; 425        ; 7B             ; RESERVED_INPUT_WITH_WEAK_PULLUP ;        ;              ;                     ; Column I/O   ;                 ; no       ; On           ;
; A7       ; 423        ; 7B             ; RESERVED_INPUT_WITH_WEAK_PULLUP ;        ;              ;                     ; Column I/O   ;                 ; no       ; On           ;
; A8       ; 421        ; 7B             ; RESERVED_INPUT_WITH_WEAK_PULLUP ;        ;              ;                     ; Column I/O   ;                 ; no       ; On           ;
; A9       ; 419        ; 7B             ; RESERVED_INPUT_WITH_WEAK_PULLUP ;        ;              ;                     ; Column I/O   ;                 ; no       ; On           ;
; A10      ;            ;                ; GND                             ; gnd    ;              ;                     ; --           ;                 ; --       ; --           ;
; A11      ; 417        ; 7B             ; RESERVED_INPUT_WITH_WEAK_PULLUP ;        ;              ;                     ; Column I/O   ;                 ; no       ; On           ;
; A12      ; 415        ; 7B             ; RESERVED_INPUT_WITH_WEAK_PULLUP ;        ;              ;                     ; Column I/O   ;                 ; no       ; On           ;
; A13      ; 413        ; 7B             ; RESERVED_INPUT_WITH_WEAK_PULLUP ;        ;              ;                     ; Column I/O   ;                 ; no       ; On           ;
; A14      ; 411        ; 7B             ; RESERVED_INPUT_WITH_WEAK_PULLUP ;        ;              ;                     ; Column I/O   ;                 ; no       ; On           ;
; A15      ; 409        ; 7B             ; RESERVED_INPUT_WITH_WEAK_PULLUP ;        ;              ;                     ; Column I/O   ;                 ; no       ; On           ;
; A16      ; 407        ; 7B             ; RESERVED_INPUT_WITH_WEAK_PULLUP ;        ;              ;                     ; Column I/O   ;                 ; no       ; On           ;
; A17      ; 399        ; 7A             ; RESERVED_INPUT_WITH_WEAK_PULLUP ;        ;              ;                     ; Column I/O   ;                 ; no       ; On           ;
; A18      ; 395        ; 7A             ; RESERVED_INPUT_WITH_WEAK_PULLUP ;        ;              ;                     ; Column I/O   ;                 ; no       ; On           ;
; A19      ; 393        ; 7A             ; RESERVED_INPUT_WITH_WEAK_PULLUP ;        ;              ;                     ; Column I/O   ;                 ; no       ; On           ;
; A20      ; 391        ; 7A             ; RESERVED_INPUT_WITH_WEAK_PULLUP ;        ;              ;                     ; Column I/O   ;                 ; no       ; On           ;
; A21      ; 389        ; 7A             ; RESERVED_INPUT_WITH_WEAK_PULLUP ;        ;              ;                     ; Column I/O   ;                 ; no       ; On           ;
; A22      ; 387        ; 7A             ; RESERVED_INPUT_WITH_WEAK_PULLUP ;        ;              ;                     ; Column I/O   ;                 ; no       ; On           ;
; A23      ; 374        ; 7A             ; ^HPS_nRST                       ;        ;              ;                     ; --           ;                 ; --       ; --           ;
; A24      ; 361        ; 6A             ; RESERVED_INPUT_WITH_WEAK_PULLUP ;        ;              ;                     ; Row I/O      ;                 ; no       ; On           ;
; A25      ; 359        ; 6A             ; RESERVED_INPUT_WITH_WEAK_PULLUP ;        ;              ;                     ; Row I/O      ;                 ; no       ; On           ;
; A26      ; 357        ; 6A             ; RESERVED_INPUT_WITH_WEAK_PULLUP ;        ;              ;                     ; Row I/O      ;                 ; no       ; On           ;
; A27      ; 353        ; 6A             ; RESERVED_INPUT_WITH_WEAK_PULLUP ;        ;              ;                     ; Row I/O      ;                 ; no       ; On           ;
; AA1      ;            ;                ; GND                             ; gnd    ;              ;                     ; --           ;                 ; --       ; --           ;
; AA2      ;            ;                ; GND                             ; gnd    ;              ;                     ; --           ;                 ; --       ; --           ;
; AA3      ;            ;                ; GND                             ; gnd    ;              ;                     ; --           ;                 ; --       ; --           ;
; AA4      ; 59         ; 3A             ; RESERVED_INPUT_WITH_WEAK_PULLUP ;        ;              ;                     ; Column I/O   ;                 ; no       ; On           ;
; AA5      ;            ; 3A             ; VCCIO3A                         ; power  ;              ; 2.5V                ; --           ;                 ; --       ; --           ;
; AA6      ; 43         ; 3A             ; ^nCSO, DATA4                    ;        ;              ;                     ; Weak Pull Up ;                 ; --       ; On           ;
; AA8      ; 50         ; 3A             ; ^DCLK                           ;        ;              ;                     ; Weak Pull Up ;                 ; --       ; On           ;
; AA9      ;            ;                ; GND                             ; gnd    ;              ;                     ; --           ;                 ; --       ; --           ;
; AA10     ;            ; 3A             ; VCCPD3A                         ; power  ;              ; 2.5V                ; --           ;                 ; --       ; --           ;
; AA11     ; 64         ; 3A             ; RESERVED_INPUT_WITH_WEAK_PULLUP ;        ;              ;                     ; Column I/O   ;                 ; no       ; On           ;
; AA12     ;            ; 3B             ; VCCIO3B                         ; power  ;              ; 3.3V                ; --           ;                 ; --       ; --           ;
; AA13     ; 144        ; 4A             ; RESERVED_INPUT_WITH_WEAK_PULLUP ;        ;              ;                     ; Column I/O   ;                 ; no       ; On           ;
; AA14     ;            ; 3B, 4A         ; VCCPD3B4A                       ; power  ;              ; 3.3V                ; --           ;                 ; --       ; --           ;
; AA15     ; 160        ; 4A             ; RESERVED_INPUT_WITH_WEAK_PULLUP ;        ;              ;                     ; Column I/O   ;                 ; no       ; On           ;
; AA16     ;            ; 4A             ; VCCIO4A                         ; power  ;              ; 3.3V                ; --           ;                 ; --       ; --           ;
; AA17     ;            ;                ; GND                             ; gnd    ;              ;                     ; --           ;                 ; --       ; --           ;
; AA18     ; 168        ; 4A             ; RESERVED_INPUT_WITH_WEAK_PULLUP ;        ;              ;                     ; Column I/O   ;                 ; no       ; On           ;
; AA19     ; 170        ; 4A             ; RESERVED_INPUT_WITH_WEAK_PULLUP ;        ;              ;                     ; Column I/O   ;                 ; no       ; On           ;
; AA20     ; 213        ; 5A             ; RESERVED_INPUT_WITH_WEAK_PULLUP ;        ;              ;                     ; Row I/O      ;                 ; no       ; On           ;
; AA21     ;            ; --             ; VCCA_FPLL                       ; power  ;              ; 2.5V                ; --           ;                 ; --       ; --           ;
; AA23     ; 226        ; 5A             ; LED[7]                          ; output ; 3.3-V LVTTL  ;                     ; Row I/O      ; Y               ; no       ; Off          ;
; AA24     ; 224        ; 5A             ; LED[1]                          ; output ; 3.3-V LVTTL  ;                     ; Row I/O      ; Y               ; no       ; Off          ;
; AA25     ;            ; 5B             ; VREFB5BN0                       ; power  ;              ;                     ; --           ;                 ; --       ; --           ;
; AA26     ; 255        ; 5B             ; RESERVED_INPUT_WITH_WEAK_PULLUP ;        ;              ;                     ; Row I/O      ;                 ; no       ; On           ;
; AA27     ; 279        ; 6B             ; RESERVED_INPUT_WITH_WEAK_PULLUP ;        ;              ;                     ; Row I/O      ;                 ; no       ; On           ;
; AA28     ; 289        ; 6B             ; RESERVED_INPUT_WITH_WEAK_PULLUP ;        ;              ;                     ; Row I/O      ;                 ; no       ; On           ;
; AB1      ;            ;                ; GND                             ; gnd    ;              ;                     ; --           ;                 ; --       ; --           ;
; AB2      ;            ;                ; GND                             ; gnd    ;              ;                     ; --           ;                 ; --       ; --           ;
; AB3      ;            ;                ; GND                             ; gnd    ;              ;                     ; --           ;                 ; --       ; --           ;
; AB4      ; 57         ; 3A             ; RESERVED_INPUT_WITH_WEAK_PULLUP ;        ;              ;                     ; Column I/O   ;                 ; no       ; On           ;
; AB5      ; 46         ; 3A             ; #TCK                            ; input  ;              ;                     ; --           ;                 ; --       ; --           ;
; AB6      ; 45         ; 3A             ; ^AS_DATA3, DATA3                ;        ;              ;                     ; Weak Pull Up ;                 ; --       ; On           ;
; AB23     ; 222        ; 5A             ; RESERVED_INPUT_WITH_WEAK_PULLUP ;        ;              ;                     ; Row I/O      ;                 ; no       ; On           ;
; AB24     ;            ;                ; GND                             ; gnd    ;              ;                     ; --           ;                 ; --       ; --           ;
; AB25     ; 259        ; 5B             ; RESERVED_INPUT_WITH_WEAK_PULLUP ;        ;              ;                     ; Row I/O      ;                 ; no       ; On           ;
; AB26     ; 253        ; 5B             ; RESERVED_INPUT_WITH_WEAK_PULLUP ;        ;              ;                     ; Row I/O      ;                 ; no       ; On           ;
; AB27     ;            ;                ; GND                             ; gnd    ;              ;                     ; --           ;                 ; --       ; --           ;
; AB28     ; 277        ; 6B             ; RESERVED_INPUT_WITH_WEAK_PULLUP ;        ;              ;                     ; Row I/O      ;                 ; no       ; On           ;
; AC1      ;            ;                ; GND                             ; gnd    ;              ;                     ; --           ;                 ; --       ; --           ;
; AC2      ;            ;                ; GND                             ; gnd    ;              ;                     ; --           ;                 ; --       ; --           ;
; AC3      ;            ;                ; GND                             ; gnd    ;              ;                     ; --           ;                 ; --       ; --           ;
; AC4      ; 63         ; 3A             ; RESERVED_INPUT_WITH_WEAK_PULLUP ;        ;              ;                     ; Column I/O   ;                 ; no       ; On           ;
; AC5      ; 47         ; 3A             ; ^AS_DATA2, DATA2                ;        ;              ;                     ; Weak Pull Up ;                 ; --       ; On           ;
; AC6      ; 49         ; 3A             ; ^AS_DATA1, DATA1                ;        ;              ;                     ; Weak Pull Up ;                 ; --       ; On           ;
; AC7      ; 44         ; 3A             ; #TMS                            ; input  ;              ;                     ; --           ;                 ; --       ; --           ;
; AC8      ;            ; --             ; VCC_AUX                         ; power  ;              ; 2.5V                ; --           ;                 ; --       ; --           ;
; AC21     ;            ; --             ; VCC_AUX                         ; power  ;              ; 2.5V                ; --           ;                 ; --       ; --           ;
; AC22     ; 202        ; 4A             ; RESERVED_INPUT_WITH_WEAK_PULLUP ;        ;              ;                     ; Column I/O   ;                 ; no       ; On           ;
; AC23     ; 200        ; 4A             ; RESERVED_INPUT_WITH_WEAK_PULLUP ;        ;              ;                     ; Column I/O   ;                 ; no       ; On           ;
; AC24     ; 220        ; 5A             ; RESERVED_INPUT_WITH_WEAK_PULLUP ;        ;              ;                     ; Row I/O      ;                 ; no       ; On           ;
; AC25     ;            ; 5A             ; VCCIO5A                         ; power  ;              ; 3.3V                ; --           ;                 ; --       ; --           ;
; AC26     ;            ; 5A             ; VREFB5AN0                       ; power  ;              ;                     ; --           ;                 ; --       ; --           ;
; AC27     ; 275        ; 6B             ; RESERVED_INPUT_WITH_WEAK_PULLUP ;        ;              ;                     ; Row I/O      ;                 ; no       ; On           ;
; AC28     ; 273        ; 6B             ; RESERVED_INPUT_WITH_WEAK_PULLUP ;        ;              ;                     ; Row I/O      ;                 ; no       ; On           ;
; AD1      ;            ;                ; DNU                             ;        ;              ;                     ; --           ;                 ; --       ; --           ;
; AD2      ;            ;                ; DNU                             ;        ;              ;                     ; --           ;                 ; --       ; --           ;
; AD3      ;            ;                ; GND                             ; gnd    ;              ;                     ; --           ;                 ; --       ; --           ;
; AD4      ; 61         ; 3A             ; RESERVED_INPUT_WITH_WEAK_PULLUP ;        ;              ;                     ; Column I/O   ;                 ; no       ; On           ;
; AD5      ; 67         ; 3A             ; RESERVED_INPUT_WITH_WEAK_PULLUP ;        ;              ;                     ; Column I/O   ;                 ; no       ; On           ;
; AD6      ;            ;                ; GND                             ; gnd    ;              ;                     ; --           ;                 ; --       ; --           ;
; AD7      ; 51         ; 3A             ; ^AS_DATA0, ASDO, DATA0          ;        ;              ;                     ; Weak Pull Up ;                 ; --       ; On           ;
; AD8      ;            ;                ; GND                             ; gnd    ;              ;                     ; --           ;                 ; --       ; --           ;
; AD9      ;            ; 3B, 4A         ; VCCPD3B4A                       ; power  ;              ; 3.3V                ; --           ;                 ; --       ; --           ;
; AD10     ; 103        ; 3B             ; RESERVED_INPUT_WITH_WEAK_PULLUP ;        ;              ;                     ; Column I/O   ;                 ; no       ; On           ;
; AD11     ; 111        ; 3B             ; RESERVED_INPUT_WITH_WEAK_PULLUP ;        ;              ;                     ; Column I/O   ;                 ; no       ; On           ;
; AD12     ; 125        ; 3B             ; RESERVED_INPUT_WITH_WEAK_PULLUP ;        ;              ;                     ; Column I/O   ;                 ; no       ; On           ;
; AD13     ;            ; 3B, 4A         ; VCCPD3B4A                       ; power  ;              ; 3.3V                ; --           ;                 ; --       ; --           ;
; AD14     ;            ;                ; GND                             ; gnd    ;              ;                     ; --           ;                 ; --       ; --           ;
; AD15     ;            ; --             ; VCC_AUX                         ; power  ;              ; 2.5V                ; --           ;                 ; --       ; --           ;
; AD16     ;            ; 3B, 4A         ; VCCPD3B4A                       ; power  ;              ; 3.3V                ; --           ;                 ; --       ; --           ;
; AD17     ; 159        ; 4A             ; RESERVED_INPUT_WITH_WEAK_PULLUP ;        ;              ;                     ; Column I/O   ;                 ; no       ; On           ;
; AD18     ;            ; 3B, 4A         ; VCCPD3B4A                       ; power  ;              ; 3.3V                ; --           ;                 ; --       ; --           ;
; AD19     ; 165        ; 4A             ; RESERVED_INPUT_WITH_WEAK_PULLUP ;        ;              ;                     ; Column I/O   ;                 ; no       ; On           ;
; AD20     ; 173        ; 4A             ; RESERVED_INPUT_WITH_WEAK_PULLUP ;        ;              ;                     ; Column I/O   ;                 ; no       ; On           ;
; AD21     ;            ; 3B, 4A         ; VCCPD3B4A                       ; power  ;              ; 3.3V                ; --           ;                 ; --       ; --           ;
; AD22     ;            ;                ; GND                             ; gnd    ;              ;                     ; --           ;                 ; --       ; --           ;
; AD23     ; 186        ; 4A             ; RESERVED_INPUT_WITH_WEAK_PULLUP ;        ;              ;                     ; Column I/O   ;                 ; no       ; On           ;
; AD24     ;            ; --             ; VCCPGM                          ; power  ;              ; 1.8V/2.5V/3.0V/3.3V ; --           ;                 ; --       ; --           ;
; AD25     ;            ;                ; GND                             ; gnd    ;              ;                     ; --           ;                 ; --       ; --           ;
; AD26     ; 218        ; 5A             ; RESERVED_INPUT_WITH_WEAK_PULLUP ;        ;              ;                     ; Row I/O      ;                 ; no       ; On           ;
; AD27     ;            ; 6B             ; VCCIO6B_HPS                     ; power  ;              ; 2.5V                ; --           ;                 ; --       ; --           ;
; AD28     ; 263        ; 6B             ; RESERVED_INPUT_WITH_WEAK_PULLUP ;        ;              ;                     ; Row I/O      ;                 ; no       ; On           ;
; AE1      ;            ;                ; GND                             ; gnd    ;              ;                     ; --           ;                 ; --       ; --           ;
; AE2      ;            ;                ; GND                             ; gnd    ;              ;                     ; --           ;                 ; --       ; --           ;
; AE3      ;            ;                ; GND                             ; gnd    ;              ;                     ; --           ;                 ; --       ; --           ;
; AE4      ; 102        ; 3B             ; RESERVED_INPUT_WITH_WEAK_PULLUP ;        ;              ;                     ; Column I/O   ;                 ; no       ; On           ;
; AE5      ;            ; 3A             ; VREFB3AN0                       ; power  ;              ;                     ; --           ;                 ; --       ; --           ;
; AE6      ; 65         ; 3A             ; RESERVED_INPUT_WITH_WEAK_PULLUP ;        ;              ;                     ; Column I/O   ;                 ; no       ; On           ;
; AE7      ; 107        ; 3B             ; RESERVED_INPUT_WITH_WEAK_PULLUP ;        ;              ;                     ; Column I/O   ;                 ; no       ; On           ;
; AE8      ; 110        ; 3B             ; RESERVED_INPUT_WITH_WEAK_PULLUP ;        ;              ;                     ; Column I/O   ;                 ; no       ; On           ;
; AE9      ; 101        ; 3B             ; RESERVED_INPUT_WITH_WEAK_PULLUP ;        ;              ;                     ; Column I/O   ;                 ; no       ; On           ;
; AE10     ;            ; 3B             ; VCCIO3B                         ; power  ;              ; 3.3V                ; --           ;                 ; --       ; --           ;
; AE11     ; 109        ; 3B             ; RESERVED_INPUT_WITH_WEAK_PULLUP ;        ;              ;                     ; Column I/O   ;                 ; no       ; On           ;
; AE12     ; 127        ; 3B             ; RESERVED_INPUT_WITH_WEAK_PULLUP ;        ;              ;                     ; Column I/O   ;                 ; no       ; On           ;
; AE13     ;            ; 3B             ; VCCIO3B                         ; power  ;              ; 3.3V                ; --           ;                 ; --       ; --           ;
; AE14     ;            ;                ; DNU                             ;        ;              ;                     ; --           ;                 ; --       ; --           ;
; AE15     ; 141        ; 4A             ; RESERVED_INPUT_WITH_WEAK_PULLUP ;        ;              ;                     ; Column I/O   ;                 ; no       ; On           ;
; AE16     ;            ;                ; GND                             ; gnd    ;              ;                     ; --           ;                 ; --       ; --           ;
; AE17     ; 157        ; 4A             ; RESERVED_INPUT_WITH_WEAK_PULLUP ;        ;              ;                     ; Column I/O   ;                 ; no       ; On           ;
; AE18     ;            ;                ; GND                             ; gnd    ;              ;                     ; --           ;                 ; --       ; --           ;
; AE19     ; 167        ; 4A             ; RESERVED_INPUT_WITH_WEAK_PULLUP ;        ;              ;                     ; Column I/O   ;                 ; no       ; On           ;
; AE20     ; 175        ; 4A             ; RESERVED_INPUT_WITH_WEAK_PULLUP ;        ;              ;                     ; Column I/O   ;                 ; no       ; On           ;
; AE21     ;            ; 4A             ; VCCIO4A                         ; power  ;              ; 3.3V                ; --           ;                 ; --       ; --           ;
; AE22     ; 184        ; 4A             ; RESERVED_INPUT_WITH_WEAK_PULLUP ;        ;              ;                     ; Column I/O   ;                 ; no       ; On           ;
; AE23     ; 197        ; 4A             ; RESERVED_INPUT_WITH_WEAK_PULLUP ;        ;              ;                     ; Column I/O   ;                 ; no       ; On           ;
; AE24     ; 199        ; 4A             ; RESERVED_INPUT_WITH_WEAK_PULLUP ;        ;              ;                     ; Column I/O   ;                 ; no       ; On           ;
; AE25     ; 216        ; 5A             ; RESERVED_INPUT_WITH_WEAK_PULLUP ;        ;              ;                     ; Row I/O      ;                 ; no       ; On           ;
; AE26     ; 214        ; 5A             ; LED[5]                          ; output ; 3.3-V LVTTL  ;                     ; Row I/O      ; Y               ; no       ; Off          ;
; AE27     ; 265        ; 6B             ; RESERVED_INPUT_WITH_WEAK_PULLUP ;        ;              ;                     ; Row I/O      ;                 ; no       ; On           ;
; AE28     ; 261        ; 6B             ; RESERVED_INPUT_WITH_WEAK_PULLUP ;        ;              ;                     ; Row I/O      ;                 ; no       ; On           ;
; AF1      ;            ;                ; GND                             ; gnd    ;              ;                     ; --           ;                 ; --       ; --           ;
; AF2      ;            ;                ; GND                             ; gnd    ;              ;                     ; --           ;                 ; --       ; --           ;
; AF3      ;            ;                ; GND                             ; gnd    ;              ;                     ; --           ;                 ; --       ; --           ;
; AF4      ; 100        ; 3B             ; RESERVED_INPUT_WITH_WEAK_PULLUP ;        ;              ;                     ; Column I/O   ;                 ; no       ; On           ;
; AF5      ; 115        ; 3B             ; RESERVED_INPUT_WITH_WEAK_PULLUP ;        ;              ;                     ; Column I/O   ;                 ; no       ; On           ;
; AF6      ; 113        ; 3B             ; RESERVED_INPUT_WITH_WEAK_PULLUP ;        ;              ;                     ; Column I/O   ;                 ; no       ; On           ;
; AF7      ; 118        ; 3B             ; RESERVED_INPUT_WITH_WEAK_PULLUP ;        ;              ;                     ; Column I/O   ;                 ; no       ; On           ;
; AF8      ; 105        ; 3B             ; RESERVED_INPUT_WITH_WEAK_PULLUP ;        ;              ;                     ; Column I/O   ;                 ; no       ; On           ;
; AF9      ; 108        ; 3B             ; RESERVED_INPUT_WITH_WEAK_PULLUP ;        ;              ;                     ; Column I/O   ;                 ; no       ; On           ;
; AF10     ; 117        ; 3B             ; RESERVED_INPUT_WITH_WEAK_PULLUP ;        ;              ;                     ; Column I/O   ;                 ; no       ; On           ;
; AF11     ; 119        ; 3B             ; RESERVED_INPUT_WITH_WEAK_PULLUP ;        ;              ;                     ; Column I/O   ;                 ; no       ; On           ;
; AF12     ;            ; 3B             ; VREFB3BN0                       ; power  ;              ;                     ; --           ;                 ; --       ; --           ;
; AF13     ; 133        ; 4A             ; RESERVED_INPUT_WITH_WEAK_PULLUP ;        ;              ;                     ; Column I/O   ;                 ; no       ; On           ;
; AF14     ;            ; 4A             ; VCCIO4A                         ; power  ;              ; 3.3V                ; --           ;                 ; --       ; --           ;
; AF15     ; 143        ; 4A             ; RESERVED_INPUT_WITH_WEAK_PULLUP ;        ;              ;                     ; Column I/O   ;                 ; no       ; On           ;
; AF16     ;            ; 4A             ; VREFB4AN0                       ; power  ;              ;                     ; --           ;                 ; --       ; --           ;
; AF17     ; 151        ; 4A             ; RESERVED_INPUT_WITH_WEAK_PULLUP ;        ;              ;                     ; Column I/O   ;                 ; no       ; On           ;
; AF18     ; 166        ; 4A             ; RESERVED_INPUT_WITH_WEAK_PULLUP ;        ;              ;                     ; Column I/O   ;                 ; no       ; On           ;
; AF19     ;            ; 4A             ; VCCIO4A                         ; power  ;              ; 3.3V                ; --           ;                 ; --       ; --           ;
; AF20     ; 179        ; 4A             ; RESERVED_INPUT_WITH_WEAK_PULLUP ;        ;              ;                     ; Column I/O   ;                 ; no       ; On           ;
; AF21     ; 181        ; 4A             ; RESERVED_INPUT_WITH_WEAK_PULLUP ;        ;              ;                     ; Column I/O   ;                 ; no       ; On           ;
; AF22     ; 183        ; 4A             ; RESERVED_INPUT_WITH_WEAK_PULLUP ;        ;              ;                     ; Column I/O   ;                 ; no       ; On           ;
; AF23     ; 189        ; 4A             ; RESERVED_INPUT_WITH_WEAK_PULLUP ;        ;              ;                     ; Column I/O   ;                 ; no       ; On           ;
; AF24     ;            ;                ; GND                             ; gnd    ;              ;                     ; --           ;                 ; --       ; --           ;
; AF25     ; 207        ; 4A             ; RESERVED_INPUT_WITH_WEAK_PULLUP ;        ;              ;                     ; Column I/O   ;                 ; no       ; On           ;
; AF26     ; 212        ; 5A             ; LED[4]                          ; output ; 3.3-V LVTTL  ;                     ; Row I/O      ; Y               ; no       ; Off          ;
; AF27     ; 211        ; 4A             ; RESERVED_INPUT_WITH_WEAK_PULLUP ;        ;              ;                     ; Column I/O   ;                 ; no       ; On           ;
; AF28     ; 209        ; 4A             ; RESERVED_INPUT_WITH_WEAK_PULLUP ;        ;              ;                     ; Column I/O   ;                 ; no       ; On           ;
; AG1      ;            ;                ; GND                             ; gnd    ;              ;                     ; --           ;                 ; --       ; --           ;
; AG2      ;            ;                ; GND                             ; gnd    ;              ;                     ; --           ;                 ; --       ; --           ;
; AG3      ;            ;                ; GND                             ; gnd    ;              ;                     ; --           ;                 ; --       ; --           ;
; AG4      ;            ; 3B             ; VCCIO3B                         ; power  ;              ; 3.3V                ; --           ;                 ; --       ; --           ;
; AG5      ; 126        ; 3B             ; RESERVED_INPUT_WITH_WEAK_PULLUP ;        ;              ;                     ; Column I/O   ;                 ; no       ; On           ;
; AG6      ; 116        ; 3B             ; RESERVED_INPUT_WITH_WEAK_PULLUP ;        ;              ;                     ; Column I/O   ;                 ; no       ; On           ;
; AG7      ;            ;                ; GND                             ; gnd    ;              ;                     ; --           ;                 ; --       ; --           ;
; AG8      ; 134        ; 4A             ; RESERVED_INPUT_WITH_WEAK_PULLUP ;        ;              ;                     ; Column I/O   ;                 ; no       ; On           ;
; AG9      ; 139        ; 4A             ; RESERVED_INPUT_WITH_WEAK_PULLUP ;        ;              ;                     ; Column I/O   ;                 ; no       ; On           ;
; AG10     ; 142        ; 4A             ; RESERVED_INPUT_WITH_WEAK_PULLUP ;        ;              ;                     ; Column I/O   ;                 ; no       ; On           ;
; AG11     ; 147        ; 4A             ; RESERVED_INPUT_WITH_WEAK_PULLUP ;        ;              ;                     ; Column I/O   ;                 ; no       ; On           ;
; AG12     ;            ; 4A             ; VCCIO4A                         ; power  ;              ; 3.3V                ; --           ;                 ; --       ; --           ;
; AG13     ; 135        ; 4A             ; RESERVED_INPUT_WITH_WEAK_PULLUP ;        ;              ;                     ; Column I/O   ;                 ; no       ; On           ;
; AG14     ; 155        ; 4A             ; RESERVED_INPUT_WITH_WEAK_PULLUP ;        ;              ;                     ; Column I/O   ;                 ; no       ; On           ;
; AG15     ; 158        ; 4A             ; RESERVED_INPUT_WITH_WEAK_PULLUP ;        ;              ;                     ; Column I/O   ;                 ; no       ; On           ;
; AG16     ; 149        ; 4A             ; RESERVED_INPUT_WITH_WEAK_PULLUP ;        ;              ;                     ; Column I/O   ;                 ; no       ; On           ;
; AG17     ;            ;                ; GND                             ; gnd    ;              ;                     ; --           ;                 ; --       ; --           ;
; AG18     ; 171        ; 4A             ; RESERVED_INPUT_WITH_WEAK_PULLUP ;        ;              ;                     ; Column I/O   ;                 ; no       ; On           ;
; AG19     ; 174        ; 4A             ; RESERVED_INPUT_WITH_WEAK_PULLUP ;        ;              ;                     ; Column I/O   ;                 ; no       ; On           ;
; AG20     ; 177        ; 4A             ; RESERVED_INPUT_WITH_WEAK_PULLUP ;        ;              ;                     ; Column I/O   ;                 ; no       ; On           ;
; AG21     ; 182        ; 4A             ; RESERVED_INPUT_WITH_WEAK_PULLUP ;        ;              ;                     ; Column I/O   ;                 ; no       ; On           ;
; AG22     ;            ; 4A             ; VCCIO4A                         ; power  ;              ; 3.3V                ; --           ;                 ; --       ; --           ;
; AG23     ; 191        ; 4A             ; RESERVED_INPUT_WITH_WEAK_PULLUP ;        ;              ;                     ; Column I/O   ;                 ; no       ; On           ;
; AG24     ; 195        ; 4A             ; RESERVED_INPUT_WITH_WEAK_PULLUP ;        ;              ;                     ; Column I/O   ;                 ; no       ; On           ;
; AG25     ; 205        ; 4A             ; RESERVED_INPUT_WITH_WEAK_PULLUP ;        ;              ;                     ; Column I/O   ;                 ; no       ; On           ;
; AG26     ; 198        ; 4A             ; RESERVED_INPUT_WITH_WEAK_PULLUP ;        ;              ;                     ; Column I/O   ;                 ; no       ; On           ;
; AG27     ;            ;                ; GND                             ; gnd    ;              ;                     ; --           ;                 ; --       ; --           ;
; AG28     ; 206        ; 4A             ; RESERVED_INPUT_WITH_WEAK_PULLUP ;        ;              ;                     ; Column I/O   ;                 ; no       ; On           ;
; AH2      ; 121        ; 3B             ; RESERVED_INPUT_WITH_WEAK_PULLUP ;        ;              ;                     ; Column I/O   ;                 ; no       ; On           ;
; AH3      ; 123        ; 3B             ; RESERVED_INPUT_WITH_WEAK_PULLUP ;        ;              ;                     ; Column I/O   ;                 ; no       ; On           ;
; AH4      ; 124        ; 3B             ; RESERVED_INPUT_WITH_WEAK_PULLUP ;        ;              ;                     ; Column I/O   ;                 ; no       ; On           ;
; AH5      ; 129        ; 3B             ; RESERVED_INPUT_WITH_WEAK_PULLUP ;        ;              ;                     ; Column I/O   ;                 ; no       ; On           ;
; AH6      ; 131        ; 3B             ; RESERVED_INPUT_WITH_WEAK_PULLUP ;        ;              ;                     ; Column I/O   ;                 ; no       ; On           ;
; AH7      ; 132        ; 4A             ; RESERVED_INPUT_WITH_WEAK_PULLUP ;        ;              ;                     ; Column I/O   ;                 ; no       ; On           ;
; AH8      ; 137        ; 4A             ; RESERVED_INPUT_WITH_WEAK_PULLUP ;        ;              ;                     ; Column I/O   ;                 ; no       ; On           ;
; AH9      ; 140        ; 4A             ; RESERVED_INPUT_WITH_WEAK_PULLUP ;        ;              ;                     ; Column I/O   ;                 ; no       ; On           ;
; AH10     ;            ;                ; GND                             ; gnd    ;              ;                     ; --           ;                 ; --       ; --           ;
; AH11     ; 145        ; 4A             ; RESERVED_INPUT_WITH_WEAK_PULLUP ;        ;              ;                     ; Column I/O   ;                 ; no       ; On           ;
; AH12     ; 150        ; 4A             ; RESERVED_INPUT_WITH_WEAK_PULLUP ;        ;              ;                     ; Column I/O   ;                 ; no       ; On           ;
; AH13     ; 153        ; 4A             ; RESERVED_INPUT_WITH_WEAK_PULLUP ;        ;              ;                     ; Column I/O   ;                 ; no       ; On           ;
; AH14     ; 156        ; 4A             ; RESERVED_INPUT_WITH_WEAK_PULLUP ;        ;              ;                     ; Column I/O   ;                 ; no       ; On           ;
; AH15     ;            ; 4A             ; VCCIO4A                         ; power  ;              ; 3.3V                ; --           ;                 ; --       ; --           ;
; AH16     ; 161        ; 4A             ; KEY[1]                          ; input  ; 3.3-V LVTTL  ;                     ; Column I/O   ; Y               ; no       ; Off          ;
; AH17     ; 163        ; 4A             ; KEY[0]                          ; input  ; 3.3-V LVTTL  ;                     ; Column I/O   ; Y               ; no       ; Off          ;
; AH18     ; 169        ; 4A             ; RESERVED_INPUT_WITH_WEAK_PULLUP ;        ;              ;                     ; Column I/O   ;                 ; no       ; On           ;
; AH19     ; 172        ; 4A             ; RESERVED_INPUT_WITH_WEAK_PULLUP ;        ;              ;                     ; Column I/O   ;                 ; no       ; On           ;
; AH20     ;            ;                ; GND                             ; gnd    ;              ;                     ; --           ;                 ; --       ; --           ;
; AH21     ; 185        ; 4A             ; RESERVED_INPUT_WITH_WEAK_PULLUP ;        ;              ;                     ; Column I/O   ;                 ; no       ; On           ;
; AH22     ; 188        ; 4A             ; RESERVED_INPUT_WITH_WEAK_PULLUP ;        ;              ;                     ; Column I/O   ;                 ; no       ; On           ;
; AH23     ; 190        ; 4A             ; RESERVED_INPUT_WITH_WEAK_PULLUP ;        ;              ;                     ; Column I/O   ;                 ; no       ; On           ;
; AH24     ; 193        ; 4A             ; RESERVED_INPUT_WITH_WEAK_PULLUP ;        ;              ;                     ; Column I/O   ;                 ; no       ; On           ;
; AH25     ;            ; 4A             ; VCCIO4A                         ; power  ;              ; 3.3V                ; --           ;                 ; --       ; --           ;
; AH26     ; 201        ; 4A             ; RESERVED_INPUT_WITH_WEAK_PULLUP ;        ;              ;                     ; Column I/O   ;                 ; no       ; On           ;
; AH27     ; 204        ; 4A             ; RESERVED_INPUT_WITH_WEAK_PULLUP ;        ;              ;                     ; Column I/O   ;                 ; no       ; On           ;
; B1       ;            ;                ; GND                             ;        ;              ;                     ; --           ;                 ; --       ; --           ;
; B2       ;            ;                ; DNU                             ;        ;              ;                     ; --           ;                 ; --       ; --           ;
; B3       ;            ;                ; GND                             ; gnd    ;              ;                     ; --           ;                 ; --       ; --           ;
; B4       ; 437        ; 7C             ; RESERVED_INPUT_WITH_WEAK_PULLUP ;        ;              ;                     ; Column I/O   ;                 ; no       ; On           ;
; B5       ;            ;                ; GND                             ; gnd    ;              ;                     ; --           ;                 ; --       ; --           ;
; B6       ; 433        ; 7C             ; RESERVED_INPUT_WITH_WEAK_PULLUP ;        ;              ;                     ; Column I/O   ;                 ; no       ; On           ;
; B7       ;            ;                ; GND                             ; gnd    ;              ;                     ; --           ;                 ; --       ; --           ;
; B8       ; 439        ; 7C             ; RESERVED_INPUT_WITH_WEAK_PULLUP ;        ;              ;                     ; Column I/O   ;                 ; no       ; On           ;
; B9       ; 441        ; 7C             ; RESERVED_INPUT_WITH_WEAK_PULLUP ;        ;              ;                     ; Column I/O   ;                 ; no       ; On           ;
; B10      ;            ; 7C             ; VCCIO7C_HPS                     ; power  ;              ; 2.5V                ; --           ;                 ; --       ; --           ;
; B11      ; 440        ; 7C             ; RESERVED_INPUT_WITH_WEAK_PULLUP ;        ;              ;                     ; Column I/O   ;                 ; no       ; On           ;
; B12      ; 438        ; 7C             ; RESERVED_INPUT_WITH_WEAK_PULLUP ;        ;              ;                     ; Column I/O   ;                 ; no       ; On           ;
; B13      ;            ; 7B             ; VCCIO7B_HPS                     ; power  ;              ; 2.5V                ; --           ;                 ; --       ; --           ;
; B14      ; 427        ; 7B             ; RESERVED_INPUT_WITH_WEAK_PULLUP ;        ;              ;                     ; Column I/O   ;                 ; no       ; On           ;
; B15      ;            ;                ; GND                             ; gnd    ;              ;                     ; --           ;                 ; --       ; --           ;
; B16      ; 402        ; 7A             ; RESERVED_INPUT_WITH_WEAK_PULLUP ;        ;              ;                     ; Column I/O   ;                 ; no       ; On           ;
; B17      ;            ;                ; GND                             ; gnd    ;              ;                     ; --           ;                 ; --       ; --           ;
; B18      ; 397        ; 7A             ; RESERVED_INPUT_WITH_WEAK_PULLUP ;        ;              ;                     ; Column I/O   ;                 ; no       ; On           ;
; B19      ; 403        ; 7A             ; RESERVED_INPUT_WITH_WEAK_PULLUP ;        ;              ;                     ; Column I/O   ;                 ; no       ; On           ;
; B20      ;            ;                ; GND                             ; gnd    ;              ;                     ; --           ;                 ; --       ; --           ;
; B21      ; 388        ; 7A             ; RESERVED_INPUT_WITH_WEAK_PULLUP ;        ;              ;                     ; Column I/O   ;                 ; no       ; On           ;
; B22      ;            ;                ; GND                             ; gnd    ;              ;                     ; --           ;                 ; --       ; --           ;
; B23      ; 376        ; 7A             ; ^HPS_TDO                        ;        ;              ;                     ; --           ;                 ; --       ; --           ;
; B24      ; 363        ; 6A             ; RESERVED_INPUT_WITH_WEAK_PULLUP ;        ;              ;                     ; Row I/O      ;                 ; no       ; On           ;
; B25      ;            ;                ; GND                             ; gnd    ;              ;                     ; --           ;                 ; --       ; --           ;
; B26      ; 351        ; 6A             ; RESERVED_INPUT_WITH_WEAK_PULLUP ;        ;              ;                     ; Row I/O      ;                 ; no       ; On           ;
; B27      ;            ;                ; GND                             ; gnd    ;              ;                     ; --           ;                 ; --       ; --           ;
; B28      ; 343        ; 6A             ; RESERVED_INPUT_WITH_WEAK_PULLUP ;        ;              ;                     ; Row I/O      ;                 ; no       ; On           ;
; C1       ;            ;                ; GND                             ; gnd    ;              ;                     ; --           ;                 ; --       ; --           ;
; C2       ;            ;                ; GND                             ; gnd    ;              ;                     ; --           ;                 ; --       ; --           ;
; C3       ;            ;                ; GND                             ; gnd    ;              ;                     ; --           ;                 ; --       ; --           ;
; C4       ; 446        ; 7D             ; RESERVED_INPUT_WITH_WEAK_PULLUP ;        ;              ;                     ; Column I/O   ;                 ; no       ; On           ;
; C5       ; 453        ; 7D             ; RESERVED_INPUT_WITH_WEAK_PULLUP ;        ;              ;                     ; Column I/O   ;                 ; no       ; On           ;
; C6       ; 451        ; 7D             ; RESERVED_INPUT_WITH_WEAK_PULLUP ;        ;              ;                     ; Column I/O   ;                 ; no       ; On           ;
; C7       ; 449        ; 7D             ; RESERVED_INPUT_WITH_WEAK_PULLUP ;        ;              ;                     ; Column I/O   ;                 ; no       ; On           ;
; C8       ; 447        ; 7D             ; RESERVED_INPUT_WITH_WEAK_PULLUP ;        ;              ;                     ; Column I/O   ;                 ; no       ; On           ;
; C9       ; 445        ; 7D             ; RESERVED_INPUT_WITH_WEAK_PULLUP ;        ;              ;                     ; Column I/O   ;                 ; no       ; On           ;
; C10      ; 443        ; 7D             ; RESERVED_INPUT_WITH_WEAK_PULLUP ;        ;              ;                     ; Column I/O   ;                 ; no       ; On           ;
; C11      ;            ;                ; GND                             ; gnd    ;              ;                     ; --           ;                 ; --       ; --           ;
; C12      ; 460        ; 8A             ; RESERVED_INPUT_WITH_WEAK_PULLUP ;        ;              ;                     ; Column I/O   ;                 ; no       ; On           ;
; C13      ; 432        ; 7C             ; RESERVED_INPUT_WITH_WEAK_PULLUP ;        ;              ;                     ; Column I/O   ;                 ; no       ; On           ;
; C14      ; 426        ; 7B             ; RESERVED_INPUT_WITH_WEAK_PULLUP ;        ;              ;                     ; Column I/O   ;                 ; no       ; On           ;
; C15      ; 418        ; 7B             ; RESERVED_INPUT_WITH_WEAK_PULLUP ;        ;              ;                     ; Column I/O   ;                 ; no       ; On           ;
; C16      ; 404        ; 7A             ; RESERVED_INPUT_WITH_WEAK_PULLUP ;        ;              ;                     ; Column I/O   ;                 ; no       ; On           ;
; C17      ; 396        ; 7A             ; RESERVED_INPUT_WITH_WEAK_PULLUP ;        ;              ;                     ; Column I/O   ;                 ; no       ; On           ;
; C18      ; 394        ; 7A             ; RESERVED_INPUT_WITH_WEAK_PULLUP ;        ;              ;                     ; Column I/O   ;                 ; no       ; On           ;
; C19      ; 401        ; 7A             ; RESERVED_INPUT_WITH_WEAK_PULLUP ;        ;              ;                     ; Column I/O   ;                 ; no       ; On           ;
; C20      ;            ; 7A             ; VCCIO7A_HPS                     ; power  ;              ; 2.5V                ; --           ;                 ; --       ; --           ;
; C21      ; 386        ; 7A             ; RESERVED_INPUT_WITH_WEAK_PULLUP ;        ;              ;                     ; Column I/O   ;                 ; no       ; On           ;
; C22      ; 380        ; 7A             ; ^HPS_TRST                       ;        ;              ;                     ; --           ;                 ; --       ; --           ;
; C23      ; 378        ; 7A             ; ^HPS_TMS                        ;        ;              ;                     ; --           ;                 ; --       ; --           ;
; C24      ; 367        ; 6A             ; RESERVED_INPUT_WITH_WEAK_PULLUP ;        ;              ;                     ; Row I/O      ;                 ; no       ; On           ;
; C25      ;            ; 6A             ; VCCIO6A_HPS                     ; power  ;              ; 2.5V                ; --           ;                 ; --       ; --           ;
; C26      ; 349        ; 6A             ; RESERVED_INPUT_WITH_WEAK_PULLUP ;        ;              ;                     ; Row I/O      ;                 ; no       ; On           ;
; C27      ;            ; 6A             ; VCCIO6A_HPS                     ; power  ;              ; 2.5V                ; --           ;                 ; --       ; --           ;
; C28      ; 341        ; 6A             ; RESERVED_INPUT_WITH_WEAK_PULLUP ;        ;              ;                     ; Row I/O      ;                 ; no       ; On           ;
; D1       ;            ;                ; DNU                             ;        ;              ;                     ; --           ;                 ; --       ; --           ;
; D2       ;            ;                ; DNU                             ;        ;              ;                     ; --           ;                 ; --       ; --           ;
; D3       ;            ;                ; GND                             ; gnd    ;              ;                     ; --           ;                 ; --       ; --           ;
; D4       ; 448        ; 7D             ; RESERVED_INPUT_WITH_WEAK_PULLUP ;        ;              ;                     ; Column I/O   ;                 ; no       ; On           ;
; D5       ; 455        ; 7D             ; RESERVED_INPUT_WITH_WEAK_PULLUP ;        ;              ;                     ; Column I/O   ;                 ; no       ; On           ;
; D6       ;            ; 7D             ; VCCIO7D_HPS                     ; power  ;              ; 2.5V                ; --           ;                 ; --       ; --           ;
; D7       ;            ; --             ; VCCBAT                          ; power  ;              ; 1.2V                ; --           ;                 ; --       ; --           ;
; D8       ; 465        ; 8A             ; RESERVED_INPUT_WITH_WEAK_PULLUP ;        ;              ;                     ; Column I/O   ;                 ; no       ; On           ;
; D9       ;            ; 8A             ; VREFB8AN0                       ; power  ;              ;                     ; --           ;                 ; --       ; --           ;
; D10      ;            ;                ; GND                             ; gnd    ;              ;                     ; --           ;                 ; --       ; --           ;
; D11      ; 476        ; 8A             ; RESERVED_INPUT_WITH_WEAK_PULLUP ;        ;              ;                     ; Column I/O   ;                 ; no       ; On           ;
; D12      ; 458        ; 8A             ; RESERVED_INPUT_WITH_WEAK_PULLUP ;        ;              ;                     ; Column I/O   ;                 ; no       ; On           ;
; D13      ;            ;                ; GND                             ; gnd    ;              ;                     ; --           ;                 ; --       ; --           ;
; D14      ; 430        ; 7C             ; RESERVED_INPUT_WITH_WEAK_PULLUP ;        ;              ;                     ; Column I/O   ;                 ; no       ; On           ;
; D15      ; 420        ; 7B             ; RESERVED_INPUT_WITH_WEAK_PULLUP ;        ;              ;                     ; Column I/O   ;                 ; no       ; On           ;
; D16      ;            ;                ; GND                             ; gnd    ;              ;                     ; --           ;                 ; --       ; --           ;
; D17      ; 410        ; 7B             ; RESERVED_INPUT_WITH_WEAK_PULLUP ;        ;              ;                     ; Column I/O   ;                 ; no       ; On           ;
; D18      ;            ; 7A             ; VCCIO7A_HPS                     ; power  ;              ; 2.5V                ; --           ;                 ; --       ; --           ;
; D19      ;            ; 7A, 7B, 7C, 7D ; VREFB7A7B7C7DN0_HPS             ; power  ;              ;                     ; --           ;                 ; --       ; --           ;
; D20      ; 385        ; 7A             ; ^HPS_CLK2                       ;        ;              ;                     ; --           ;                 ; --       ; --           ;
; D21      ; 382        ; 7A             ; ^GND                            ;        ;              ;                     ; --           ;                 ; --       ; --           ;
; D22      ; 381        ; 7A             ; ^HPS_TDI                        ;        ;              ;                     ; --           ;                 ; --       ; --           ;
; D23      ;            ;                ; DNU                             ;        ;              ;                     ; --           ;                 ; --       ; --           ;
; D24      ; 365        ; 6A             ; RESERVED_INPUT_WITH_WEAK_PULLUP ;        ;              ;                     ; Row I/O      ;                 ; no       ; On           ;
; D25      ; 371        ; 6A             ; HPS_RZQ_0                       ;        ;              ;                     ; --           ;                 ; no       ; On           ;
; D26      ; 347        ; 6A             ; RESERVED_INPUT_WITH_WEAK_PULLUP ;        ;              ;                     ; Row I/O      ;                 ; no       ; On           ;
; D27      ; 335        ; 6A             ; RESERVED_INPUT_WITH_WEAK_PULLUP ;        ;              ;                     ; Row I/O      ;                 ; no       ; On           ;
; D28      ; 333        ; 6A             ; RESERVED_INPUT_WITH_WEAK_PULLUP ;        ;              ;                     ; Row I/O      ;                 ; no       ; On           ;
; E1       ;            ;                ; GND                             ; gnd    ;              ;                     ; --           ;                 ; --       ; --           ;
; E2       ;            ;                ; GND                             ; gnd    ;              ;                     ; --           ;                 ; --       ; --           ;
; E3       ;            ;                ; GND                             ; gnd    ;              ;                     ; --           ;                 ; --       ; --           ;
; E4       ; 442        ; 7D             ; RESERVED_INPUT_WITH_WEAK_PULLUP ;        ;              ;                     ; Column I/O   ;                 ; no       ; On           ;
; E5       ; 454        ; 7D             ; RESERVED_INPUT_WITH_WEAK_PULLUP ;        ;              ;                     ; Column I/O   ;                 ; no       ; On           ;
; E6       ; 542        ; 9A             ; ^nCE                            ;        ;              ;                     ; --           ;                 ; --       ; --           ;
; E7       ;            ; 8A             ; VCCIO8A                         ; power  ;              ; 3.3V                ; --           ;                 ; --       ; --           ;
; E8       ; 463        ; 8A             ; UART_TX                         ; output ; 3.3-V LVTTL  ;                     ; Column I/O   ; Y               ; no       ; Off          ;
; E9       ;            ;                ; GND                             ; gnd    ;              ;                     ; --           ;                 ; --       ; --           ;
; E10      ;            ; 8A             ; VCCPD8A                         ; power  ;              ; 3.3V                ; --           ;                 ; --       ; --           ;
; E11      ; 474        ; 8A             ; RESERVED_INPUT_WITH_WEAK_PULLUP ;        ;              ;                     ; Column I/O   ;                 ; no       ; On           ;
; E12      ;            ;                ; DNU                             ;        ;              ;                     ; --           ;                 ; --       ; --           ;
; E13      ;            ; 7D             ; VCCPD7D_HPS                     ; power  ;              ; 2.5V                ; --           ;                 ; --       ; --           ;
; E14      ;            ; 7C             ; VCCPD7C_HPS                     ; power  ;              ; 2.5V                ; --           ;                 ; --       ; --           ;
; E15      ;            ; --             ; VCC_AUX                         ; power  ;              ; 2.5V                ; --           ;                 ; --       ; --           ;
; E16      ; 412        ; 7B             ; RESERVED_INPUT_WITH_WEAK_PULLUP ;        ;              ;                     ; Column I/O   ;                 ; no       ; On           ;
; E17      ;            ; 7B             ; VCCPD7B_HPS                     ; power  ;              ; 2.5V                ; --           ;                 ; --       ; --           ;
; E18      ; 383        ; 7A             ; ^HPS_PORSEL                     ;        ;              ;                     ; --           ;                 ; --       ; --           ;
; E19      ;            ;                ; GND                             ; gnd    ;              ;                     ; --           ;                 ; --       ; --           ;
; E20      ; 384        ; 7A             ; ^HPS_CLK1                       ;        ;              ;                     ; --           ;                 ; --       ; --           ;
; E21      ;            ; 7A             ; VCCPD7A_HPS                     ; power  ;              ; 2.5V                ; --           ;                 ; --       ; --           ;
; E22      ;            ;                ; GND                             ; gnd    ;              ;                     ; --           ;                 ; --       ; --           ;
; E23      ; 373        ; 7A             ; ^GND                            ;        ;              ;                     ; --           ;                 ; --       ; --           ;
; E24      ;            ;                ; GND                             ; gnd    ;              ;                     ; --           ;                 ; --       ; --           ;
; E25      ; 369        ; 6A             ; RESERVED_INPUT_WITH_WEAK_PULLUP ;        ;              ;                     ; Row I/O      ;                 ; no       ; On           ;
; E26      ; 345        ; 6A             ; RESERVED_INPUT_WITH_WEAK_PULLUP ;        ;              ;                     ; Row I/O      ;                 ; no       ; On           ;
; E27      ;            ;                ; GND                             ; gnd    ;              ;                     ; --           ;                 ; --       ; --           ;
; E28      ; 337        ; 6A             ; RESERVED_INPUT_WITH_WEAK_PULLUP ;        ;              ;                     ; Row I/O      ;                 ; no       ; On           ;
; F1       ;            ;                ; GND                             ; gnd    ;              ;                     ; --           ;                 ; --       ; --           ;
; F2       ;            ;                ; GND                             ; gnd    ;              ;                     ; --           ;                 ; --       ; --           ;
; F3       ;            ;                ; GND                             ; gnd    ;              ;                     ; --           ;                 ; --       ; --           ;
; F4       ; 450        ; 7D             ; RESERVED_INPUT_WITH_WEAK_PULLUP ;        ;              ;                     ; Column I/O   ;                 ; no       ; On           ;
; F5       ; 444        ; 7D             ; RESERVED_INPUT_WITH_WEAK_PULLUP ;        ;              ;                     ; Column I/O   ;                 ; no       ; On           ;
; F6       ; 547        ; 9A             ; ^GND                            ;        ;              ;                     ; --           ;                 ; --       ; --           ;
; F7       ; 545        ; 9A             ; ^nCONFIG                        ;        ;              ;                     ; --           ;                 ; --       ; --           ;
; F8       ;            ; --             ; VCC_AUX                         ; power  ;              ; 2.5V                ; --           ;                 ; --       ; --           ;
; F21      ;            ; --             ; VCC_AUX_SHARED                  ; power  ;              ; 2.5V                ; --           ;                 ; --       ; --           ;
; F22      ;            ; --             ; VCCRSTCLK_HPS                   ; power  ;              ; 1.8V/2.5V/3.0V/3.3V ; --           ;                 ; --       ; --           ;
; F23      ; 372        ; 7A             ; ^GND                            ;        ;              ;                     ; --           ;                 ; --       ; --           ;
; F24      ; 370        ; 6A             ; RESERVED_INPUT_WITH_WEAK_PULLUP ;        ;              ;                     ; Row I/O      ;                 ; no       ; On           ;
; F25      ; 362        ; 6A             ; RESERVED_INPUT_WITH_WEAK_PULLUP ;        ;              ;                     ; Row I/O      ;                 ; no       ; On           ;
; F26      ; 360        ; 6A             ; RESERVED_INPUT_WITH_WEAK_PULLUP ;        ;              ;                     ; Row I/O      ;                 ; no       ; On           ;
; F27      ;            ; 6A             ; VCCIO6A_HPS                     ; power  ;              ; 2.5V                ; --           ;                 ; --       ; --           ;
; F28      ; 327        ; 6A             ; RESERVED_INPUT_WITH_WEAK_PULLUP ;        ;              ;                     ; Row I/O      ;                 ; no       ; On           ;
; G1       ;            ;                ; GND                             ; gnd    ;              ;                     ; --           ;                 ; --       ; --           ;
; G2       ;            ;                ; GND                             ; gnd    ;              ;                     ; --           ;                 ; --       ; --           ;
; G3       ;            ;                ; GND                             ; gnd    ;              ;                     ; --           ;                 ; --       ; --           ;
; G4       ; 452        ; 7D             ; RESERVED_INPUT_WITH_WEAK_PULLUP ;        ;              ;                     ; Column I/O   ;                 ; no       ; On           ;
; G5       ;            ; 7D             ; VCCIO7D_HPS                     ; power  ;              ; 2.5V                ; --           ;                 ; --       ; --           ;
; G6       ; 543        ; 9A             ; ^MSEL2                          ;        ;              ;                     ; --           ;                 ; --       ; --           ;
; G23      ; 368        ; 6A             ; RESERVED_INPUT_WITH_WEAK_PULLUP ;        ;              ;                     ; Row I/O      ;                 ; no       ; On           ;
; G24      ;            ; 6A             ; VCCIO6A_HPS                     ; power  ;              ; 2.5V                ; --           ;                 ; --       ; --           ;
; G25      ; 354        ; 6A             ; RESERVED_INPUT_WITH_WEAK_PULLUP ;        ;              ;                     ; Row I/O      ;                 ; no       ; On           ;
; G26      ; 331        ; 6A             ; RESERVED_INPUT_WITH_WEAK_PULLUP ;        ;              ;                     ; Row I/O      ;                 ; no       ; On           ;
; G27      ; 329        ; 6A             ; RESERVED_INPUT_WITH_WEAK_PULLUP ;        ;              ;                     ; Row I/O      ;                 ; no       ; On           ;
; G28      ; 325        ; 6A             ; RESERVED_INPUT_WITH_WEAK_PULLUP ;        ;              ;                     ; Row I/O      ;                 ; no       ; On           ;
; H1       ;            ;                ; DNU                             ;        ;              ;                     ; --           ;                 ; --       ; --           ;
; H2       ;            ;                ; DNU                             ;        ;              ;                     ; --           ;                 ; --       ; --           ;
; H3       ;            ;                ; GND                             ; gnd    ;              ;                     ; --           ;                 ; --       ; --           ;
; H4       ;            ;                ; GND                             ; gnd    ;              ;                     ; --           ;                 ; --       ; --           ;
; H5       ;            ;                ; GND                             ; gnd    ;              ;                     ; --           ;                 ; --       ; --           ;
; H6       ;            ;                ; GND                             ; gnd    ;              ;                     ; --           ;                 ; --       ; --           ;
; H8       ; 541        ; 9A             ; ^nSTATUS                        ;        ;              ;                     ; --           ;                 ; --       ; --           ;
; H9       ; 540        ; 9A             ; ^MSEL1                          ;        ;              ;                     ; --           ;                 ; --       ; --           ;
; H10      ;            ; --             ; VCCPGM                          ; power  ;              ; 1.8V/2.5V/3.0V/3.3V ; --           ;                 ; --       ; --           ;
; H11      ;            ;                ; GND                             ; gnd    ;              ;                     ; --           ;                 ; --       ; --           ;
; H12      ; 436        ; 7C             ; RESERVED_INPUT_WITH_WEAK_PULLUP ;        ;              ;                     ; Column I/O   ;                 ; no       ; On           ;
; H13      ; 434        ; 7C             ; RESERVED_INPUT_WITH_WEAK_PULLUP ;        ;              ;                     ; Column I/O   ;                 ; no       ; On           ;
; H14      ;            ; 7B             ; VCCIO7B_HPS                     ; power  ;              ; 2.5V                ; --           ;                 ; --       ; --           ;
; H15      ;            ;                ; GND                             ; gnd    ;              ;                     ; --           ;                 ; --       ; --           ;
; H16      ; 422        ; 7B             ; RESERVED_INPUT_WITH_WEAK_PULLUP ;        ;              ;                     ; Column I/O   ;                 ; no       ; On           ;
; H17      ; 400        ; 7A             ; RESERVED_INPUT_WITH_WEAK_PULLUP ;        ;              ;                     ; Column I/O   ;                 ; no       ; On           ;
; H18      ;            ;                ; GND                             ; gnd    ;              ;                     ; --           ;                 ; --       ; --           ;
; H19      ; 375        ; 7A             ; ^HPS_nPOR                       ;        ;              ;                     ; --           ;                 ; --       ; --           ;
; H20      ;            ;                ; GND                             ; gnd    ;              ;                     ; --           ;                 ; --       ; --           ;
; H21      ;            ; 6A             ; VCCIO6A_HPS                     ; power  ;              ; 2.5V                ; --           ;                 ; --       ; --           ;
; H23      ;            ; --             ; VCCPLL_HPS                      ; power  ;              ; 2.5V                ; --           ;                 ; --       ; --           ;
; H24      ;            ;                ; GND                             ; gnd    ;              ;                     ; --           ;                 ; --       ; --           ;
; H25      ; 352        ; 6A             ; RESERVED_INPUT_WITH_WEAK_PULLUP ;        ;              ;                     ; Row I/O      ;                 ; no       ; On           ;
; H26      ;            ; 6A             ; VCCIO6A_HPS                     ; power  ;              ; 2.5V                ; --           ;                 ; --       ; --           ;
; H27      ;            ;                ; GND                             ; gnd    ;              ;                     ; --           ;                 ; --       ; --           ;
; H28      ; 339        ; 6A             ; RESERVED_INPUT_WITH_WEAK_PULLUP ;        ;              ;                     ; Row I/O      ;                 ; --       ; --           ;
; J1       ;            ;                ; GND                             ; gnd    ;              ;                     ; --           ;                 ; --       ; --           ;
; J2       ;            ;                ; GND                             ; gnd    ;              ;                     ; --           ;                 ; --       ; --           ;
; J3       ;            ;                ; GND                             ; gnd    ;              ;                     ; --           ;                 ; --       ; --           ;
; J4       ;            ; --             ; VCCA_FPLL                       ; power  ;              ; 2.5V                ; --           ;                 ; --       ; --           ;
; J5       ;            ;                ; GND                             ; gnd    ;              ;                     ; --           ;                 ; --       ; --           ;
; J8       ; 539        ; 9A             ; ^CONF_DONE                      ;        ;              ;                     ; --           ;                 ; --       ; --           ;
; J9       ;            ;                ; GND                             ; gnd    ;              ;                     ; --           ;                 ; --       ; --           ;
; J10      ; 538        ; 9A             ; ^MSEL0                          ;        ;              ;                     ; --           ;                 ; --       ; --           ;
; J11      ;            ; --             ; VCC                             ; power  ;              ; 1.1V                ; --           ;                 ; --       ; --           ;
; J12      ; 416        ; 7B             ; RESERVED_INPUT_WITH_WEAK_PULLUP ;        ;              ;                     ; Column I/O   ;                 ; no       ; On           ;
; J13      ; 414        ; 7B             ; RESERVED_INPUT_WITH_WEAK_PULLUP ;        ;              ;                     ; Column I/O   ;                 ; no       ; On           ;
; J14      ; 408        ; 7B             ; RESERVED_INPUT_WITH_WEAK_PULLUP ;        ;              ;                     ; Column I/O   ;                 ; no       ; On           ;
; J15      ; 406        ; 7B             ; RESERVED_INPUT_WITH_WEAK_PULLUP ;        ;              ;                     ; Column I/O   ;                 ; no       ; On           ;
; J16      ; 424        ; 7B             ; RESERVED_INPUT_WITH_WEAK_PULLUP ;        ;              ;                     ; Column I/O   ;                 ; no       ; On           ;
; J17      ; 398        ; 7A             ; RESERVED_INPUT_WITH_WEAK_PULLUP ;        ;              ;                     ; Column I/O   ;                 ; no       ; On           ;
; J18      ; 392        ; 7A             ; RESERVED_INPUT_WITH_WEAK_PULLUP ;        ;              ;                     ; Column I/O   ;                 ; no       ; On           ;
; J19      ; 377        ; 7A             ; ^VCCRSTCLK_HPS                  ;        ;              ;                     ; --           ;                 ; --       ; --           ;
; J20      ; 346        ; 6A             ; RESERVED_INPUT_WITH_WEAK_PULLUP ;        ;              ;                     ; Row I/O      ;                 ; no       ; On           ;
; J21      ; 344        ; 6A             ; RESERVED_INPUT_WITH_WEAK_PULLUP ;        ;              ;                     ; Row I/O      ;                 ; no       ; On           ;
; J24      ; 336        ; 6A             ; RESERVED_INPUT_WITH_WEAK_PULLUP ;        ;              ;                     ; Row I/O      ;                 ; no       ; On           ;
; J25      ; 338        ; 6A             ; RESERVED_INPUT_WITH_WEAK_PULLUP ;        ;              ;                     ; Row I/O      ;                 ; no       ; On           ;
; J26      ; 330        ; 6A             ; RESERVED_INPUT_WITH_WEAK_PULLUP ;        ;              ;                     ; Row I/O      ;                 ; no       ; On           ;
; J27      ; 321        ; 6A             ; RESERVED_INPUT_WITH_WEAK_PULLUP ;        ;              ;                     ; Row I/O      ;                 ; no       ; On           ;
; J28      ; 319        ; 6A             ; RESERVED_INPUT_WITH_WEAK_PULLUP ;        ;              ;                     ; Row I/O      ;                 ; no       ; On           ;
; K1       ;            ;                ; GND                             ; gnd    ;              ;                     ; --           ;                 ; --       ; --           ;
; K2       ;            ;                ; GND                             ; gnd    ;              ;                     ; --           ;                 ; --       ; --           ;
; K3       ;            ;                ; GND                             ; gnd    ;              ;                     ; --           ;                 ; --       ; --           ;
; K4       ;            ;                ; GND                             ; gnd    ;              ;                     ; --           ;                 ; --       ; --           ;
; K5       ;            ; --             ; VCCA_FPLL                       ; power  ;              ; 2.5V                ; --           ;                 ; --       ; --           ;
; K8       ;            ;                ; GND                             ; gnd    ;              ;                     ; --           ;                 ; --       ; --           ;
; K9       ; 546        ; 9A             ; ^MSEL4                          ;        ;              ;                     ; --           ;                 ; --       ; --           ;
; K10      ; 544        ; 9A             ; ^MSEL3                          ;        ;              ;                     ; --           ;                 ; --       ; --           ;
; K11      ;            ;                ; GND                             ; gnd    ;              ;                     ; --           ;                 ; --       ; --           ;
; K12      ;            ;                ; GND                             ; gnd    ;              ;                     ; --           ;                 ; --       ; --           ;
; K13      ;            ; --             ; VCC                             ; power  ;              ; 1.1V                ; --           ;                 ; --       ; --           ;
; K14      ;            ;                ; GND                             ; gnd    ;              ;                     ; --           ;                 ; --       ; --           ;
; K15      ;            ; --             ; VCC                             ; power  ;              ; 1.1V                ; --           ;                 ; --       ; --           ;
; K16      ;            ;                ; GND                             ; gnd    ;              ;                     ; --           ;                 ; --       ; --           ;
; K17      ;            ; --             ; VCC_HPS                         ; power  ;              ; 1.1V                ; --           ;                 ; --       ; --           ;
; K18      ; 390        ; 7A             ; RESERVED_INPUT_WITH_WEAK_PULLUP ;        ;              ;                     ; Column I/O   ;                 ; no       ; On           ;
; K19      ; 379        ; 7A             ; ^HPS_TCK                        ;        ;              ;                     ; --           ;                 ; --       ; --           ;
; K20      ;            ;                ; GND                             ; gnd    ;              ;                     ; --           ;                 ; --       ; --           ;
; K21      ;            ; 6A, 6B         ; VCCPD6A6B_HPS                   ; power  ;              ; 2.5V                ; --           ;                 ; --       ; --           ;
; K24      ;            ; 6A, 6B         ; VCCPD6A6B_HPS                   ; power  ;              ; 2.5V                ; --           ;                 ; --       ; --           ;
; K25      ; 322        ; 6A             ; RESERVED_INPUT_WITH_WEAK_PULLUP ;        ;              ;                     ; Row I/O      ;                 ; no       ; On           ;
; K26      ; 328        ; 6A             ; RESERVED_INPUT_WITH_WEAK_PULLUP ;        ;              ;                     ; Row I/O      ;                 ; no       ; On           ;
; K27      ; 323        ; 6A             ; RESERVED_INPUT_WITH_WEAK_PULLUP ;        ;              ;                     ; Row I/O      ;                 ; no       ; On           ;
; K28      ; 317        ; 6A             ; RESERVED_INPUT_WITH_WEAK_PULLUP ;        ;              ;                     ; Row I/O      ;                 ; no       ; On           ;
; L1       ;            ;                ; GND                             ; gnd    ;              ;                     ; --           ;                 ; --       ; --           ;
; L2       ;            ;                ; GND                             ; gnd    ;              ;                     ; --           ;                 ; --       ; --           ;
; L3       ;            ;                ; GND                             ; gnd    ;              ;                     ; --           ;                 ; --       ; --           ;
; L4       ;            ; --             ; VCC                             ; power  ;              ; 1.1V                ; --           ;                 ; --       ; --           ;
; L5       ;            ;                ; GND                             ; gnd    ;              ;                     ; --           ;                 ; --       ; --           ;
; L8       ;            ;                ; GND                             ; gnd    ;              ;                     ; --           ;                 ; --       ; --           ;
; L9       ;            ;                ; GND                             ; gnd    ;              ;                     ; --           ;                 ; --       ; --           ;
; L10      ;            ;                ; GND                             ; gnd    ;              ;                     ; --           ;                 ; --       ; --           ;
; L11      ;            ; --             ; VCC                             ; power  ;              ; 1.1V                ; --           ;                 ; --       ; --           ;
; L12      ;            ; --             ; VCC                             ; power  ;              ; 1.1V                ; --           ;                 ; --       ; --           ;
; L13      ;            ;                ; GND                             ; gnd    ;              ;                     ; --           ;                 ; --       ; --           ;
; L14      ;            ; --             ; VCC                             ; power  ;              ; 1.1V                ; --           ;                 ; --       ; --           ;
; L15      ;            ;                ; GND                             ; gnd    ;              ;                     ; --           ;                 ; --       ; --           ;
; L16      ;            ; --             ; VCC_HPS                         ; power  ;              ; 1.1V                ; --           ;                 ; --       ; --           ;
; L17      ;            ;                ; GND                             ; gnd    ;              ;                     ; --           ;                 ; --       ; --           ;
; L18      ;            ; --             ; VCC_HPS                         ; power  ;              ; 1.1V                ; --           ;                 ; --       ; --           ;
; L19      ;            ;                ; GND                             ; gnd    ;              ;                     ; --           ;                 ; --       ; --           ;
; L20      ; 366        ; 6A             ; RESERVED_INPUT_WITH_WEAK_PULLUP ;        ;              ;                     ; Row I/O      ;                 ; no       ; On           ;
; L21      ; 364        ; 6A             ; RESERVED_INPUT_WITH_WEAK_PULLUP ;        ;              ;                     ; Row I/O      ;                 ; no       ; On           ;
; L24      ;            ;                ; GND                             ; gnd    ;              ;                     ; --           ;                 ; --       ; --           ;
; L25      ; 320        ; 6A             ; RESERVED_INPUT_WITH_WEAK_PULLUP ;        ;              ;                     ; Row I/O      ;                 ; no       ; On           ;
; L26      ;            ; 6A             ; VCCIO6A_HPS                     ; power  ;              ; 2.5V                ; --           ;                 ; --       ; --           ;
; L27      ;            ;                ; GND                             ; gnd    ;              ;                     ; --           ;                 ; --       ; --           ;
; L28      ; 315        ; 6A             ; RESERVED_INPUT_WITH_WEAK_PULLUP ;        ;              ;                     ; Row I/O      ;                 ; no       ; On           ;
; M1       ;            ;                ; DNU                             ;        ;              ;                     ; --           ;                 ; --       ; --           ;
; M2       ;            ;                ; DNU                             ;        ;              ;                     ; --           ;                 ; --       ; --           ;
; M3       ;            ;                ; GND                             ; gnd    ;              ;                     ; --           ;                 ; --       ; --           ;
; M4       ;            ; --             ; VCCA_FPLL                       ; power  ;              ; 2.5V                ; --           ;                 ; --       ; --           ;
; M5       ;            ; --             ; VCC                             ; power  ;              ; 1.1V                ; --           ;                 ; --       ; --           ;
; M8       ;            ;                ; GND                             ; gnd    ;              ;                     ; --           ;                 ; --       ; --           ;
; M9       ;            ; --             ; VCC                             ; power  ;              ; 1.1V                ; --           ;                 ; --       ; --           ;
; M10      ;            ;                ; GND                             ; gnd    ;              ;                     ; --           ;                 ; --       ; --           ;
; M11      ;            ;                ; GND                             ; gnd    ;              ;                     ; --           ;                 ; --       ; --           ;
; M12      ;            ; --             ; VCC                             ; power  ;              ; 1.1V                ; --           ;                 ; --       ; --           ;
; M13      ;            ; --             ; VCC                             ; power  ;              ; 1.1V                ; --           ;                 ; --       ; --           ;
; M14      ;            ;                ; GND                             ; gnd    ;              ;                     ; --           ;                 ; --       ; --           ;
; M15      ;            ; --             ; VCC                             ; power  ;              ; 1.1V                ; --           ;                 ; --       ; --           ;
; M16      ;            ;                ; GND                             ; gnd    ;              ;                     ; --           ;                 ; --       ; --           ;
; M17      ;            ; --             ; VCC_HPS                         ; power  ;              ; 1.1V                ; --           ;                 ; --       ; --           ;
; M18      ;            ; --             ; VCC_HPS                         ; power  ;              ; 1.1V                ; --           ;                 ; --       ; --           ;
; M19      ;            ; --             ; VCC_HPS                         ; power  ;              ; 1.1V                ; --           ;                 ; --       ; --           ;
; M20      ;            ;                ; GND                             ; gnd    ;              ;                     ; --           ;                 ; --       ; --           ;
; M21      ;            ; 6A             ; VCCIO6A_HPS                     ; power  ;              ; 2.5V                ; --           ;                 ; --       ; --           ;
; M24      ;            ; 6A, 6B         ; VCCPD6A6B_HPS                   ; power  ;              ; 2.5V                ; --           ;                 ; --       ; --           ;
; M25      ; 324        ; 6A             ; RESERVED_INPUT_WITH_WEAK_PULLUP ;        ;              ;                     ; Row I/O      ;                 ; no       ; On           ;
; M26      ; 312        ; 6A             ; RESERVED_INPUT_WITH_WEAK_PULLUP ;        ;              ;                     ; Row I/O      ;                 ; no       ; On           ;
; M27      ; 314        ; 6A             ; RESERVED_INPUT_WITH_WEAK_PULLUP ;        ;              ;                     ; Row I/O      ;                 ; no       ; On           ;
; M28      ; 313        ; 6A             ; RESERVED_INPUT_WITH_WEAK_PULLUP ;        ;              ;                     ; Row I/O      ;                 ; no       ; On           ;
; N1       ;            ;                ; GND                             ; gnd    ;              ;                     ; --           ;                 ; --       ; --           ;
; N2       ;            ;                ; GND                             ; gnd    ;              ;                     ; --           ;                 ; --       ; --           ;
; N3       ;            ;                ; GND                             ; gnd    ;              ;                     ; --           ;                 ; --       ; --           ;
; N4       ;            ;                ; GND                             ; gnd    ;              ;                     ; --           ;                 ; --       ; --           ;
; N5       ;            ; --             ; VCC                             ; power  ;              ; 1.1V                ; --           ;                 ; --       ; --           ;
; N8       ;            ;                ; GND                             ; gnd    ;              ;                     ; --           ;                 ; --       ; --           ;
; N9       ;            ; --             ; VCC                             ; power  ;              ; 1.1V                ; --           ;                 ; --       ; --           ;
; N10      ;            ; --             ; VCC                             ; power  ;              ; 1.1V                ; --           ;                 ; --       ; --           ;
; N11      ;            ; --             ; VCC                             ; power  ;              ; 1.1V                ; --           ;                 ; --       ; --           ;
; N12      ;            ; --             ; VCC                             ; power  ;              ; 1.1V                ; --           ;                 ; --       ; --           ;
; N13      ;            ;                ; GND                             ; gnd    ;              ;                     ; --           ;                 ; --       ; --           ;
; N14      ;            ; --             ; VCC                             ; power  ;              ; 1.1V                ; --           ;                 ; --       ; --           ;
; N15      ;            ;                ; GND                             ; gnd    ;              ;                     ; --           ;                 ; --       ; --           ;
; N16      ;            ; --             ; VCC_HPS                         ; power  ;              ; 1.1V                ; --           ;                 ; --       ; --           ;
; N17      ;            ;                ; GND                             ; gnd    ;              ;                     ; --           ;                 ; --       ; --           ;
; N18      ;            ; --             ; VCC_HPS                         ; power  ;              ; 1.1V                ; --           ;                 ; --       ; --           ;
; N19      ;            ;                ; GND                             ; gnd    ;              ;                     ; --           ;                 ; --       ; --           ;
; N20      ; 350        ; 6A             ; RESERVED_INPUT_WITH_WEAK_PULLUP ;        ;              ;                     ; Row I/O      ;                 ; no       ; On           ;
; N21      ; 348        ; 6A             ; RESERVED_INPUT_WITH_WEAK_PULLUP ;        ;              ;                     ; Row I/O      ;                 ; no       ; On           ;
; N24      ; 306        ; 6B             ; RESERVED_INPUT_WITH_WEAK_PULLUP ;        ;              ;                     ; Row I/O      ;                 ; no       ; On           ;
; N25      ; 304        ; 6B             ; RESERVED_INPUT_WITH_WEAK_PULLUP ;        ;              ;                     ; Row I/O      ;                 ; no       ; On           ;
; N26      ; 298        ; 6B             ; RESERVED_INPUT_WITH_WEAK_PULLUP ;        ;              ;                     ; Row I/O      ;                 ; no       ; On           ;
; N27      ; 296        ; 6B             ; RESERVED_INPUT_WITH_WEAK_PULLUP ;        ;              ;                     ; Row I/O      ;                 ; no       ; On           ;
; N28      ; 311        ; 6A             ; RESERVED_INPUT_WITH_WEAK_PULLUP ;        ;              ;                     ; Row I/O      ;                 ; no       ; On           ;
; P1       ;            ;                ; GND                             ; gnd    ;              ;                     ; --           ;                 ; --       ; --           ;
; P2       ;            ;                ; GND                             ; gnd    ;              ;                     ; --           ;                 ; --       ; --           ;
; P3       ;            ;                ; GND                             ; gnd    ;              ;                     ; --           ;                 ; --       ; --           ;
; P4       ;            ; --             ; VCCA_FPLL                       ; power  ;              ; 2.5V                ; --           ;                 ; --       ; --           ;
; P5       ;            ;                ; GND                             ; gnd    ;              ;                     ; --           ;                 ; --       ; --           ;
; P8       ;            ;                ; GND                             ; gnd    ;              ;                     ; --           ;                 ; --       ; --           ;
; P9       ;            ;                ; GND                             ; gnd    ;              ;                     ; --           ;                 ; --       ; --           ;
; P10      ;            ;                ; GND                             ; gnd    ;              ;                     ; --           ;                 ; --       ; --           ;
; P11      ;            ; --             ; VCC                             ; power  ;              ; 1.1V                ; --           ;                 ; --       ; --           ;
; P12      ;            ;                ; GND                             ; gnd    ;              ;                     ; --           ;                 ; --       ; --           ;
; P13      ;            ; --             ; VCC                             ; power  ;              ; 1.1V                ; --           ;                 ; --       ; --           ;
; P14      ;            ; --             ; VCC                             ; power  ;              ; 1.1V                ; --           ;                 ; --       ; --           ;
; P15      ;            ; --             ; VCC                             ; power  ;              ; 1.1V                ; --           ;                 ; --       ; --           ;
; P16      ;            ;                ; GND                             ; gnd    ;              ;                     ; --           ;                 ; --       ; --           ;
; P17      ;            ; --             ; VCC_HPS                         ; power  ;              ; 1.1V                ; --           ;                 ; --       ; --           ;
; P18      ;            ;                ; GND                             ; gnd    ;              ;                     ; --           ;                 ; --       ; --           ;
; P19      ;            ; --             ; VCC_HPS                         ; power  ;              ; 1.1V                ; --           ;                 ; --       ; --           ;
; P20      ;            ;                ; GND                             ; gnd    ;              ;                     ; --           ;                 ; --       ; --           ;
; P21      ;            ; 6A, 6B         ; VCCPD6A6B_HPS                   ; power  ;              ; 2.5V                ; --           ;                 ; --       ; --           ;
; P24      ;            ; 6A, 6B         ; VCCPD6A6B_HPS                   ; power  ;              ; 2.5V                ; --           ;                 ; --       ; --           ;
; P25      ;            ;                ; GND                             ; gnd    ;              ;                     ; --           ;                 ; --       ; --           ;
; P26      ; 299        ; 6B             ; RESERVED_INPUT_WITH_WEAK_PULLUP ;        ;              ;                     ; Row I/O      ;                 ; no       ; On           ;
; P27      ;            ; 6B             ; VCCIO6B_HPS                     ; power  ;              ; 2.5V                ; --           ;                 ; --       ; --           ;
; P28      ; 309        ; 6A             ; RESERVED_INPUT_WITH_WEAK_PULLUP ;        ;              ;                     ; Row I/O      ;                 ; no       ; On           ;
; R1       ;            ;                ; GND                             ; gnd    ;              ;                     ; --           ;                 ; --       ; --           ;
; R2       ;            ;                ; GND                             ; gnd    ;              ;                     ; --           ;                 ; --       ; --           ;
; R3       ;            ;                ; GND                             ; gnd    ;              ;                     ; --           ;                 ; --       ; --           ;
; R4       ;            ; --             ; VCCA_FPLL                       ; power  ;              ; 2.5V                ; --           ;                 ; --       ; --           ;
; R5       ;            ; --             ; VCC                             ; power  ;              ; 1.1V                ; --           ;                 ; --       ; --           ;
; R8       ;            ;                ; GND                             ; gnd    ;              ;                     ; --           ;                 ; --       ; --           ;
; R9       ;            ; --             ; VCC                             ; power  ;              ; 1.1V                ; --           ;                 ; --       ; --           ;
; R10      ;            ; --             ; VCC                             ; power  ;              ; 1.1V                ; --           ;                 ; --       ; --           ;
; R11      ;            ;                ; GND                             ; gnd    ;              ;                     ; --           ;                 ; --       ; --           ;
; R12      ;            ; --             ; VCC                             ; power  ;              ; 1.1V                ; --           ;                 ; --       ; --           ;
; R13      ;            ;                ; GND                             ; gnd    ;              ;                     ; --           ;                 ; --       ; --           ;
; R14      ;            ; --             ; VCC                             ; power  ;              ; 1.1V                ; --           ;                 ; --       ; --           ;
; R15      ;            ;                ; GND                             ; gnd    ;              ;                     ; --           ;                 ; --       ; --           ;
; R16      ; 334        ; 6A             ; RESERVED_INPUT_WITH_WEAK_PULLUP ;        ;              ;                     ; Row I/O      ;                 ; no       ; On           ;
; R17      ; 332        ; 6A             ; RESERVED_INPUT_WITH_WEAK_PULLUP ;        ;              ;                     ; Row I/O      ;                 ; no       ; On           ;
; R18      ; 318        ; 6A             ; RESERVED_INPUT_WITH_WEAK_PULLUP ;        ;              ;                     ; Row I/O      ;                 ; no       ; On           ;
; R19      ; 316        ; 6A             ; RESERVED_INPUT_WITH_WEAK_PULLUP ;        ;              ;                     ; Row I/O      ;                 ; no       ; On           ;
; R20      ; 310        ; 6A             ; RESERVED_INPUT_WITH_WEAK_PULLUP ;        ;              ;                     ; Row I/O      ;                 ; no       ; On           ;
; R21      ; 308        ; 6A             ; RESERVED_INPUT_WITH_WEAK_PULLUP ;        ;              ;                     ; Row I/O      ;                 ; no       ; On           ;
; R24      ; 282        ; 6B             ; RESERVED_INPUT_WITH_WEAK_PULLUP ;        ;              ;                     ; Row I/O      ;                 ; no       ; On           ;
; R25      ; 288        ; 6B             ; RESERVED_INPUT_WITH_WEAK_PULLUP ;        ;              ;                     ; Row I/O      ;                 ; no       ; On           ;
; R26      ; 290        ; 6B             ; RESERVED_INPUT_WITH_WEAK_PULLUP ;        ;              ;                     ; Row I/O      ;                 ; no       ; On           ;
; R27      ; 297        ; 6B             ; RESERVED_INPUT_WITH_WEAK_PULLUP ;        ;              ;                     ; Row I/O      ;                 ; no       ; On           ;
; R28      ; 307        ; 6B             ; RESERVED_INPUT_WITH_WEAK_PULLUP ;        ;              ;                     ; Row I/O      ;                 ; no       ; On           ;
; T1       ;            ;                ; DNU                             ;        ;              ;                     ; --           ;                 ; --       ; --           ;
; T2       ;            ;                ; DNU                             ;        ;              ;                     ; --           ;                 ; --       ; --           ;
; T3       ;            ;                ; GND                             ; gnd    ;              ;                     ; --           ;                 ; --       ; --           ;
; T4       ;            ; --             ; VCC                             ; power  ;              ; 1.1V                ; --           ;                 ; --       ; --           ;
; T5       ;            ; --             ; VCC                             ; power  ;              ; 1.1V                ; --           ;                 ; --       ; --           ;
; T8       ; 56         ; 3A             ; RESERVED_INPUT_WITH_WEAK_PULLUP ;        ;              ;                     ; Column I/O   ;                 ; no       ; On           ;
; T9       ;            ; --             ; VCC                             ; power  ;              ; 1.1V                ; --           ;                 ; --       ; --           ;
; T10      ;            ;                ; GND                             ; gnd    ;              ;                     ; --           ;                 ; --       ; --           ;
; T11      ; 106        ; 3B             ; RESERVED_INPUT_WITH_WEAK_PULLUP ;        ;              ;                     ; Column I/O   ;                 ; no       ; On           ;
; T12      ; 120        ; 3B             ; RESERVED_INPUT_WITH_WEAK_PULLUP ;        ;              ;                     ; Column I/O   ;                 ; no       ; On           ;
; T13      ; 122        ; 3B             ; RESERVED_INPUT_WITH_WEAK_PULLUP ;        ;              ;                     ; Column I/O   ;                 ; no       ; On           ;
; T14      ;            ;                ; GND                             ; gnd    ;              ;                     ; --           ;                 ; --       ; --           ;
; T15      ;            ; --             ; VCC                             ; power  ;              ; 1.1V                ; --           ;                 ; --       ; --           ;
; T16      ; 292        ; 6B             ; RESERVED_INPUT_WITH_WEAK_PULLUP ;        ;              ;                     ; Row I/O      ;                 ; no       ; On           ;
; T17      ; 294        ; 6B             ; RESERVED_INPUT_WITH_WEAK_PULLUP ;        ;              ;                     ; Row I/O      ;                 ; no       ; On           ;
; T18      ; 302        ; 6B             ; RESERVED_INPUT_WITH_WEAK_PULLUP ;        ;              ;                     ; Row I/O      ;                 ; no       ; On           ;
; T19      ; 300        ; 6B             ; RESERVED_INPUT_WITH_WEAK_PULLUP ;        ;              ;                     ; Row I/O      ;                 ; no       ; On           ;
; T20      ; 286        ; 6B             ; RESERVED_INPUT_WITH_WEAK_PULLUP ;        ;              ;                     ; Row I/O      ;                 ; no       ; On           ;
; T21      ;            ; 6B             ; VCCIO6B_HPS                     ; power  ;              ; 2.5V                ; --           ;                 ; --       ; --           ;
; T24      ; 280        ; 6B             ; RESERVED_INPUT_WITH_WEAK_PULLUP ;        ;              ;                     ; Row I/O      ;                 ; no       ; On           ;
; T25      ;            ; 6B             ; VCCIO6B_HPS                     ; power  ;              ; 2.5V                ; --           ;                 ; --       ; --           ;
; T26      ; 274        ; 6B             ; RESERVED_INPUT_WITH_WEAK_PULLUP ;        ;              ;                     ; Row I/O      ;                 ; no       ; On           ;
; T27      ; 283        ; 6B             ; RESERVED_INPUT_WITH_WEAK_PULLUP ;        ;              ;                     ; Row I/O      ;                 ; --       ; --           ;
; T28      ; 305        ; 6B             ; RESERVED_INPUT_WITH_WEAK_PULLUP ;        ;              ;                     ; Row I/O      ;                 ; no       ; On           ;
; U1       ;            ;                ; GND                             ; gnd    ;              ;                     ; --           ;                 ; --       ; --           ;
; U2       ;            ;                ; GND                             ; gnd    ;              ;                     ; --           ;                 ; --       ; --           ;
; U3       ;            ;                ; GND                             ; gnd    ;              ;                     ; --           ;                 ; --       ; --           ;
; U4       ;            ; --             ; VCCA_FPLL                       ; power  ;              ; 2.5V                ; --           ;                 ; --       ; --           ;
; U5       ;            ;                ; GND                             ; gnd    ;              ;                     ; --           ;                 ; --       ; --           ;
; U8       ;            ;                ; DNU                             ;        ;              ;                     ; --           ;                 ; --       ; --           ;
; U9       ; 58         ; 3A             ; RESERVED_INPUT_WITH_WEAK_PULLUP ;        ;              ;                     ; Column I/O   ;                 ; no       ; On           ;
; U10      ; 62         ; 3A             ; RESERVED_INPUT_WITH_WEAK_PULLUP ;        ;              ;                     ; Column I/O   ;                 ; no       ; On           ;
; U11      ; 104        ; 3B             ; RESERVED_INPUT_WITH_WEAK_PULLUP ;        ;              ;                     ; Column I/O   ;                 ; no       ; On           ;
; U12      ;            ;                ; GND                             ; gnd    ;              ;                     ; --           ;                 ; --       ; --           ;
; U13      ; 136        ; 4A             ; RESERVED_INPUT_WITH_WEAK_PULLUP ;        ;              ;                     ; Column I/O   ;                 ; no       ; On           ;
; U14      ; 138        ; 4A             ; RESERVED_INPUT_WITH_WEAK_PULLUP ;        ;              ;                     ; Column I/O   ;                 ; no       ; On           ;
; U15      ; 278        ; 6B             ; RESERVED_INPUT_WITH_WEAK_PULLUP ;        ;              ;                     ; Row I/O      ;                 ; no       ; On           ;
; U16      ; 276        ; 6B             ; RESERVED_INPUT_WITH_WEAK_PULLUP ;        ;              ;                     ; Row I/O      ;                 ; no       ; On           ;
; U17      ;            ;                ; GND                             ; gnd    ;              ;                     ; --           ;                 ; --       ; --           ;
; U18      ;            ; 6B             ; VCCIO6B_HPS                     ; power  ;              ; 2.5V                ; --           ;                 ; --       ; --           ;
; U19      ; 284        ; 6B             ; RESERVED_INPUT_WITH_WEAK_PULLUP ;        ;              ;                     ; Row I/O      ;                 ; no       ; On           ;
; U20      ;            ;                ; GND                             ; gnd    ;              ;                     ; --           ;                 ; --       ; --           ;
; U21      ;            ; --             ; VCC_HPS                         ; power  ;              ; 1.1V                ; --           ;                 ; --       ; --           ;
; U24      ;            ;                ; GND                             ; gnd    ;              ;                     ; --           ;                 ; --       ; --           ;
; U25      ; 272        ; 6B             ; RESERVED_INPUT_WITH_WEAK_PULLUP ;        ;              ;                     ; Row I/O      ;                 ; no       ; On           ;
; U26      ;            ; --             ; VCC                             ; power  ;              ; 1.1V                ; --           ;                 ; --       ; --           ;
; U27      ;            ;                ; GND                             ; gnd    ;              ;                     ; --           ;                 ; --       ; --           ;
; U28      ; 303        ; 6B             ; RESERVED_INPUT_WITH_WEAK_PULLUP ;        ;              ;                     ; Row I/O      ;                 ; no       ; On           ;
; V1       ;            ;                ; GND                             ; gnd    ;              ;                     ; --           ;                 ; --       ; --           ;
; V2       ;            ;                ; GND                             ; gnd    ;              ;                     ; --           ;                 ; --       ; --           ;
; V3       ;            ;                ; GND                             ; gnd    ;              ;                     ; --           ;                 ; --       ; --           ;
; V4       ;            ;                ; GND                             ; gnd    ;              ;                     ; --           ;                 ; --       ; --           ;
; V5       ;            ;                ; GND                             ; gnd    ;              ;                     ; --           ;                 ; --       ; --           ;
; V8       ;            ;                ; GND                             ; gnd    ;              ;                     ; --           ;                 ; --       ; --           ;
; V9       ;            ;                ; GND                             ; gnd    ;              ;                     ; --           ;                 ; --       ; --           ;
; V10      ; 60         ; 3A             ; RESERVED_INPUT_WITH_WEAK_PULLUP ;        ;              ;                     ; Column I/O   ;                 ; no       ; On           ;
; V11      ; 114        ; 3B             ; FPGA_CLK1_50                    ; input  ; 3.3-V LVTTL  ;                     ; Column I/O   ; Y               ; no       ; Off          ;
; V12      ; 130        ; 3B             ; UART_RX                         ; input  ; 3.3-V LVTTL  ;                     ; Column I/O   ; Y               ; no       ; Off          ;
; V13      ; 152        ; 4A             ; RESERVED_INPUT_WITH_WEAK_PULLUP ;        ;              ;                     ; Column I/O   ;                 ; no       ; On           ;
; V14      ;            ;                ; GND                             ; gnd    ;              ;                     ; --           ;                 ; --       ; --           ;
; V15      ; 227        ; 5A             ; LED[3]                          ; output ; 3.3-V LVTTL  ;                     ; Row I/O      ; Y               ; no       ; Off          ;
; V16      ; 225        ; 5A             ; LED[2]                          ; output ; 3.3-V LVTTL  ;                     ; Row I/O      ; Y               ; no       ; Off          ;
; V17      ; 270        ; 6B             ; RESERVED_INPUT_WITH_WEAK_PULLUP ;        ;              ;                     ; Row I/O      ;                 ; no       ; On           ;
; V18      ; 268        ; 6B             ; RESERVED_INPUT_WITH_WEAK_PULLUP ;        ;              ;                     ; Row I/O      ;                 ; no       ; On           ;
; V19      ; 266        ; 6B             ; RESERVED_INPUT_WITH_WEAK_PULLUP ;        ;              ;                     ; Row I/O      ;                 ; no       ; On           ;
; V20      ; 264        ; 6B             ; RESERVED_INPUT_WITH_WEAK_PULLUP ;        ;              ;                     ; Row I/O      ;                 ; no       ; On           ;
; V21      ;            ;                ; GND                             ; gnd    ;              ;                     ; --           ;                 ; --       ; --           ;
; V24      ; 269        ; 6B             ; RESERVED_INPUT_WITH_WEAK_PULLUP ;        ;              ;                     ; Row I/O      ;                 ; no       ; On           ;
; V25      ; 271        ; 6B             ; RESERVED_INPUT_WITH_WEAK_PULLUP ;        ;              ;                     ; Row I/O      ;                 ; no       ; On           ;
; V26      ;            ;                ; GND                             ; gnd    ;              ;                     ; --           ;                 ; --       ; --           ;
; V27      ; 295        ; 6B             ; RESERVED_INPUT_WITH_WEAK_PULLUP ;        ;              ;                     ; Row I/O      ;                 ; no       ; On           ;
; V28      ; 301        ; 6B             ; RESERVED_INPUT_WITH_WEAK_PULLUP ;        ;              ;                     ; Row I/O      ;                 ; no       ; On           ;
; W1       ;            ;                ; GND                             ; gnd    ;              ;                     ; --           ;                 ; --       ; --           ;
; W2       ;            ;                ; GND                             ; gnd    ;              ;                     ; --           ;                 ; --       ; --           ;
; W3       ;            ;                ; GND                             ; gnd    ;              ;                     ; --           ;                 ; --       ; --           ;
; W4       ;            ;                ; GND                             ; gnd    ;              ;                     ; --           ;                 ; --       ; --           ;
; W5       ;            ; --             ; VCCA_FPLL                       ; power  ;              ; 2.5V                ; --           ;                 ; --       ; --           ;
; W8       ; 54         ; 3A             ; RESERVED_INPUT_WITH_WEAK_PULLUP ;        ;              ;                     ; Column I/O   ;                 ; no       ; On           ;
; W9       ;            ; 3A             ; VCCIO3A                         ; power  ;              ; 2.5V                ; --           ;                 ; --       ; --           ;
; W10      ; 48         ; 3A             ; #TDI                            ; input  ;              ;                     ; --           ;                 ; --       ; --           ;
; W11      ; 112        ; 3B             ; RESERVED_INPUT_WITH_WEAK_PULLUP ;        ;              ;                     ; Column I/O   ;                 ; no       ; On           ;
; W12      ; 128        ; 3B             ; RESERVED_INPUT_WITH_WEAK_PULLUP ;        ;              ;                     ; Column I/O   ;                 ; no       ; On           ;
; W13      ;            ; 4A             ; VCCIO4A                         ; power  ;              ; 3.3V                ; --           ;                 ; --       ; --           ;
; W14      ; 154        ; 4A             ; RESERVED_INPUT_WITH_WEAK_PULLUP ;        ;              ;                     ; Column I/O   ;                 ; no       ; On           ;
; W15      ; 223        ; 5A             ; LED[0]                          ; output ; 3.3-V LVTTL  ;                     ; Row I/O      ; Y               ; no       ; Off          ;
; W16      ;            ;                ; GND                             ; gnd    ;              ;                     ; --           ;                 ; --       ; --           ;
; W17      ;            ; 5A             ; VCCIO5A                         ; power  ;              ; 3.3V                ; --           ;                 ; --       ; --           ;
; W18      ;            ;                ; GND                             ; gnd    ;              ;                     ; --           ;                 ; --       ; --           ;
; W19      ;            ; 5B             ; VCCPD5B                         ; power  ;              ; 3.3V                ; --           ;                 ; --       ; --           ;
; W20      ; 254        ; 5B             ; SW[3]                           ; input  ; 3.3-V LVTTL  ;                     ; Row I/O      ; Y               ; no       ; Off          ;
; W21      ; 252        ; 5B             ; SW[2]                           ; input  ; 3.3-V LVTTL  ;                     ; Row I/O      ; Y               ; no       ; Off          ;
; W24      ; 258        ; 5B             ; SW[1]                           ; input  ; 3.3-V LVTTL  ;                     ; Row I/O      ; Y               ; no       ; Off          ;
; W25      ;            ; 5B             ; VCCIO5B                         ; power  ;              ; 3.3V                ; --           ;                 ; --       ; --           ;
; W26      ; 287        ; 6B             ; RESERVED_INPUT_WITH_WEAK_PULLUP ;        ;              ;                     ; Row I/O      ;                 ; no       ; On           ;
; W27      ;            ; 6B             ; VCCIO6B_HPS                     ; power  ;              ; 2.5V                ; --           ;                 ; --       ; --           ;
; W28      ; 293        ; 6B             ; RESERVED_INPUT_WITH_WEAK_PULLUP ;        ;              ;                     ; Row I/O      ;                 ; no       ; On           ;
; Y1       ;            ;                ; DNU                             ;        ;              ;                     ; --           ;                 ; --       ; --           ;
; Y2       ;            ;                ; DNU                             ;        ;              ;                     ; --           ;                 ; --       ; --           ;
; Y3       ;            ;                ; GND                             ; gnd    ;              ;                     ; --           ;                 ; --       ; --           ;
; Y4       ; 53         ; 3A             ; RESERVED_INPUT_WITH_WEAK_PULLUP ;        ;              ;                     ; Column I/O   ;                 ; no       ; On           ;
; Y5       ; 55         ; 3A             ; RESERVED_INPUT_WITH_WEAK_PULLUP ;        ;              ;                     ; Column I/O   ;                 ; no       ; On           ;
; Y8       ; 52         ; 3A             ; RESERVED_INPUT_WITH_WEAK_PULLUP ;        ;              ;                     ; Column I/O   ;                 ; no       ; On           ;
; Y9       ; 42         ; 3A             ; #TDO                            ; output ;              ;                     ; --           ;                 ; --       ; --           ;
; Y10      ;            ; --             ; VCCPGM                          ; power  ;              ; 1.8V/2.5V/3.0V/3.3V ; --           ;                 ; --       ; --           ;
; Y11      ; 66         ; 3A             ; RESERVED_INPUT_WITH_WEAK_PULLUP ;        ;              ;                     ; Column I/O   ;                 ; no       ; On           ;
; Y12      ;            ;                ; GND                             ; gnd    ;              ;                     ; --           ;                 ; --       ; --           ;
; Y13      ; 146        ; 4A             ; RESERVED_INPUT_WITH_WEAK_PULLUP ;        ;              ;                     ; Column I/O   ;                 ; no       ; On           ;
; Y14      ;            ;                ; GND                             ; gnd    ;              ;                     ; --           ;                 ; --       ; --           ;
; Y15      ; 162        ; 4A             ; RESERVED_INPUT_WITH_WEAK_PULLUP ;        ;              ;                     ; Column I/O   ;                 ; no       ; On           ;
; Y16      ; 221        ; 5A             ; LED[6]                          ; output ; 3.3-V LVTTL  ;                     ; Row I/O      ; Y               ; no       ; Off          ;
; Y17      ; 217        ; 5A             ; RESERVED_INPUT_WITH_WEAK_PULLUP ;        ;              ;                     ; Row I/O      ;                 ; no       ; On           ;
; Y18      ; 219        ; 5A             ; RESERVED_INPUT_WITH_WEAK_PULLUP ;        ;              ;                     ; Row I/O      ;                 ; no       ; On           ;
; Y19      ; 215        ; 5A             ; RESERVED_INPUT_WITH_WEAK_PULLUP ;        ;              ;                     ; Row I/O      ;                 ; no       ; On           ;
; Y20      ;            ;                ; GND                             ; gnd    ;              ;                     ; --           ;                 ; --       ; --           ;
; Y21      ;            ; 5A             ; VCCPD5A                         ; power  ;              ; 3.3V                ; --           ;                 ; --       ; --           ;
; Y24      ; 256        ; 5B             ; SW[0]                           ; input  ; 3.3-V LVTTL  ;                     ; Row I/O      ; Y               ; no       ; Off          ;
; Y25      ;            ;                ; GND                             ; gnd    ;              ;                     ; --           ;                 ; --       ; --           ;
; Y26      ; 285        ; 6B             ; RESERVED_INPUT_WITH_WEAK_PULLUP ;        ;              ;                     ; Row I/O      ;                 ; no       ; On           ;
; Y27      ; 281        ; 6B             ; RESERVED_INPUT_WITH_WEAK_PULLUP ;        ;              ;                     ; Row I/O      ;                 ; no       ; On           ;
; Y28      ; 291        ; 6B             ; RESERVED_INPUT_WITH_WEAK_PULLUP ;        ;              ;                     ; Row I/O      ;                 ; no       ; On           ;
+----------+------------+----------------+---------------------------------+--------+--------------+---------------------+--------------+-----------------+----------+--------------+
Note: Pin directions (input, output or bidir) are based on device operating in user mode.


+-------------------------------------------------+
; I/O Assignment Warnings                         ;
+----------+--------------------------------------+
; Pin Name ; Reason                               ;
+----------+--------------------------------------+
; UART_TX  ; Missing drive strength and slew rate ;
; LED[0]   ; Missing drive strength and slew rate ;
; LED[1]   ; Missing drive strength and slew rate ;
; LED[2]   ; Missing drive strength and slew rate ;
; LED[3]   ; Missing drive strength and slew rate ;
; LED[4]   ; Missing drive strength and slew rate ;
; LED[5]   ; Missing drive strength and slew rate ;
; LED[6]   ; Missing drive strength and slew rate ;
; LED[7]   ; Missing drive strength and slew rate ;
+----------+--------------------------------------+


+-------------------------------------------------------------------------------------------------------------------------------------------------------------------------------------------------------------------------------------------------------------------------------------------------------------------------------------------------------------------------------------------------------------------------------------------------------------------------------------------------------------------------------------------------+
; Fitter Resource Utilization by Entity                                                                                                                                                                                                                                                                                                                                                                                                                                                                                                           ;
+-----------------------------------------------+----------------------+----------------------------------+---------------------------------------------------+----------------------------------+----------------------+---------------------+---------------------------+---------------+-------------------+-------+------------+------+--------------+------------------------------------------------------------------------------------------------------------------------------------------+------------------------------+--------------+
; Compilation Hierarchy Node                    ; ALMs needed [=A-B+C] ; [A] ALMs used in final placement ; [B] Estimate of ALMs recoverable by dense packing ; [C] Estimate of ALMs unavailable ; ALMs used for memory ; Combinational ALUTs ; Dedicated Logic Registers ; I/O Registers ; Block Memory Bits ; M10Ks ; DSP Blocks ; Pins ; Virtual Pins ; Full Hierarchy Name                                                                                                                      ; Entity Name                  ; Library Name ;
+-----------------------------------------------+----------------------+----------------------------------+---------------------------------------------------+----------------------------------+----------------------+---------------------+---------------------------+---------------+-------------------+-------+------------+------+--------------+------------------------------------------------------------------------------------------------------------------------------------------+------------------------------+--------------+
; |igor_uart_top                                ; 4963.5 (42.3)        ; 5089.0 (46.1)                    ; 158.5 (4.3)                                       ; 33.0 (0.5)                       ; 0.0 (0.0)            ; 6434 (88)           ; 1554 (7)                  ; 0 (0)         ; 1051008           ; 131   ; 10         ; 17   ; 0            ; |igor_uart_top                                                                                                                           ; igor_uart_top                ; work         ;
;    |igor_neural_core:neural|                  ; 1524.1 (213.9)       ; 1555.2 (240.7)                   ; 35.1 (28.3)                                       ; 4.0 (1.5)                        ; 0.0 (0.0)            ; 1652 (331)          ; 374 (362)                 ; 0 (0)         ; 2432              ; 3     ; 2          ; 0    ; 0            ; |igor_uart_top|igor_neural_core:neural                                                                                                   ; igor_neural_core             ; work         ;
;       |altsyncram:h1_rtl_0|                   ; 0.0 (0.0)            ; 0.0 (0.0)                        ; 0.0 (0.0)                                         ; 0.0 (0.0)                        ; 0.0 (0.0)            ; 0 (0)               ; 0 (0)                     ; 0 (0)         ; 1024              ; 1     ; 0          ; 0    ; 0            ; |igor_uart_top|igor_neural_core:neural|altsyncram:h1_rtl_0                                                                               ; altsyncram                   ; work         ;
;          |altsyncram_e3n1:auto_generated|     ; 0.0 (0.0)            ; 0.0 (0.0)                        ; 0.0 (0.0)                                         ; 0.0 (0.0)                        ; 0.0 (0.0)            ; 0 (0)               ; 0 (0)                     ; 0 (0)         ; 1024              ; 1     ; 0          ; 0    ; 0            ; |igor_uart_top|igor_neural_core:neural|altsyncram:h1_rtl_0|altsyncram_e3n1:auto_generated                                                ; altsyncram_e3n1              ; work         ;
;       |altsyncram:h2_rtl_0|                   ; 0.0 (0.0)            ; 0.0 (0.0)                        ; 0.0 (0.0)                                         ; 0.0 (0.0)                        ; 0.0 (0.0)            ; 0 (0)               ; 0 (0)                     ; 0 (0)         ; 1024              ; 1     ; 0          ; 0    ; 0            ; |igor_uart_top|igor_neural_core:neural|altsyncram:h2_rtl_0                                                                               ; altsyncram                   ; work         ;
;          |altsyncram_e3n1:auto_generated|     ; 0.0 (0.0)            ; 0.0 (0.0)                        ; 0.0 (0.0)                                         ; 0.0 (0.0)                        ; 0.0 (0.0)            ; 0 (0)               ; 0 (0)                     ; 0 (0)         ; 1024              ; 1     ; 0          ; 0    ; 0            ; |igor_uart_top|igor_neural_core:neural|altsyncram:h2_rtl_0|altsyncram_e3n1:auto_generated                                                ; altsyncram_e3n1              ; work         ;
;       |altsyncram:inputs_rtl_0|               ; 0.0 (0.0)            ; 0.0 (0.0)                        ; 0.0 (0.0)                                         ; 0.0 (0.0)                        ; 0.0 (0.0)            ; 0 (0)               ; 0 (0)                     ; 0 (0)         ; 384               ; 1     ; 0          ; 0    ; 0            ; |igor_uart_top|igor_neural_core:neural|altsyncram:inputs_rtl_0                                                                           ; altsyncram                   ; work         ;
;          |altsyncram_43n1:auto_generated|     ; 0.0 (0.0)            ; 0.0 (0.0)                        ; 0.0 (0.0)                                         ; 0.0 (0.0)                        ; 0.0 (0.0)            ; 0 (0)               ; 0 (0)                     ; 0 (0)         ; 384               ; 1     ; 0          ; 0    ; 0            ; |igor_uart_top|igor_neural_core:neural|altsyncram:inputs_rtl_0|altsyncram_43n1:auto_generated                                            ; altsyncram_43n1              ; work         ;
;       |igor_neural_rom:weights|               ; 1310.2 (1310.2)      ; 1314.5 (1314.5)                  ; 6.8 (6.8)                                         ; 2.5 (2.5)                        ; 0.0 (0.0)            ; 1321 (1321)         ; 12 (12)                   ; 0 (0)         ; 0                 ; 0     ; 0          ; 0    ; 0            ; |igor_uart_top|igor_neural_core:neural|igor_neural_rom:weights                                                                           ; igor_neural_rom              ; work         ;
;    |igor_neural_rom:inspection_rom|           ; 1294.7 (1294.7)      ; 1301.5 (1301.5)                  ; 6.8 (6.8)                                         ; 0.0 (0.0)                        ; 0.0 (0.0)            ; 1322 (1322)         ; 12 (12)                   ; 0 (0)         ; 0                 ; 0     ; 0          ; 0    ; 0            ; |igor_uart_top|igor_neural_rom:inspection_rom                                                                                            ; igor_neural_rom              ; work         ;
;    |igor_top:core|                            ; 1930.8 (61.5)        ; 1994.0 (65.1)                    ; 91.5 (5.2)                                        ; 28.3 (1.6)                       ; 0.0 (0.0)            ; 3089 (85)           ; 868 (93)                  ; 0 (0)         ; 1048576           ; 128   ; 8          ; 0    ; 0            ; |igor_uart_top|igor_top:core                                                                                                             ; igor_top                     ; work         ;
;       |igor_best_candidate_selector:selector| ; 184.1 (184.1)        ; 186.9 (186.9)                    ; 4.1 (4.1)                                         ; 1.3 (1.3)                        ; 0.0 (0.0)            ; 263 (263)           ; 0 (0)                     ; 0 (0)         ; 0                 ; 0     ; 0          ; 0    ; 0            ; |igor_uart_top|igor_top:core|igor_best_candidate_selector:selector                                                                       ; igor_best_candidate_selector ; work         ;
;       |igor_config_registers:cfg|             ; 11.4 (11.4)          ; 15.0 (15.0)                      ; 3.8 (3.8)                                         ; 0.1 (0.1)                        ; 0.0 (0.0)            ; 12 (12)             ; 32 (32)                   ; 0 (0)         ; 0                 ; 0     ; 0          ; 0    ; 0            ; |igor_uart_top|igor_top:core|igor_config_registers:cfg                                                                                   ; igor_config_registers        ; work         ;
;       |igor_costmap_bank:tiles[0].memory|     ; 10.7 (0.0)           ; 11.0 (0.0)                       ; 0.3 (0.0)                                         ; 0.0 (0.0)                        ; 0.0 (0.0)            ; 12 (0)              ; 4 (0)                     ; 0 (0)         ; 262144            ; 32    ; 0          ; 0    ; 0            ; |igor_uart_top|igor_top:core|igor_costmap_bank:tiles[0].memory                                                                           ; igor_costmap_bank            ; work         ;
;          |altsyncram:memory_rtl_0|            ; 10.7 (0.0)           ; 11.0 (0.0)                       ; 0.3 (0.0)                                         ; 0.0 (0.0)                        ; 0.0 (0.0)            ; 12 (0)              ; 4 (0)                     ; 0 (0)         ; 262144            ; 32    ; 0          ; 0    ; 0            ; |igor_uart_top|igor_top:core|igor_costmap_bank:tiles[0].memory|altsyncram:memory_rtl_0                                                   ; altsyncram                   ; work         ;
;             |altsyncram_lap1:auto_generated|  ; 10.7 (0.7)           ; 11.0 (1.0)                       ; 0.3 (0.3)                                         ; 0.0 (0.0)                        ; 0.0 (0.0)            ; 12 (0)              ; 4 (4)                     ; 0 (0)         ; 262144            ; 32    ; 0          ; 0    ; 0            ; |igor_uart_top|igor_top:core|igor_costmap_bank:tiles[0].memory|altsyncram:memory_rtl_0|altsyncram_lap1:auto_generated                    ; altsyncram_lap1              ; work         ;
;                |decode_8la:decode2|           ; 2.5 (2.5)            ; 2.5 (2.5)                        ; 0.0 (0.0)                                         ; 0.0 (0.0)                        ; 0.0 (0.0)            ; 4 (4)               ; 0 (0)                     ; 0 (0)         ; 0                 ; 0     ; 0          ; 0    ; 0            ; |igor_uart_top|igor_top:core|igor_costmap_bank:tiles[0].memory|altsyncram:memory_rtl_0|altsyncram_lap1:auto_generated|decode_8la:decode2 ; decode_8la                   ; work         ;
;                |mux_ofb:mux3|                 ; 7.3 (7.3)            ; 7.5 (7.5)                        ; 0.2 (0.2)                                         ; 0.0 (0.0)                        ; 0.0 (0.0)            ; 8 (8)               ; 0 (0)                     ; 0 (0)         ; 0                 ; 0     ; 0          ; 0    ; 0            ; |igor_uart_top|igor_top:core|igor_costmap_bank:tiles[0].memory|altsyncram:memory_rtl_0|altsyncram_lap1:auto_generated|mux_ofb:mux3       ; mux_ofb                      ; work         ;
;       |igor_costmap_bank:tiles[1].memory|     ; 9.4 (0.0)            ; 8.2 (0.0)                        ; 0.2 (0.0)                                         ; 1.4 (0.0)                        ; 0.0 (0.0)            ; 8 (0)               ; 3 (0)                     ; 0 (0)         ; 262144            ; 32    ; 0          ; 0    ; 0            ; |igor_uart_top|igor_top:core|igor_costmap_bank:tiles[1].memory                                                                           ; igor_costmap_bank            ; work         ;
;          |altsyncram:memory_rtl_0|            ; 9.4 (0.0)            ; 8.2 (0.0)                        ; 0.2 (0.0)                                         ; 1.4 (0.0)                        ; 0.0 (0.0)            ; 8 (0)               ; 3 (0)                     ; 0 (0)         ; 262144            ; 32    ; 0          ; 0    ; 0            ; |igor_uart_top|igor_top:core|igor_costmap_bank:tiles[1].memory|altsyncram:memory_rtl_0                                                   ; altsyncram                   ; work         ;
;             |altsyncram_lap1:auto_generated|  ; 9.4 (0.9)            ; 8.2 (0.8)                        ; 0.2 (0.2)                                         ; 1.4 (0.3)                        ; 0.0 (0.0)            ; 8 (0)               ; 3 (3)                     ; 0 (0)         ; 262144            ; 32    ; 0          ; 0    ; 0            ; |igor_uart_top|igor_top:core|igor_costmap_bank:tiles[1].memory|altsyncram:memory_rtl_0|altsyncram_lap1:auto_generated                    ; altsyncram_lap1              ; work         ;
;                |mux_ofb:mux3|                 ; 8.4 (8.4)            ; 7.3 (7.3)                        ; 0.0 (0.0)                                         ; 1.1 (1.1)                        ; 0.0 (0.0)            ; 8 (8)               ; 0 (0)                     ; 0 (0)         ; 0                 ; 0     ; 0          ; 0    ; 0            ; |igor_uart_top|igor_top:core|igor_costmap_bank:tiles[1].memory|altsyncram:memory_rtl_0|altsyncram_lap1:auto_generated|mux_ofb:mux3       ; mux_ofb                      ; work         ;
;       |igor_costmap_bank:tiles[2].memory|     ; 10.0 (0.0)           ; 8.8 (0.0)                        ; 0.8 (0.0)                                         ; 2.0 (0.0)                        ; 0.0 (0.0)            ; 8 (0)               ; 2 (0)                     ; 0 (0)         ; 262144            ; 32    ; 0          ; 0    ; 0            ; |igor_uart_top|igor_top:core|igor_costmap_bank:tiles[2].memory                                                                           ; igor_costmap_bank            ; work         ;
;          |altsyncram:memory_rtl_0|            ; 10.0 (0.0)           ; 8.8 (0.0)                        ; 0.8 (0.0)                                         ; 2.0 (0.0)                        ; 0.0 (0.0)            ; 8 (0)               ; 2 (0)                     ; 0 (0)         ; 262144            ; 32    ; 0          ; 0    ; 0            ; |igor_uart_top|igor_top:core|igor_costmap_bank:tiles[2].memory|altsyncram:memory_rtl_0                                                   ; altsyncram                   ; work         ;
;             |altsyncram_lap1:auto_generated|  ; 10.0 (1.1)           ; 8.8 (0.8)                        ; 0.8 (0.2)                                         ; 2.0 (0.4)                        ; 0.0 (0.0)            ; 8 (0)               ; 2 (2)                     ; 0 (0)         ; 262144            ; 32    ; 0          ; 0    ; 0            ; |igor_uart_top|igor_top:core|igor_costmap_bank:tiles[2].memory|altsyncram:memory_rtl_0|altsyncram_lap1:auto_generated                    ; altsyncram_lap1              ; work         ;
;                |mux_ofb:mux3|                 ; 8.9 (8.9)            ; 8.0 (8.0)                        ; 0.7 (0.7)                                         ; 1.6 (1.6)                        ; 0.0 (0.0)            ; 8 (8)               ; 0 (0)                     ; 0 (0)         ; 0                 ; 0     ; 0          ; 0    ; 0            ; |igor_uart_top|igor_top:core|igor_costmap_bank:tiles[2].memory|altsyncram:memory_rtl_0|altsyncram_lap1:auto_generated|mux_ofb:mux3       ; mux_ofb                      ; work         ;
;       |igor_costmap_bank:tiles[3].memory|     ; 8.9 (0.0)            ; 9.0 (0.0)                        ; 1.0 (0.0)                                         ; 0.9 (0.0)                        ; 0.0 (0.0)            ; 8 (0)               ; 2 (0)                     ; 0 (0)         ; 262144            ; 32    ; 0          ; 0    ; 0            ; |igor_uart_top|igor_top:core|igor_costmap_bank:tiles[3].memory                                                                           ; igor_costmap_bank            ; work         ;
;          |altsyncram:memory_rtl_0|            ; 8.9 (0.0)            ; 9.0 (0.0)                        ; 1.0 (0.0)                                         ; 0.9 (0.0)                        ; 0.0 (0.0)            ; 8 (0)               ; 2 (0)                     ; 0 (0)         ; 262144            ; 32    ; 0          ; 0    ; 0            ; |igor_uart_top|igor_top:core|igor_costmap_bank:tiles[3].memory|altsyncram:memory_rtl_0                                                   ; altsyncram                   ; work         ;
;             |altsyncram_lap1:auto_generated|  ; 8.9 (0.8)            ; 9.0 (1.0)                        ; 1.0 (0.3)                                         ; 0.9 (0.2)                        ; 0.0 (0.0)            ; 8 (0)               ; 2 (2)                     ; 0 (0)         ; 262144            ; 32    ; 0          ; 0    ; 0            ; |igor_uart_top|igor_top:core|igor_costmap_bank:tiles[3].memory|altsyncram:memory_rtl_0|altsyncram_lap1:auto_generated                    ; altsyncram_lap1              ; work         ;
;                |mux_ofb:mux3|                 ; 8.1 (8.1)            ; 8.0 (8.0)                        ; 0.7 (0.7)                                         ; 0.7 (0.7)                        ; 0.0 (0.0)            ; 8 (8)               ; 0 (0)                     ; 0 (0)         ; 0                 ; 0     ; 0          ; 0    ; 0            ; |igor_uart_top|igor_top:core|igor_costmap_bank:tiles[3].memory|altsyncram:memory_rtl_0|altsyncram_lap1:auto_generated|mux_ofb:mux3       ; mux_ofb                      ; work         ;
;       |igor_costmap_manager:maps|             ; 79.0 (79.0)          ; 92.2 (92.2)                      ; 13.7 (13.7)                                       ; 0.5 (0.5)                        ; 0.0 (0.0)            ; 145 (145)           ; 127 (127)                 ; 0 (0)         ; 0                 ; 0     ; 0          ; 0    ; 0            ; |igor_uart_top|igor_top:core|igor_costmap_manager:maps                                                                                   ; igor_costmap_manager         ; work         ;
;       |igor_rollout_tile:tiles[0].tile|       ; 318.5 (238.8)        ; 325.4 (244.9)                    ; 10.9 (10.1)                                       ; 4.0 (4.0)                        ; 0.0 (0.0)            ; 541 (379)           ; 148 (148)                 ; 0 (0)         ; 0                 ; 0     ; 2          ; 0    ; 0            ; |igor_uart_top|igor_top:core|igor_rollout_tile:tiles[0].tile                                                                             ; igor_rollout_tile            ; work         ;
;          |igor_candidate_generator:gen|       ; 20.3 (20.3)          ; 21.2 (21.2)                      ; 0.8 (0.8)                                         ; 0.0 (0.0)                        ; 0.0 (0.0)            ; 41 (41)             ; 0 (0)                     ; 0 (0)         ; 0                 ; 0     ; 0          ; 0    ; 0            ; |igor_uart_top|igor_top:core|igor_rollout_tile:tiles[0].tile|igor_candidate_generator:gen                                                ; igor_candidate_generator     ; work         ;
;          |igor_kinematic_step:stepper|        ; 45.8 (14.8)          ; 45.8 (14.8)                      ; 0.0 (0.0)                                         ; 0.0 (0.0)                        ; 0.0 (0.0)            ; 88 (56)             ; 0 (0)                     ; 0 (0)         ; 0                 ; 0     ; 2          ; 0    ; 0            ; |igor_uart_top|igor_top:core|igor_rollout_tile:tiles[0].tile|igor_kinematic_step:stepper                                                 ; igor_kinematic_step          ; work         ;
;             |igor_trig_lut:c|                 ; 15.5 (15.5)          ; 15.5 (15.5)                      ; 0.0 (0.0)                                         ; 0.0 (0.0)                        ; 0.0 (0.0)            ; 16 (16)             ; 0 (0)                     ; 0 (0)         ; 0                 ; 0     ; 0          ; 0    ; 0            ; |igor_uart_top|igor_top:core|igor_rollout_tile:tiles[0].tile|igor_kinematic_step:stepper|igor_trig_lut:c                                 ; igor_trig_lut                ; work         ;
;             |igor_trig_lut:s|                 ; 15.5 (15.5)          ; 15.5 (15.5)                      ; 0.0 (0.0)                                         ; 0.0 (0.0)                        ; 0.0 (0.0)            ; 16 (16)             ; 0 (0)                     ; 0 (0)         ; 0                 ; 0     ; 0          ; 0    ; 0            ; |igor_uart_top|igor_top:core|igor_rollout_tile:tiles[0].tile|igor_kinematic_step:stepper|igor_trig_lut:s                                 ; igor_trig_lut                ; work         ;
;          |igor_score_accumulator:acc|         ; 13.5 (13.5)          ; 13.5 (13.5)                      ; 0.0 (0.0)                                         ; 0.0 (0.0)                        ; 0.0 (0.0)            ; 33 (33)             ; 0 (0)                     ; 0 (0)         ; 0                 ; 0     ; 0          ; 0    ; 0            ; |igor_uart_top|igor_top:core|igor_rollout_tile:tiles[0].tile|igor_score_accumulator:acc                                                  ; igor_score_accumulator       ; work         ;
;       |igor_rollout_tile:tiles[1].tile|       ; 409.4 (244.0)        ; 415.1 (248.7)                    ; 11.6 (10.1)                                       ; 5.9 (5.3)                        ; 0.0 (0.0)            ; 652 (382)           ; 152 (152)                 ; 0 (0)         ; 0                 ; 0     ; 2          ; 0    ; 0            ; |igor_uart_top|igor_top:core|igor_rollout_tile:tiles[1].tile                                                                             ; igor_rollout_tile            ; work         ;
;          |igor_candidate_generator:gen|       ; 25.1 (25.1)          ; 25.0 (25.0)                      ; 0.5 (0.5)                                         ; 0.6 (0.6)                        ; 0.0 (0.0)            ; 47 (47)             ; 0 (0)                     ; 0 (0)         ; 0                 ; 0     ; 0          ; 0    ; 0            ; |igor_uart_top|igor_top:core|igor_rollout_tile:tiles[1].tile|igor_candidate_generator:gen                                                ; igor_candidate_generator     ; work         ;
;          |igor_kinematic_step:stepper|        ; 126.8 (15.8)         ; 127.8 (15.8)                     ; 1.0 (0.0)                                         ; 0.0 (0.0)                        ; 0.0 (0.0)            ; 190 (59)            ; 0 (0)                     ; 0 (0)         ; 0                 ; 0     ; 2          ; 0    ; 0            ; |igor_uart_top|igor_top:core|igor_rollout_tile:tiles[1].tile|igor_kinematic_step:stepper                                                 ; igor_kinematic_step          ; work         ;
;             |igor_trig_lut:c|                 ; 58.5 (58.5)          ; 59.5 (59.5)                      ; 1.0 (1.0)                                         ; 0.0 (0.0)                        ; 0.0 (0.0)            ; 72 (72)             ; 0 (0)                     ; 0 (0)         ; 0                 ; 0     ; 0          ; 0    ; 0            ; |igor_uart_top|igor_top:core|igor_rollout_tile:tiles[1].tile|igor_kinematic_step:stepper|igor_trig_lut:c                                 ; igor_trig_lut                ; work         ;
;             |igor_trig_lut:s|                 ; 52.5 (52.5)          ; 52.5 (52.5)                      ; 0.0 (0.0)                                         ; 0.0 (0.0)                        ; 0.0 (0.0)            ; 59 (59)             ; 0 (0)                     ; 0 (0)         ; 0                 ; 0     ; 0          ; 0    ; 0            ; |igor_uart_top|igor_top:core|igor_rollout_tile:tiles[1].tile|igor_kinematic_step:stepper|igor_trig_lut:s                                 ; igor_trig_lut                ; work         ;
;          |igor_score_accumulator:acc|         ; 13.5 (13.5)          ; 13.5 (13.5)                      ; 0.0 (0.0)                                         ; 0.0 (0.0)                        ; 0.0 (0.0)            ; 33 (33)             ; 0 (0)                     ; 0 (0)         ; 0                 ; 0     ; 0          ; 0    ; 0            ; |igor_uart_top|igor_top:core|igor_rollout_tile:tiles[1].tile|igor_score_accumulator:acc                                                  ; igor_score_accumulator       ; work         ;
;       |igor_rollout_tile:tiles[2].tile|       ; 363.8 (245.9)        ; 377.0 (257.1)                    ; 18.5 (16.2)                                       ; 5.3 (5.0)                        ; 0.0 (0.0)            ; 601 (383)           ; 151 (151)                 ; 0 (0)         ; 0                 ; 0     ; 2          ; 0    ; 0            ; |igor_uart_top|igor_top:core|igor_rollout_tile:tiles[2].tile                                                                             ; igor_rollout_tile            ; work         ;
;          |igor_candidate_generator:gen|       ; 21.3 (21.3)          ; 23.0 (23.0)                      ; 2.0 (2.0)                                         ; 0.3 (0.3)                        ; 0.0 (0.0)            ; 41 (41)             ; 0 (0)                     ; 0 (0)         ; 0                 ; 0     ; 0          ; 0    ; 0            ; |igor_uart_top|igor_top:core|igor_rollout_tile:tiles[2].tile|igor_candidate_generator:gen                                                ; igor_candidate_generator     ; work         ;
;          |igor_kinematic_step:stepper|        ; 83.1 (15.6)          ; 83.8 (15.8)                      ; 0.7 (0.2)                                         ; 0.0 (0.0)                        ; 0.0 (0.0)            ; 144 (58)            ; 0 (0)                     ; 0 (0)         ; 0                 ; 0     ; 2          ; 0    ; 0            ; |igor_uart_top|igor_top:core|igor_rollout_tile:tiles[2].tile|igor_kinematic_step:stepper                                                 ; igor_kinematic_step          ; work         ;
;             |igor_trig_lut:c|                 ; 34.5 (34.5)          ; 36.0 (36.0)                      ; 1.5 (1.5)                                         ; 0.0 (0.0)                        ; 0.0 (0.0)            ; 44 (44)             ; 0 (0)                     ; 0 (0)         ; 0                 ; 0     ; 0          ; 0    ; 0            ; |igor_uart_top|igor_top:core|igor_rollout_tile:tiles[2].tile|igor_kinematic_step:stepper|igor_trig_lut:c                                 ; igor_trig_lut                ; work         ;
;             |igor_trig_lut:s|                 ; 32.0 (32.0)          ; 32.0 (32.0)                      ; 0.0 (0.0)                                         ; 0.0 (0.0)                        ; 0.0 (0.0)            ; 42 (42)             ; 0 (0)                     ; 0 (0)         ; 0                 ; 0     ; 0          ; 0    ; 0            ; |igor_uart_top|igor_top:core|igor_rollout_tile:tiles[2].tile|igor_kinematic_step:stepper|igor_trig_lut:s                                 ; igor_trig_lut                ; work         ;
;          |igor_score_accumulator:acc|         ; 13.2 (13.2)          ; 13.2 (13.2)                      ; 0.0 (0.0)                                         ; 0.0 (0.0)                        ; 0.0 (0.0)            ; 33 (33)             ; 0 (0)                     ; 0 (0)         ; 0                 ; 0     ; 0          ; 0    ; 0            ; |igor_uart_top|igor_top:core|igor_rollout_tile:tiles[2].tile|igor_score_accumulator:acc                                                  ; igor_score_accumulator       ; work         ;
;       |igor_rollout_tile:tiles[3].tile|       ; 410.8 (246.9)        ; 421.2 (254.7)                    ; 15.5 (12.7)                                       ; 5.1 (5.0)                        ; 0.0 (0.0)            ; 657 (388)           ; 154 (154)                 ; 0 (0)         ; 0                 ; 0     ; 2          ; 0    ; 0            ; |igor_uart_top|igor_top:core|igor_rollout_tile:tiles[3].tile                                                                             ; igor_rollout_tile            ; work         ;
;          |igor_candidate_generator:gen|       ; 23.5 (23.5)          ; 24.5 (24.5)                      ; 1.1 (1.1)                                         ; 0.1 (0.1)                        ; 0.0 (0.0)            ; 46 (46)             ; 0 (0)                     ; 0 (0)         ; 0                 ; 0     ; 0          ; 0    ; 0            ; |igor_uart_top|igor_top:core|igor_rollout_tile:tiles[3].tile|igor_candidate_generator:gen                                                ; igor_candidate_generator     ; work         ;
;          |igor_kinematic_step:stepper|        ; 126.8 (15.8)         ; 128.5 (16.0)                     ; 1.7 (0.2)                                         ; 0.0 (0.0)                        ; 0.0 (0.0)            ; 190 (59)            ; 0 (0)                     ; 0 (0)         ; 0                 ; 0     ; 2          ; 0    ; 0            ; |igor_uart_top|igor_top:core|igor_rollout_tile:tiles[3].tile|igor_kinematic_step:stepper                                                 ; igor_kinematic_step          ; work         ;
;             |igor_trig_lut:c|                 ; 59.0 (59.0)          ; 59.0 (59.0)                      ; 0.0 (0.0)                                         ; 0.0 (0.0)                        ; 0.0 (0.0)            ; 72 (72)             ; 0 (0)                     ; 0 (0)         ; 0                 ; 0     ; 0          ; 0    ; 0            ; |igor_uart_top|igor_top:core|igor_rollout_tile:tiles[3].tile|igor_kinematic_step:stepper|igor_trig_lut:c                                 ; igor_trig_lut                ; work         ;
;             |igor_trig_lut:s|                 ; 52.0 (52.0)          ; 53.5 (53.5)                      ; 1.5 (1.5)                                         ; 0.0 (0.0)                        ; 0.0 (0.0)            ; 59 (59)             ; 0 (0)                     ; 0 (0)         ; 0                 ; 0     ; 0          ; 0    ; 0            ; |igor_uart_top|igor_top:core|igor_rollout_tile:tiles[3].tile|igor_kinematic_step:stepper|igor_trig_lut:s                                 ; igor_trig_lut                ; work         ;
;          |igor_score_accumulator:acc|         ; 13.5 (13.5)          ; 13.5 (13.5)                      ; 0.0 (0.0)                                         ; 0.0 (0.0)                        ; 0.0 (0.0)            ; 33 (33)             ; 0 (0)                     ; 0 (0)         ; 0                 ; 0     ; 0          ; 0    ; 0            ; |igor_uart_top|igor_top:core|igor_rollout_tile:tiles[3].tile|igor_score_accumulator:acc                                                  ; igor_score_accumulator       ; work         ;
;       |igor_safety_security_gate:gate|        ; 53.3 (53.3)          ; 59.1 (59.1)                      ; 6.0 (6.0)                                         ; 0.3 (0.3)                        ; 0.0 (0.0)            ; 97 (97)             ; 0 (0)                     ; 0 (0)         ; 0                 ; 0     ; 0          ; 0    ; 0            ; |igor_uart_top|igor_top:core|igor_safety_security_gate:gate                                                                              ; igor_safety_security_gate    ; work         ;
;    |igor_uart_protocol:serial|                ; 171.6 (117.2)        ; 192.2 (133.2)                    ; 20.7 (16.2)                                       ; 0.2 (0.2)                        ; 0.0 (0.0)            ; 283 (178)           ; 293 (211)                 ; 0 (0)         ; 0                 ; 0     ; 0          ; 0    ; 0            ; |igor_uart_top|igor_uart_protocol:serial                                                                                                 ; igor_uart_protocol           ; work         ;
;       |igor_uart_rx:receiver|                 ; 34.0 (34.0)          ; 37.3 (37.3)                      ; 3.2 (3.2)                                         ; 0.0 (0.0)                        ; 0.0 (0.0)            ; 65 (65)             ; 50 (50)                   ; 0 (0)         ; 0                 ; 0     ; 0          ; 0    ; 0            ; |igor_uart_top|igor_uart_protocol:serial|igor_uart_rx:receiver                                                                           ; igor_uart_rx                 ; work         ;
;       |igor_uart_tx:transmitter|              ; 20.4 (20.4)          ; 21.7 (21.7)                      ; 1.3 (1.3)                                         ; 0.0 (0.0)                        ; 0.0 (0.0)            ; 40 (40)             ; 32 (32)                   ; 0 (0)         ; 0                 ; 0     ; 0          ; 0    ; 0            ; |igor_uart_top|igor_uart_protocol:serial|igor_uart_tx:transmitter                                                                        ; igor_uart_tx                 ; work         ;
+-----------------------------------------------+----------------------+----------------------------------+---------------------------------------------------+----------------------------------+----------------------+---------------------+---------------------------+---------------+-------------------+-------+------------+------+--------------+------------------------------------------------------------------------------------------------------------------------------------------+------------------------------+--------------+
Note: For table entries with two numbers listed, the numbers in parentheses indicate the number of resources of the given type used by the specific entity alone. The numbers listed outside of parentheses indicate the total resources of the given type used by the specific entity and all of its sub-entities in the hierarchy.


+-----------------------------------------------------------------------------------------------------------------------------+
; Delay Chain Summary                                                                                                         ;
+--------------+----------+----+------+------+----+------+-------+--------+------------------------+--------------------------+
; Name         ; Pin Type ; D1 ; D3_0 ; D3_1 ; D4 ; D5   ; D5 OE ; D5 OCT ; T11 (Postamble Gating) ; T11 (Postamble Ungating) ;
+--------------+----------+----+------+------+----+------+-------+--------+------------------------+--------------------------+
; SW[0]        ; Input    ; -- ; --   ; --   ; -- ; --   ; --    ; --     ; --                     ; --                       ;
; SW[1]        ; Input    ; -- ; --   ; --   ; -- ; --   ; --    ; --     ; --                     ; --                       ;
; UART_TX      ; Output   ; -- ; --   ; --   ; -- ; (0)  ; (31)  ; --     ; --                     ; --                       ;
; LED[0]       ; Output   ; -- ; --   ; --   ; -- ; (0)  ; (31)  ; --     ; --                     ; --                       ;
; LED[1]       ; Output   ; -- ; --   ; --   ; -- ; (0)  ; (31)  ; --     ; --                     ; --                       ;
; LED[2]       ; Output   ; -- ; --   ; --   ; -- ; (0)  ; (31)  ; --     ; --                     ; --                       ;
; LED[3]       ; Output   ; -- ; --   ; --   ; -- ; (0)  ; (31)  ; --     ; --                     ; --                       ;
; LED[4]       ; Output   ; -- ; --   ; --   ; -- ; (0)  ; (31)  ; --     ; --                     ; --                       ;
; LED[5]       ; Output   ; -- ; --   ; --   ; -- ; (0)  ; (31)  ; --     ; --                     ; --                       ;
; LED[6]       ; Output   ; -- ; --   ; --   ; -- ; (0)  ; (31)  ; --     ; --                     ; --                       ;
; LED[7]       ; Output   ; -- ; --   ; --   ; -- ; (0)  ; (31)  ; --     ; --                     ; --                       ;
; KEY[1]       ; Input    ; -- ; --   ; (0)  ; -- ; --   ; --    ; --     ; --                     ; --                       ;
; FPGA_CLK1_50 ; Input    ; -- ; (0)  ; --   ; -- ; --   ; --    ; --     ; --                     ; --                       ;
; KEY[0]       ; Input    ; -- ; (0)  ; --   ; -- ; --   ; --    ; --     ; --                     ; --                       ;
; SW[3]        ; Input    ; -- ; (0)  ; --   ; -- ; --   ; --    ; --     ; --                     ; --                       ;
; SW[2]        ; Input    ; -- ; --   ; (0)  ; -- ; --   ; --    ; --     ; --                     ; --                       ;
; UART_RX      ; Input    ; -- ; --   ; (0)  ; -- ; --   ; --    ; --     ; --                     ; --                       ;
+--------------+----------+----+------+------+----+------+-------+--------+------------------------+--------------------------+


+---------------------------------------------------------------------------------------------------------+
; Pad To Core Delay Chain Fanout                                                                          ;
+---------------------------------------------------------------------------+-------------------+---------+
; Source Pin / Fanout                                                       ; Pad To Core Index ; Setting ;
+---------------------------------------------------------------------------+-------------------+---------+
; SW[0]                                                                     ;                   ;         ;
; SW[1]                                                                     ;                   ;         ;
; KEY[1]                                                                    ;                   ;         ;
;      - igor_top:core|igor_safety_security_gate:gate|fault_code[0]~2       ; 1                 ; 0       ;
;      - igor_top:core|igor_safety_security_gate:gate|fault_code[0]~5       ; 1                 ; 0       ;
;      - igor_top:core|igor_safety_security_gate:gate|fault_code[1]~11      ; 1                 ; 0       ;
;      - igor_top:core|igor_safety_security_gate:gate|fault_code[2]~13      ; 1                 ; 0       ;
;      - igor_top:core|igor_safety_security_gate:gate|fault_code[2]~14      ; 1                 ; 0       ;
;      - igor_top:core|always0~2                                            ; 1                 ; 0       ;
;      - igor_top:core|abort_run                                            ; 1                 ; 0       ;
;      - igor_top:core|control_fault~0                                      ; 1                 ; 0       ;
;      - igor_top:core|Selector4~0                                          ; 1                 ; 0       ;
;      - igor_top:core|always0~3                                            ; 1                 ; 0       ;
;      - igor_top:core|run_previous_v[3]~1                                  ; 1                 ; 0       ;
;      - igor_top:core|timed_out~0                                          ; 1                 ; 0       ;
;      - igor_top:core|always0~4                                            ; 1                 ; 0       ;
;      - igor_top:core|tile_start~0                                         ; 1                 ; 0       ;
;      - igor_top:core|state.IDLE~0                                         ; 1                 ; 0       ;
;      - igor_top:core|igor_rollout_tile:tiles[2].tile|candidate_index[8]~3 ; 1                 ; 0       ;
;      - igor_top:core|igor_rollout_tile:tiles[3].tile|candidate_index[8]~3 ; 1                 ; 0       ;
;      - igor_top:core|igor_rollout_tile:tiles[3].tile|candidate_index[1]~4 ; 1                 ; 0       ;
;      - igor_top:core|igor_rollout_tile:tiles[0].tile|candidate_index[8]~3 ; 1                 ; 0       ;
;      - igor_top:core|igor_rollout_tile:tiles[1].tile|candidate_index[8]~3 ; 1                 ; 0       ;
;      - igor_top:core|igor_rollout_tile:tiles[2].tile|x[14]~0              ; 1                 ; 0       ;
;      - igor_top:core|igor_rollout_tile:tiles[3].tile|x[14]~0              ; 1                 ; 0       ;
;      - igor_top:core|igor_rollout_tile:tiles[0].tile|x[14]~0              ; 1                 ; 0       ;
;      - igor_top:core|igor_rollout_tile:tiles[1].tile|x[14]~0              ; 1                 ; 0       ;
; FPGA_CLK1_50                                                              ;                   ;         ;
; KEY[0]                                                                    ;                   ;         ;
;      - reset_sync[0]                                                      ; 0                 ; 0       ;
;      - reset_sync[1]                                                      ; 0                 ; 0       ;
; SW[3]                                                                     ;                   ;         ;
;      - sw_meta[3]                                                         ; 0                 ; 0       ;
; SW[2]                                                                     ;                   ;         ;
;      - sw_meta[2]                                                         ; 1                 ; 0       ;
; UART_RX                                                                   ;                   ;         ;
;      - igor_uart_protocol:serial|igor_uart_rx:receiver|meta~0             ; 1                 ; 0       ;
+---------------------------------------------------------------------------+-------------------+---------+


+----------------------------------------------------------------------------------------------------------------------------------------------------------------------------------------------------------------------------------------------------------------------------------------+
; Control Signals                                                                                                                                                                                                                                                                        ;
+--------------------------------------------------------------------------------------------------------------------------------------------+----------------------+---------+---------------------------+--------+----------------------+------------------+---------------------------+
; Name                                                                                                                                       ; Location             ; Fan-Out ; Usage                     ; Global ; Global Resource Used ; Global Line Name ; Enable Signal Source Name ;
+--------------------------------------------------------------------------------------------------------------------------------------------+----------------------+---------+---------------------------+--------+----------------------+------------------+---------------------------+
; FPGA_CLK1_50                                                                                                                               ; PIN_V11              ; 1695    ; Clock                     ; yes    ; Global Clock         ; GCLK4            ; --                        ;
; KEY[0]                                                                                                                                     ; PIN_AH17             ; 2       ; Async. clear              ; no     ; --                   ; --               ; --                        ;
; LessThan2~1                                                                                                                                ; LABCELL_X42_Y20_N48  ; 13      ; Sync. clear               ; no     ; --                   ; --               ; --                        ;
; igor_neural_core:neural|Selector12~1                                                                                                       ; MLABCELL_X47_Y18_N51 ; 44      ; Sync. clear               ; no     ; --                   ; --               ; --                        ;
; igor_neural_core:neural|Selector73~0                                                                                                       ; MLABCELL_X52_Y19_N3  ; 58      ; Clock enable              ; no     ; --                   ; --               ; --                        ;
; igor_neural_core:neural|WideOr7~0                                                                                                          ; LABCELL_X56_Y19_N9   ; 13      ; Clock enable              ; no     ; --                   ; --               ; --                        ;
; igor_neural_core:neural|comb~1                                                                                                             ; LABCELL_X51_Y18_N36  ; 3       ; Write enable              ; no     ; --                   ; --               ; --                        ;
; igor_neural_core:neural|comb~2                                                                                                             ; LABCELL_X51_Y18_N51  ; 3       ; Write enable              ; no     ; --                   ; --               ; --                        ;
; igor_neural_core:neural|comb~3                                                                                                             ; LABCELL_X42_Y20_N54  ; 3       ; Write enable              ; no     ; --                   ; --               ; --                        ;
; igor_neural_core:neural|h1~22                                                                                                              ; LABCELL_X50_Y17_N36  ; 15      ; Clock enable              ; no     ; --                   ; --               ; --                        ;
; igor_neural_core:neural|h2~20                                                                                                              ; LABCELL_X50_Y19_N15  ; 15      ; Clock enable              ; no     ; --                   ; --               ; --                        ;
; igor_neural_core:neural|igor_neural_rom:weights|LessThan0~1                                                                                ; MLABCELL_X59_Y20_N33 ; 12      ; Sync. clear               ; no     ; --                   ; --               ; --                        ;
; igor_neural_core:neural|inputs~22                                                                                                          ; LABCELL_X45_Y16_N15  ; 16      ; Clock enable              ; no     ; --                   ; --               ; --                        ;
; igor_neural_core:neural|neuron[6]~1                                                                                                        ; LABCELL_X51_Y18_N42  ; 9       ; Clock enable              ; no     ; --                   ; --               ; --                        ;
; igor_neural_core:neural|outputs~81                                                                                                         ; LABCELL_X48_Y16_N0   ; 16      ; Clock enable              ; no     ; --                   ; --               ; --                        ;
; igor_neural_core:neural|outputs~82                                                                                                         ; LABCELL_X48_Y16_N9   ; 16      ; Clock enable              ; no     ; --                   ; --               ; --                        ;
; igor_neural_core:neural|outputs~83                                                                                                         ; LABCELL_X48_Y16_N15  ; 16      ; Clock enable              ; no     ; --                   ; --               ; --                        ;
; igor_neural_core:neural|outputs~84                                                                                                         ; LABCELL_X48_Y16_N21  ; 16      ; Clock enable              ; no     ; --                   ; --               ; --                        ;
; igor_neural_core:neural|state.0100                                                                                                         ; FF_X52_Y19_N59       ; 16      ; Clock enable, Sync. load  ; no     ; --                   ; --               ; --                        ;
; igor_neural_core:neural|state.0110                                                                                                         ; FF_X55_Y19_N47       ; 68      ; Sync. load                ; no     ; --                   ; --               ; --                        ;
; igor_top:core|Selector2~1                                                                                                                  ; MLABCELL_X34_Y22_N6  ; 32      ; Clock enable              ; no     ; --                   ; --               ; --                        ;
; igor_top:core|abort_run                                                                                                                    ; MLABCELL_X39_Y24_N30 ; 408     ; Clock enable, Sync. clear ; no     ; --                   ; --               ; --                        ;
; igor_top:core|elapsed[18]~9                                                                                                                ; LABCELL_X33_Y20_N6   ; 32      ; Clock enable              ; no     ; --                   ; --               ; --                        ;
; igor_top:core|igor_config_registers:cfg|max_dv[0]~0                                                                                        ; LABCELL_X31_Y20_N33  ; 28      ; Clock enable              ; no     ; --                   ; --               ; --                        ;
; igor_top:core|igor_costmap_bank:tiles[0].memory|altsyncram:memory_rtl_0|altsyncram_lap1:auto_generated|decode_8la:decode2|w_anode279w[2]~0 ; LABCELL_X40_Y20_N48  ; 32      ; Write enable              ; no     ; --                   ; --               ; --                        ;
; igor_top:core|igor_costmap_bank:tiles[0].memory|altsyncram:memory_rtl_0|altsyncram_lap1:auto_generated|decode_8la:decode2|w_anode292w[2]~0 ; LABCELL_X40_Y20_N24  ; 32      ; Write enable              ; no     ; --                   ; --               ; --                        ;
; igor_top:core|igor_costmap_bank:tiles[0].memory|altsyncram:memory_rtl_0|altsyncram_lap1:auto_generated|decode_8la:decode2|w_anode300w[2]   ; LABCELL_X42_Y20_N24  ; 32      ; Write enable              ; no     ; --                   ; --               ; --                        ;
; igor_top:core|igor_costmap_bank:tiles[0].memory|altsyncram:memory_rtl_0|altsyncram_lap1:auto_generated|decode_8la:decode2|w_anode308w[2]~0 ; LABCELL_X40_Y20_N51  ; 32      ; Write enable              ; no     ; --                   ; --               ; --                        ;
; igor_top:core|igor_costmap_manager:maps|age[26]~11                                                                                         ; LABCELL_X53_Y23_N15  ; 40      ; Clock enable              ; no     ; --                   ; --               ; --                        ;
; igor_top:core|igor_costmap_manager:maps|age~2                                                                                              ; LABCELL_X45_Y20_N48  ; 67      ; Clock enable              ; no     ; --                   ; --               ; --                        ;
; igor_top:core|igor_costmap_manager:maps|count~7                                                                                            ; LABCELL_X45_Y20_N21  ; 17      ; Clock enable              ; no     ; --                   ; --               ; --                        ;
; igor_top:core|igor_costmap_manager:maps|pending_sequence[31]~0                                                                             ; LABCELL_X46_Y21_N42  ; 34      ; Clock enable              ; no     ; --                   ; --               ; --                        ;
; igor_top:core|igor_rollout_tile:tiles[0].tile|best_score[31]~2                                                                             ; MLABCELL_X28_Y25_N36 ; 39      ; Clock enable              ; no     ; --                   ; --               ; --                        ;
; igor_top:core|igor_rollout_tile:tiles[0].tile|candidate_index[8]~3                                                                         ; LABCELL_X27_Y20_N51  ; 9       ; Clock enable              ; no     ; --                   ; --               ; --                        ;
; igor_top:core|igor_rollout_tile:tiles[0].tile|state.FINISH                                                                                 ; FF_X37_Y25_N32       ; 13      ; Sync. clear               ; no     ; --                   ; --               ; --                        ;
; igor_top:core|igor_rollout_tile:tiles[0].tile|state.SCORE                                                                                  ; FF_X34_Y25_N23       ; 43      ; Sync. load                ; no     ; --                   ; --               ; --                        ;
; igor_top:core|igor_rollout_tile:tiles[0].tile|state.STEP                                                                                   ; FF_X28_Y29_N17       ; 59      ; Sync. load                ; no     ; --                   ; --               ; --                        ;
; igor_top:core|igor_rollout_tile:tiles[0].tile|x[14]~0                                                                                      ; LABCELL_X33_Y27_N12  ; 2       ; Clock enable              ; no     ; --                   ; --               ; --                        ;
; igor_top:core|igor_rollout_tile:tiles[1].tile|best_score[31]~2                                                                             ; LABCELL_X22_Y21_N42  ; 40      ; Clock enable              ; no     ; --                   ; --               ; --                        ;
; igor_top:core|igor_rollout_tile:tiles[1].tile|candidate_index[8]~3                                                                         ; LABCELL_X19_Y21_N0   ; 9       ; Clock enable              ; no     ; --                   ; --               ; --                        ;
; igor_top:core|igor_rollout_tile:tiles[1].tile|state.FINISH                                                                                 ; FF_X24_Y17_N17       ; 13      ; Sync. clear               ; no     ; --                   ; --               ; --                        ;
; igor_top:core|igor_rollout_tile:tiles[1].tile|state.SCORE                                                                                  ; FF_X24_Y17_N47       ; 43      ; Sync. load                ; no     ; --                   ; --               ; --                        ;
; igor_top:core|igor_rollout_tile:tiles[1].tile|state.STEP                                                                                   ; FF_X22_Y16_N5        ; 61      ; Sync. load                ; no     ; --                   ; --               ; --                        ;
; igor_top:core|igor_rollout_tile:tiles[1].tile|x[14]~0                                                                                      ; LABCELL_X19_Y20_N21  ; 2       ; Clock enable              ; no     ; --                   ; --               ; --                        ;
; igor_top:core|igor_rollout_tile:tiles[2].tile|best_score[31]~2                                                                             ; LABCELL_X23_Y28_N48  ; 40      ; Clock enable              ; no     ; --                   ; --               ; --                        ;
; igor_top:core|igor_rollout_tile:tiles[2].tile|candidate_index[8]~3                                                                         ; MLABCELL_X28_Y28_N33 ; 9       ; Clock enable              ; no     ; --                   ; --               ; --                        ;
; igor_top:core|igor_rollout_tile:tiles[2].tile|state.FINISH                                                                                 ; FF_X22_Y32_N8        ; 13      ; Sync. clear               ; no     ; --                   ; --               ; --                        ;
; igor_top:core|igor_rollout_tile:tiles[2].tile|state.SCORE                                                                                  ; FF_X24_Y27_N59       ; 43      ; Sync. load                ; no     ; --                   ; --               ; --                        ;
; igor_top:core|igor_rollout_tile:tiles[2].tile|state.STEP                                                                                   ; FF_X22_Y32_N2        ; 60      ; Sync. load                ; no     ; --                   ; --               ; --                        ;
; igor_top:core|igor_rollout_tile:tiles[2].tile|x[14]~0                                                                                      ; LABCELL_X33_Y27_N39  ; 2       ; Clock enable              ; no     ; --                   ; --               ; --                        ;
; igor_top:core|igor_rollout_tile:tiles[3].tile|best_score[31]~2                                                                             ; LABCELL_X19_Y27_N54  ; 41      ; Clock enable              ; no     ; --                   ; --               ; --                        ;
; igor_top:core|igor_rollout_tile:tiles[3].tile|candidate_index[1]~4                                                                         ; MLABCELL_X21_Y20_N42 ; 2       ; Clock enable              ; no     ; --                   ; --               ; --                        ;
; igor_top:core|igor_rollout_tile:tiles[3].tile|candidate_index[8]~3                                                                         ; MLABCELL_X21_Y20_N39 ; 9       ; Clock enable              ; no     ; --                   ; --               ; --                        ;
; igor_top:core|igor_rollout_tile:tiles[3].tile|state.FINISH                                                                                 ; FF_X15_Y28_N14       ; 13      ; Sync. clear               ; no     ; --                   ; --               ; --                        ;
; igor_top:core|igor_rollout_tile:tiles[3].tile|state.SCORE                                                                                  ; FF_X15_Y25_N23       ; 43      ; Sync. load                ; no     ; --                   ; --               ; --                        ;
; igor_top:core|igor_rollout_tile:tiles[3].tile|state.STEP                                                                                   ; FF_X13_Y27_N32       ; 61      ; Sync. load                ; no     ; --                   ; --               ; --                        ;
; igor_top:core|igor_rollout_tile:tiles[3].tile|x[14]~0                                                                                      ; MLABCELL_X21_Y20_N48 ; 2       ; Clock enable              ; no     ; --                   ; --               ; --                        ;
; igor_top:core|igor_safety_security_gate:gate|motor_enable~0                                                                                ; LABCELL_X29_Y22_N6   ; 12      ; Sync. clear               ; no     ; --                   ; --               ; --                        ;
; igor_top:core|previous_v[3]~0                                                                                                              ; LABCELL_X29_Y22_N48  ; 11      ; Clock enable              ; no     ; --                   ; --               ; --                        ;
; igor_top:core|run_previous_v[3]~0                                                                                                          ; MLABCELL_X34_Y22_N36 ; 43      ; Clock enable, Sync. clear ; no     ; --                   ; --               ; --                        ;
; igor_uart_protocol:serial|always1~7                                                                                                        ; MLABCELL_X39_Y21_N42 ; 12      ; Clock enable              ; no     ; --                   ; --               ; --                        ;
; igor_uart_protocol:serial|crc[7]~1                                                                                                         ; LABCELL_X42_Y21_N54  ; 11      ; Clock enable              ; no     ; --                   ; --               ; --                        ;
; igor_uart_protocol:serial|igor_uart_rx:receiver|data[7]~1                                                                                  ; LABCELL_X42_Y22_N48  ; 11      ; Clock enable              ; no     ; --                   ; --               ; --                        ;
; igor_uart_protocol:serial|igor_uart_rx:receiver|valid                                                                                      ; FF_X42_Y22_N5        ; 38      ; Sync. clear               ; no     ; --                   ; --               ; --                        ;
; igor_uart_protocol:serial|igor_uart_tx:transmitter|busy                                                                                    ; FF_X37_Y19_N5        ; 19      ; Sync. load                ; no     ; --                   ; --               ; --                        ;
; igor_uart_protocol:serial|igor_uart_tx:transmitter|count[5]~0                                                                              ; MLABCELL_X39_Y21_N39 ; 18      ; Clock enable              ; no     ; --                   ; --               ; --                        ;
; igor_uart_protocol:serial|igor_uart_tx:transmitter|count[5]~1                                                                              ; LABCELL_X37_Y21_N51  ; 16      ; Sync. load                ; no     ; --                   ; --               ; --                        ;
; igor_uart_protocol:serial|igor_uart_tx:transmitter|shift~1                                                                                 ; MLABCELL_X39_Y21_N54 ; 9       ; Clock enable              ; no     ; --                   ; --               ; --                        ;
; igor_uart_protocol:serial|opcode[7]~1                                                                                                      ; LABCELL_X42_Y19_N45  ; 9       ; Clock enable              ; no     ; --                   ; --               ; --                        ;
; igor_uart_protocol:serial|out_pos~0                                                                                                        ; LABCELL_X42_Y19_N6   ; 53      ; Clock enable              ; no     ; --                   ; --               ; --                        ;
; igor_uart_protocol:serial|payload[0]~4                                                                                                     ; LABCELL_X42_Y19_N57  ; 10      ; Clock enable              ; no     ; --                   ; --               ; --                        ;
; igor_uart_protocol:serial|payload[16]~1                                                                                                    ; LABCELL_X42_Y19_N51  ; 8       ; Clock enable              ; no     ; --                   ; --               ; --                        ;
; igor_uart_protocol:serial|payload[31]~2                                                                                                    ; LABCELL_X42_Y19_N48  ; 11      ; Clock enable              ; no     ; --                   ; --               ; --                        ;
; igor_uart_protocol:serial|payload[8]~3                                                                                                     ; LABCELL_X42_Y19_N54  ; 9       ; Clock enable              ; no     ; --                   ; --               ; --                        ;
; igor_uart_protocol:serial|received_crc[7]~0                                                                                                ; LABCELL_X42_Y21_N57  ; 8       ; Clock enable              ; no     ; --                   ; --               ; --                        ;
; igor_uart_protocol:serial|response_sample[0]~4                                                                                             ; LABCELL_X42_Y19_N15  ; 35      ; Clock enable              ; no     ; --                   ; --               ; --                        ;
; igor_uart_protocol:serial|timer[1]~0                                                                                                       ; LABCELL_X42_Y21_N18  ; 32      ; Clock enable              ; no     ; --                   ; --               ; --                        ;
; mb                                                                                                                                         ; MLABCELL_X39_Y20_N57 ; 20      ; Sync. clear               ; no     ; --                   ; --               ; --                        ;
; reset_sync[1]                                                                                                                              ; FF_X37_Y20_N35       ; 1361    ; Async. clear              ; no     ; --                   ; --               ; --                        ;
+--------------------------------------------------------------------------------------------------------------------------------------------+----------------------+---------+---------------------------+--------+----------------------+------------------+---------------------------+


+---------------------------------------------------------------------------------------------------------+
; Global & Other Fast Signals                                                                             ;
+--------------+----------+---------+----------------------+------------------+---------------------------+
; Name         ; Location ; Fan-Out ; Global Resource Used ; Global Line Name ; Enable Signal Source Name ;
+--------------+----------+---------+----------------------+------------------+---------------------------+
; FPGA_CLK1_50 ; PIN_V11  ; 1695    ; Global Clock         ; GCLK4            ; --                        ;
+--------------+----------+---------+----------------------+------------------+---------------------------+


+----------------------------------------------------------+
; Non-Global High Fan-Out Signals                          ;
+------------------------------------------------+---------+
; Name                                           ; Fan-Out ;
+------------------------------------------------+---------+
; reset_sync[1]                                  ; 1361    ;
; igor_uart_protocol:serial|payload[1]           ; 902     ;
; igor_uart_protocol:serial|payload[0]           ; 888     ;
; igor_uart_protocol:serial|payload[2]           ; 885     ;
; igor_uart_protocol:serial|payload[6]~DUPLICATE ; 808     ;
; igor_uart_protocol:serial|payload[3]           ; 803     ;
; igor_uart_protocol:serial|payload[5]           ; 775     ;
; igor_neural_core:neural|address[2]             ; 735     ;
; igor_uart_protocol:serial|payload[4]           ; 733     ;
; igor_neural_core:neural|address[1]             ; 731     ;
; igor_neural_core:neural|address[0]             ; 729     ;
; igor_uart_protocol:serial|payload[7]~DUPLICATE ; 682     ;
; igor_neural_core:neural|address[6]             ; 675     ;
; igor_uart_protocol:serial|payload[10]          ; 663     ;
; igor_neural_core:neural|address[3]             ; 657     ;
; igor_uart_protocol:serial|payload[9]           ; 647     ;
; igor_neural_core:neural|address[5]             ; 641     ;
; igor_neural_core:neural|address[4]             ; 594     ;
; igor_uart_protocol:serial|payload[8]           ; 557     ;
; igor_neural_core:neural|address[7]             ; 555     ;
; igor_neural_core:neural|address[10]            ; 526     ;
; igor_neural_core:neural|address[9]             ; 512     ;
+------------------------------------------------+---------+


+--------------------------------------------------------------------------------------------------------------------------------------------------------------------------------------------------------------------------------------------------------------------------------------------------------------------------------------------------------------------------------------------------------------------------------------------------------------------------------------------------------------------------------------------------------------------------------------------------------------------------------------------------------------------------------------------------------------------------------------------------------------------------------------------------------------------------------------------------------------------------------------------------------------------------------------------------------------------------------------------------------------------------------------------------------------------------------------------------------------------------------------------------------------------------------------------------------------------------------------+
; Fitter RAM Summary                                                                                                                                                                                                                                                                                                                                                                                                                                                                                                                                                                                                                                                                                                                                                                                                                                                                                                                                                                                                                                                                                                                                                                                                                   ;
+-------------------------------------------------------------------------------------------------------------------+------------+------------------+--------------+--------------+--------------+--------------+--------------+------------------------+-------------------------+------------------------+-------------------------+--------+-----------------------------+-----------------------------+-----------------------------+-----------------------------+---------------------+-------------+-------+------+----------------------------------------------------------------------------------------------------------------------------------------------------------------------------------------------------------------------------------------------------------------------------------------------------------------------------------------------------------------------------------------------------------------------------------------------------------------------------------------------------------------------------------------------------------------+----------------------+-----------------+-----------------+----------+------------------------+---------------------------------------------+
; Name                                                                                                              ; Type       ; Mode             ; Clock Mode   ; Port A Depth ; Port A Width ; Port B Depth ; Port B Width ; Port A Input Registers ; Port A Output Registers ; Port B Input Registers ; Port B Output Registers ; Size   ; Implementation Port A Depth ; Implementation Port A Width ; Implementation Port B Depth ; Implementation Port B Width ; Implementation Bits ; M10K blocks ; MLABs ; MIF  ; Location                                                                                                                                                                                                                                                                                                                                                                                                                                                                                                                                                       ; Mixed Width RDW Mode ; Port A RDW Mode ; Port B RDW Mode ; ECC Mode ; ECC Pipeline Registers ; Fits in MLABs                               ;
+-------------------------------------------------------------------------------------------------------------------+------------+------------------+--------------+--------------+--------------+--------------+--------------+------------------------+-------------------------+------------------------+-------------------------+--------+-----------------------------+-----------------------------+-----------------------------+-----------------------------+---------------------+-------------+-------+------+----------------------------------------------------------------------------------------------------------------------------------------------------------------------------------------------------------------------------------------------------------------------------------------------------------------------------------------------------------------------------------------------------------------------------------------------------------------------------------------------------------------------------------------------------------------+----------------------+-----------------+-----------------+----------+------------------------+---------------------------------------------+
; igor_neural_core:neural|altsyncram:h1_rtl_0|altsyncram_e3n1:auto_generated|ALTSYNCRAM                             ; AUTO       ; Simple Dual Port ; Single Clock ; 64           ; 16           ; 64           ; 16           ; yes                    ; no                      ; yes                    ; no                      ; 1024   ; 64                          ; 16                          ; 64                          ; 16                          ; 1024                ; 1           ; 0     ; None ; M10K_X49_Y17_N0                                                                                                                                                                                                                                                                                                                                                                                                                                                                                                                                                ; Old data             ; New data        ; New data        ; Off      ; No                     ; No - Unsupported Mixed Feed Through Setting ;
; igor_neural_core:neural|altsyncram:h2_rtl_0|altsyncram_e3n1:auto_generated|ALTSYNCRAM                             ; AUTO       ; Simple Dual Port ; Single Clock ; 64           ; 16           ; 64           ; 16           ; yes                    ; no                      ; yes                    ; no                      ; 1024   ; 64                          ; 16                          ; 64                          ; 16                          ; 1024                ; 1           ; 0     ; None ; M10K_X49_Y19_N0                                                                                                                                                                                                                                                                                                                                                                                                                                                                                                                                                ; Old data             ; New data        ; New data        ; Off      ; No                     ; No - Unsupported Mixed Feed Through Setting ;
; igor_neural_core:neural|altsyncram:inputs_rtl_0|altsyncram_43n1:auto_generated|ALTSYNCRAM                         ; AUTO       ; Simple Dual Port ; Single Clock ; 24           ; 16           ; 24           ; 16           ; yes                    ; no                      ; yes                    ; no                      ; 384    ; 24                          ; 16                          ; 24                          ; 16                          ; 384                 ; 1           ; 0     ; None ; M10K_X49_Y18_N0                                                                                                                                                                                                                                                                                                                                                                                                                                                                                                                                                ; Old data             ; New data        ; New data        ; Off      ; No                     ; No - Unsupported Mixed Feed Through Setting ;
; igor_top:core|igor_costmap_bank:tiles[0].memory|altsyncram:memory_rtl_0|altsyncram_lap1:auto_generated|ALTSYNCRAM ; M10K block ; Simple Dual Port ; Single Clock ; 32768        ; 8            ; 32768        ; 8            ; yes                    ; no                      ; yes                    ; no                      ; 262144 ; 32768                       ; 8                           ; 32768                       ; 8                           ; 262144              ; 32          ; 0     ; None ; M10K_X41_Y22_N0, M10K_X58_Y20_N0, M10K_X38_Y27_N0, M10K_X49_Y20_N0, M10K_X26_Y10_N0, M10K_X49_Y15_N0, M10K_X58_Y13_N0, M10K_X38_Y20_N0, M10K_X41_Y14_N0, M10K_X49_Y10_N0, M10K_X26_Y20_N0, M10K_X58_Y10_N0, M10K_X58_Y24_N0, M10K_X49_Y27_N0, M10K_X49_Y24_N0, M10K_X49_Y13_N0, M10K_X38_Y12_N0, M10K_X41_Y30_N0, M10K_X41_Y12_N0, M10K_X49_Y29_N0, M10K_X58_Y16_N0, M10K_X38_Y10_N0, M10K_X49_Y21_N0, M10K_X58_Y19_N0, M10K_X49_Y30_N0, M10K_X41_Y29_N0, M10K_X49_Y28_N0, M10K_X38_Y24_N0, M10K_X58_Y18_N0, M10K_X41_Y16_N0, M10K_X41_Y20_N0, M10K_X41_Y10_N0 ; Old data             ; New data        ; New data        ; Off      ; No                     ; No - Address Too Wide                       ;
; igor_top:core|igor_costmap_bank:tiles[1].memory|altsyncram:memory_rtl_0|altsyncram_lap1:auto_generated|ALTSYNCRAM ; M10K block ; Simple Dual Port ; Single Clock ; 32768        ; 8            ; 32768        ; 8            ; yes                    ; no                      ; yes                    ; no                      ; 262144 ; 32768                       ; 8                           ; 32768                       ; 8                           ; 262144              ; 32          ; 0     ; None ; M10K_X14_Y23_N0, M10K_X26_Y18_N0, M10K_X58_Y22_N0, M10K_X58_Y25_N0, M10K_X41_Y24_N0, M10K_X38_Y25_N0, M10K_X49_Y22_N0, M10K_X38_Y18_N0, M10K_X41_Y11_N0, M10K_X41_Y15_N0, M10K_X26_Y19_N0, M10K_X26_Y7_N0, M10K_X26_Y14_N0, M10K_X26_Y27_N0, M10K_X14_Y13_N0, M10K_X41_Y21_N0, M10K_X14_Y14_N0, M10K_X14_Y28_N0, M10K_X26_Y12_N0, M10K_X41_Y13_N0, M10K_X14_Y19_N0, M10K_X26_Y13_N0, M10K_X38_Y16_N0, M10K_X14_Y15_N0, M10K_X26_Y15_N0, M10K_X49_Y16_N0, M10K_X38_Y15_N0, M10K_X26_Y17_N0, M10K_X38_Y19_N0, M10K_X69_Y17_N0, M10K_X69_Y19_N0, M10K_X41_Y7_N0   ; Old data             ; New data        ; New data        ; Off      ; No                     ; No - Address Too Wide                       ;
; igor_top:core|igor_costmap_bank:tiles[2].memory|altsyncram:memory_rtl_0|altsyncram_lap1:auto_generated|ALTSYNCRAM ; M10K block ; Simple Dual Port ; Single Clock ; 32768        ; 8            ; 32768        ; 8            ; yes                    ; no                      ; yes                    ; no                      ; 262144 ; 32768                       ; 8                           ; 32768                       ; 8                           ; 262144              ; 32          ; 0     ; None ; M10K_X69_Y22_N0, M10K_X26_Y26_N0, M10K_X41_Y26_N0, M10K_X26_Y28_N0, M10K_X58_Y28_N0, M10K_X26_Y29_N0, M10K_X14_Y29_N0, M10K_X49_Y26_N0, M10K_X58_Y15_N0, M10K_X69_Y18_N0, M10K_X49_Y14_N0, M10K_X41_Y18_N0, M10K_X14_Y27_N0, M10K_X58_Y27_N0, M10K_X38_Y26_N0, M10K_X41_Y27_N0, M10K_X41_Y28_N0, M10K_X38_Y30_N0, M10K_X26_Y25_N0, M10K_X26_Y30_N0, M10K_X38_Y32_N0, M10K_X69_Y30_N0, M10K_X14_Y26_N0, M10K_X58_Y30_N0, M10K_X49_Y31_N0, M10K_X58_Y26_N0, M10K_X38_Y28_N0, M10K_X38_Y29_N0, M10K_X69_Y20_N0, M10K_X41_Y23_N0, M10K_X58_Y23_N0, M10K_X38_Y23_N0 ; Old data             ; New data        ; New data        ; Off      ; No                     ; No - Address Too Wide                       ;
; igor_top:core|igor_costmap_bank:tiles[3].memory|altsyncram:memory_rtl_0|altsyncram_lap1:auto_generated|ALTSYNCRAM ; M10K block ; Simple Dual Port ; Single Clock ; 32768        ; 8            ; 32768        ; 8            ; yes                    ; no                      ; yes                    ; no                      ; 262144 ; 32768                       ; 8                           ; 32768                       ; 8                           ; 262144              ; 32          ; 0     ; None ; M10K_X26_Y23_N0, M10K_X14_Y18_N0, M10K_X49_Y23_N0, M10K_X14_Y22_N0, M10K_X26_Y11_N0, M10K_X14_Y24_N0, M10K_X41_Y19_N0, M10K_X14_Y16_N0, M10K_X58_Y8_N0, M10K_X38_Y9_N0, M10K_X58_Y17_N0, M10K_X58_Y7_N0, M10K_X41_Y25_N0, M10K_X26_Y21_N0, M10K_X14_Y21_N0, M10K_X58_Y21_N0, M10K_X38_Y22_N0, M10K_X26_Y22_N0, M10K_X49_Y25_N0, M10K_X38_Y13_N0, M10K_X38_Y8_N0, M10K_X14_Y20_N0, M10K_X38_Y14_N0, M10K_X41_Y9_N0, M10K_X41_Y17_N0, M10K_X38_Y21_N0, M10K_X26_Y24_N0, M10K_X26_Y16_N0, M10K_X49_Y9_N0, M10K_X38_Y11_N0, M10K_X38_Y17_N0, M10K_X38_Y7_N0        ; Old data             ; New data        ; New data        ; Off      ; No                     ; No - Address Too Wide                       ;
+-------------------------------------------------------------------------------------------------------------------+------------+------------------+--------------+--------------+--------------+--------------+--------------+------------------------+-------------------------+------------------------+-------------------------+--------+-----------------------------+-----------------------------+-----------------------------+-----------------------------+---------------------+-------------+-------+------+----------------------------------------------------------------------------------------------------------------------------------------------------------------------------------------------------------------------------------------------------------------------------------------------------------------------------------------------------------------------------------------------------------------------------------------------------------------------------------------------------------------------------------------------------------------+----------------------+-----------------+-----------------+----------+------------------------+---------------------------------------------+
Note: Fitter may spread logical memories into multiple blocks to improve timing. The actual required RAM blocks can be found in the Fitter Resource Usage section.


+-------------------------------------------------+
; Fitter DSP Block Usage Summary                  ;
+-----------------------------------+-------------+
; Statistic                         ; Number Used ;
+-----------------------------------+-------------+
; Two Independent 18x18             ; 9           ;
; Independent 18x18 plus 36         ; 1           ;
; Total number of DSP blocks        ; 10          ;
;                                   ;             ;
; Fixed Point Signed Multiplier     ; 1           ;
; Fixed Point Unsigned Multiplier   ; 1           ;
; Fixed Point Mixed Sign Multiplier ; 8           ;
+-----------------------------------+-------------+


+-----------------------------------------------------------------------------------------------------------------------------------------------------------------------------------------------------------------------------------------------------------------------------------------------------------------------------------------------------------------------------------------------------------------------------------------------------------------------------------+
; DSP Block Details                                                                                                                                                                                                                                                                                                                                                                                                                                                                 ;
+-----------------------------------------------------------------------------------+---------------------------+----------------+---------------------+------------------------+------------------------+------------------------+------------------------+------------------------+------------------------+-----------------+--------------------------------+---------------------+-------------------------------+------------------------------+------------------------------+
; Name                                                                              ; Mode                      ; Location       ; Sign Representation ; Data AX Input Register ; Data AY Input Register ; Data AZ Input Register ; Data BX Input Register ; Data BY Input Register ; Data BZ Input Register ; Output Register ; Dedicated Shift Register Chain ; Dedicated Pre-Adder ; Dedicated Coefficient Storage ; Dedicated Output Adder Chain ; Dedicated Output Accumulator ;
+-----------------------------------------------------------------------------------+---------------------------+----------------+---------------------+------------------------+------------------------+------------------------+------------------------+------------------------+------------------------+-----------------+--------------------------------+---------------------+-------------------------------+------------------------------+------------------------------+
; igor_top:core|igor_rollout_tile:tiles[0].tile|igor_kinematic_step:stepper|Mult0~8 ; Two Independent 18x18     ; DSP_X32_Y26_N0 ; Mixed               ; yes                    ; no                     ; --                     ; --                     ; --                     ; --                     ; no              ; no                             ; no                  ; no                            ; no                           ; no                           ;
; igor_top:core|igor_rollout_tile:tiles[0].tile|igor_kinematic_step:stepper|Mult1~8 ; Two Independent 18x18     ; DSP_X32_Y24_N0 ; Mixed               ; yes                    ; no                     ; --                     ; --                     ; --                     ; --                     ; no              ; no                             ; no                  ; no                            ; no                           ; no                           ;
; igor_top:core|igor_rollout_tile:tiles[1].tile|igor_kinematic_step:stepper|Mult0~8 ; Two Independent 18x18     ; DSP_X20_Y16_N0 ; Mixed               ; yes                    ; no                     ; --                     ; --                     ; --                     ; --                     ; no              ; no                             ; no                  ; no                            ; no                           ; no                           ;
; igor_top:core|igor_rollout_tile:tiles[1].tile|igor_kinematic_step:stepper|Mult1~8 ; Two Independent 18x18     ; DSP_X20_Y18_N0 ; Mixed               ; yes                    ; no                     ; --                     ; --                     ; --                     ; --                     ; no              ; no                             ; no                  ; no                            ; no                           ; no                           ;
; igor_top:core|igor_rollout_tile:tiles[2].tile|igor_kinematic_step:stepper|Mult0~8 ; Two Independent 18x18     ; DSP_X20_Y33_N0 ; Mixed               ; yes                    ; no                     ; --                     ; --                     ; --                     ; --                     ; no              ; no                             ; no                  ; no                            ; no                           ; no                           ;
; igor_top:core|igor_rollout_tile:tiles[2].tile|igor_kinematic_step:stepper|Mult1~8 ; Two Independent 18x18     ; DSP_X20_Y30_N0 ; Mixed               ; yes                    ; no                     ; --                     ; --                     ; --                     ; --                     ; no              ; no                             ; no                  ; no                            ; no                           ; no                           ;
; igor_top:core|igor_rollout_tile:tiles[3].tile|igor_kinematic_step:stepper|Mult0~8 ; Two Independent 18x18     ; DSP_X20_Y26_N0 ; Mixed               ; yes                    ; no                     ; --                     ; --                     ; --                     ; --                     ; no              ; no                             ; no                  ; no                            ; no                           ; no                           ;
; igor_top:core|igor_rollout_tile:tiles[3].tile|igor_kinematic_step:stepper|Mult1~8 ; Two Independent 18x18     ; DSP_X20_Y24_N0 ; Mixed               ; yes                    ; no                     ; --                     ; --                     ; --                     ; --                     ; no              ; no                             ; no                  ; no                            ; no                           ; no                           ;
; igor_neural_core:neural|Mult0~mac                                                 ; Two Independent 18x18     ; DSP_X54_Y16_N0 ; Mixed               ; no                     ; yes                    ; --                     ; --                     ; --                     ; --                     ; no              ; no                             ; no                  ; no                            ; no                           ; no                           ;
; igor_neural_core:neural|Mult1~mac                                                 ; Independent 18x18 plus 36 ; DSP_X54_Y18_N0 ; Mixed               ; no                     ; yes                    ; --                     ; no                     ; no                     ; --                     ; no              ; no                             ; no                  ; no                            ; no                           ; no                           ;
+-----------------------------------------------------------------------------------+---------------------------+----------------+---------------------+------------------------+------------------------+------------------------+------------------------+------------------------+------------------------+-----------------+--------------------------------+---------------------+-------------------------------+------------------------------+------------------------------+


+-------------------------------------------------------------------------+
; Routing Usage Summary                                                   ;
+---------------------------------------------+---------------------------+
; Routing Resource Type                       ; Usage                     ;
+---------------------------------------------+---------------------------+
; Block interconnects                         ; 13,782 / 289,320 ( 5 % )  ;
; C12 interconnects                           ; 221 / 13,420 ( 2 % )      ;
; C2 interconnects                            ; 4,072 / 119,108 ( 3 % )   ;
; C4 interconnects                            ; 2,139 / 56,300 ( 4 % )    ;
; DQS bus muxes                               ; 0 / 25 ( 0 % )            ;
; DQS-18 I/O buses                            ; 0 / 25 ( 0 % )            ;
; DQS-9 I/O buses                             ; 0 / 25 ( 0 % )            ;
; Direct links                                ; 1,118 / 289,320 ( < 1 % ) ;
; Global clocks                               ; 1 / 16 ( 6 % )            ;
; HPS SDRAM PLL inputs                        ; 0 / 1 ( 0 % )             ;
; HPS SDRAM PLL outputs                       ; 0 / 1 ( 0 % )             ;
; HPS_INTERFACE_BOOT_FROM_FPGA_INPUTs         ; 0 / 9 ( 0 % )             ;
; HPS_INTERFACE_CLOCKS_RESETS_INPUTs          ; 0 / 7 ( 0 % )             ;
; HPS_INTERFACE_CLOCKS_RESETS_OUTPUTs         ; 0 / 6 ( 0 % )             ;
; HPS_INTERFACE_CROSS_TRIGGER_INPUTs          ; 0 / 18 ( 0 % )            ;
; HPS_INTERFACE_CROSS_TRIGGER_OUTPUTs         ; 0 / 24 ( 0 % )            ;
; HPS_INTERFACE_DBG_APB_INPUTs                ; 0 / 37 ( 0 % )            ;
; HPS_INTERFACE_DBG_APB_OUTPUTs               ; 0 / 55 ( 0 % )            ;
; HPS_INTERFACE_DMA_INPUTs                    ; 0 / 16 ( 0 % )            ;
; HPS_INTERFACE_DMA_OUTPUTs                   ; 0 / 8 ( 0 % )             ;
; HPS_INTERFACE_FPGA2HPS_INPUTs               ; 0 / 287 ( 0 % )           ;
; HPS_INTERFACE_FPGA2HPS_OUTPUTs              ; 0 / 154 ( 0 % )           ;
; HPS_INTERFACE_FPGA2SDRAM_INPUTs             ; 0 / 852 ( 0 % )           ;
; HPS_INTERFACE_FPGA2SDRAM_OUTPUTs            ; 0 / 408 ( 0 % )           ;
; HPS_INTERFACE_HPS2FPGA_INPUTs               ; 0 / 165 ( 0 % )           ;
; HPS_INTERFACE_HPS2FPGA_LIGHT_WEIGHT_INPUTs  ; 0 / 67 ( 0 % )            ;
; HPS_INTERFACE_HPS2FPGA_LIGHT_WEIGHT_OUTPUTs ; 0 / 156 ( 0 % )           ;
; HPS_INTERFACE_HPS2FPGA_OUTPUTs              ; 0 / 282 ( 0 % )           ;
; HPS_INTERFACE_INTERRUPTS_INPUTs             ; 0 / 64 ( 0 % )            ;
; HPS_INTERFACE_INTERRUPTS_OUTPUTs            ; 0 / 42 ( 0 % )            ;
; HPS_INTERFACE_JTAG_OUTPUTs                  ; 0 / 5 ( 0 % )             ;
; HPS_INTERFACE_LOAN_IO_INPUTs                ; 0 / 142 ( 0 % )           ;
; HPS_INTERFACE_LOAN_IO_OUTPUTs               ; 0 / 85 ( 0 % )            ;
; HPS_INTERFACE_MPU_EVENT_STANDBY_INPUTs      ; 0 / 1 ( 0 % )             ;
; HPS_INTERFACE_MPU_EVENT_STANDBY_OUTPUTs     ; 0 / 5 ( 0 % )             ;
; HPS_INTERFACE_MPU_GENERAL_PURPOSE_INPUTs    ; 0 / 32 ( 0 % )            ;
; HPS_INTERFACE_MPU_GENERAL_PURPOSE_OUTPUTs   ; 0 / 32 ( 0 % )            ;
; HPS_INTERFACE_PERIPHERAL_CAN_INPUTs         ; 0 / 2 ( 0 % )             ;
; HPS_INTERFACE_PERIPHERAL_CAN_OUTPUTs        ; 0 / 2 ( 0 % )             ;
; HPS_INTERFACE_PERIPHERAL_EMAC_INPUTs        ; 0 / 32 ( 0 % )            ;
; HPS_INTERFACE_PERIPHERAL_EMAC_OUTPUTs       ; 0 / 34 ( 0 % )            ;
; HPS_INTERFACE_PERIPHERAL_I2C_INPUTs         ; 0 / 8 ( 0 % )             ;
; HPS_INTERFACE_PERIPHERAL_I2C_OUTPUTs        ; 0 / 8 ( 0 % )             ;
; HPS_INTERFACE_PERIPHERAL_NAND_INPUTs        ; 0 / 12 ( 0 % )            ;
; HPS_INTERFACE_PERIPHERAL_NAND_OUTPUTs       ; 0 / 18 ( 0 % )            ;
; HPS_INTERFACE_PERIPHERAL_QSPI_INPUTs        ; 0 / 4 ( 0 % )             ;
; HPS_INTERFACE_PERIPHERAL_QSPI_OUTPUTs       ; 0 / 13 ( 0 % )            ;
; HPS_INTERFACE_PERIPHERAL_SDMMC_INPUTs       ; 0 / 13 ( 0 % )            ;
; HPS_INTERFACE_PERIPHERAL_SDMMC_OUTPUTs      ; 0 / 22 ( 0 % )            ;
; HPS_INTERFACE_PERIPHERAL_SPI_MASTER_INPUTs  ; 0 / 4 ( 0 % )             ;
; HPS_INTERFACE_PERIPHERAL_SPI_MASTER_OUTPUTs ; 0 / 14 ( 0 % )            ;
; HPS_INTERFACE_PERIPHERAL_SPI_SLAVE_INPUTs   ; 0 / 6 ( 0 % )             ;
; HPS_INTERFACE_PERIPHERAL_SPI_SLAVE_OUTPUTs  ; 0 / 4 ( 0 % )             ;
; HPS_INTERFACE_PERIPHERAL_UART_INPUTs        ; 0 / 10 ( 0 % )            ;
; HPS_INTERFACE_PERIPHERAL_UART_OUTPUTs       ; 0 / 10 ( 0 % )            ;
; HPS_INTERFACE_PERIPHERAL_USB_INPUTs         ; 0 / 22 ( 0 % )            ;
; HPS_INTERFACE_PERIPHERAL_USB_OUTPUTs        ; 0 / 34 ( 0 % )            ;
; HPS_INTERFACE_STM_EVENT_INPUTs              ; 0 / 28 ( 0 % )            ;
; HPS_INTERFACE_TEST_INPUTs                   ; 0 / 610 ( 0 % )           ;
; HPS_INTERFACE_TEST_OUTPUTs                  ; 0 / 513 ( 0 % )           ;
; HPS_INTERFACE_TPIU_TRACE_INPUTs             ; 0 / 2 ( 0 % )             ;
; HPS_INTERFACE_TPIU_TRACE_OUTPUTs            ; 0 / 33 ( 0 % )            ;
; Horizontal periphery clocks                 ; 0 / 72 ( 0 % )            ;
; Local interconnects                         ; 4,012 / 84,580 ( 5 % )    ;
; Quadrant clocks                             ; 0 / 66 ( 0 % )            ;
; R14 interconnects                           ; 413 / 12,676 ( 3 % )      ;
; R14/C12 interconnect drivers                ; 475 / 20,720 ( 2 % )      ;
; R3 interconnects                            ; 5,247 / 130,992 ( 4 % )   ;
; R6 interconnects                            ; 7,851 / 266,960 ( 3 % )   ;
; Spine clocks                                ; 8 / 360 ( 2 % )           ;
; Wire stub REs                               ; 0 / 15,858 ( 0 % )        ;
+---------------------------------------------+---------------------------+


+------------------------------------------+
; I/O Rules Summary                        ;
+----------------------------------+-------+
; I/O Rules Statistic              ; Total ;
+----------------------------------+-------+
; Total I/O Rules                  ; 28    ;
; Number of I/O Rules Passed       ; 6     ;
; Number of I/O Rules Failed       ; 0     ;
; Number of I/O Rules Unchecked    ; 0     ;
; Number of I/O Rules Inapplicable ; 22    ;
+----------------------------------+-------+


+--------------------------------------------------------------------------------------------------------------------------------------------------------------------------------------------------------------------------------------------------------------------+
; I/O Rules Details                                                                                                                                                                                                                                                  ;
+--------------+-----------+-----------------------------------+------------------------------------------------------------------------------------+----------+--------------------------------------------------------------------------+------+-------------------+
; Status       ; ID        ; Category                          ; Rule Description                                                                   ; Severity ; Information                                                              ; Area ; Extra Information ;
+--------------+-----------+-----------------------------------+------------------------------------------------------------------------------------+----------+--------------------------------------------------------------------------+------+-------------------+
; Pass         ; IO_000001 ; Capacity Checks                   ; Number of pins in an I/O bank should not exceed the number of locations available. ; Critical ; 0 such failures found.                                                   ; I/O  ;                   ;
; Inapplicable ; IO_000002 ; Capacity Checks                   ; Number of clocks in an I/O bank should not exceed the number of clocks available.  ; Critical ; No Global Signal assignments found.                                      ; I/O  ;                   ;
; Pass         ; IO_000003 ; Capacity Checks                   ; Number of pins in a Vrefgroup should not exceed the number of locations available. ; Critical ; 0 such failures found.                                                   ; I/O  ;                   ;
; Inapplicable ; IO_000004 ; Voltage Compatibility Checks      ; The I/O bank should support the requested VCCIO.                                   ; Critical ; No IOBANK_VCCIO assignments found.                                       ; I/O  ;                   ;
; Inapplicable ; IO_000005 ; Voltage Compatibility Checks      ; The I/O bank should not have competing VREF values.                                ; Critical ; No VREF I/O Standard assignments found.                                  ; I/O  ;                   ;
; Pass         ; IO_000006 ; Voltage Compatibility Checks      ; The I/O bank should not have competing VCCIO values.                               ; Critical ; 0 such failures found.                                                   ; I/O  ;                   ;
; Pass         ; IO_000007 ; Valid Location Checks             ; Checks for unavailable locations.                                                  ; Critical ; 0 such failures found.                                                   ; I/O  ;                   ;
; Inapplicable ; IO_000008 ; Valid Location Checks             ; Checks for reserved locations.                                                     ; Critical ; No reserved LogicLock region found.                                      ; I/O  ;                   ;
; Pass         ; IO_000009 ; I/O Properties Checks for One I/O ; The location should support the requested I/O standard.                            ; Critical ; 0 such failures found.                                                   ; I/O  ;                   ;
; Pass         ; IO_000010 ; I/O Properties Checks for One I/O ; The location should support the requested I/O direction.                           ; Critical ; 0 such failures found.                                                   ; I/O  ;                   ;
; Inapplicable ; IO_000011 ; I/O Properties Checks for One I/O ; The location should support the requested Current Strength.                        ; Critical ; No Current Strength assignments found.                                   ; I/O  ;                   ;
; Inapplicable ; IO_000012 ; I/O Properties Checks for One I/O ; The location should support the requested On Chip Termination value.               ; Critical ; No Termination assignments found.                                        ; I/O  ;                   ;
; Inapplicable ; IO_000013 ; I/O Properties Checks for One I/O ; The location should support the requested Bus Hold value.                          ; Critical ; No Enable Bus-Hold Circuitry assignments found.                          ; I/O  ;                   ;
; Inapplicable ; IO_000014 ; I/O Properties Checks for One I/O ; The location should support the requested Weak Pull Up value.                      ; Critical ; No Weak Pull-Up Resistor assignments found.                              ; I/O  ;                   ;
; Inapplicable ; IO_000015 ; I/O Properties Checks for One I/O ; The location should support the requested PCI Clamp Diode.                         ; Critical ; No Clamping Diode assignments found.                                     ; I/O  ;                   ;
; Inapplicable ; IO_000018 ; I/O Properties Checks for One I/O ; The I/O standard should support the requested Current Strength.                    ; Critical ; No Current Strength assignments found.                                   ; I/O  ;                   ;
; Inapplicable ; IO_000019 ; I/O Properties Checks for One I/O ; The I/O standard should support the requested On Chip Termination value.           ; Critical ; No Termination assignments found.                                        ; I/O  ;                   ;
; Inapplicable ; IO_000020 ; I/O Properties Checks for One I/O ; The I/O standard should support the requested PCI Clamp Diode.                     ; Critical ; No Clamping Diode assignments found.                                     ; I/O  ;                   ;
; Inapplicable ; IO_000021 ; I/O Properties Checks for One I/O ; The I/O standard should support the requested Weak Pull Up value.                  ; Critical ; No Weak Pull-Up Resistor assignments found.                              ; I/O  ;                   ;
; Inapplicable ; IO_000022 ; I/O Properties Checks for One I/O ; The I/O standard should support the requested Bus Hold value.                      ; Critical ; No Enable Bus-Hold Circuitry assignments found.                          ; I/O  ;                   ;
; Inapplicable ; IO_000023 ; I/O Properties Checks for One I/O ; The I/O standard should support the Open Drain value.                              ; Critical ; No open drain assignments found.                                         ; I/O  ;                   ;
; Inapplicable ; IO_000024 ; I/O Properties Checks for One I/O ; The I/O direction should support the On Chip Termination value.                    ; Critical ; No Termination assignments found.                                        ; I/O  ;                   ;
; Inapplicable ; IO_000026 ; I/O Properties Checks for One I/O ; On Chip Termination and Current Strength should not be used at the same time.      ; Critical ; No Current Strength or Termination assignments found.                    ; I/O  ;                   ;
; Inapplicable ; IO_000027 ; I/O Properties Checks for One I/O ; Weak Pull Up and Bus Hold should not be used at the same time.                     ; Critical ; No Enable Bus-Hold Circuitry or Weak Pull-Up Resistor assignments found. ; I/O  ;                   ;
; Inapplicable ; IO_000045 ; I/O Properties Checks for One I/O ; The I/O standard should support the requested Slew Rate value.                     ; Critical ; No Slew Rate assignments found.                                          ; I/O  ;                   ;
; Inapplicable ; IO_000046 ; I/O Properties Checks for One I/O ; The location should support the requested Slew Rate value.                         ; Critical ; No Slew Rate assignments found.                                          ; I/O  ;                   ;
; Inapplicable ; IO_000047 ; I/O Properties Checks for One I/O ; On Chip Termination and Slew Rate should not be used at the same time.             ; Critical ; No Slew Rate assignments found.                                          ; I/O  ;                   ;
; Inapplicable ; IO_000034 ; SI Related Distance Checks        ; Single-ended outputs should be 0 LAB row(s) away from a differential I/O.          ; High     ; No Differential I/O Standard assignments found.                          ; I/O  ;                   ;
+--------------+-----------+-----------------------------------+------------------------------------------------------------------------------------+----------+--------------------------------------------------------------------------+------+-------------------+


+--------------------------------------------------------------------------------------------------------------------------------------------------------------------------------------------------------------------------------------------------------------------------------------------------------------------------------------------------------------------------------------------------------------------------------------+
; I/O Rules Matrix                                                                                                                                                                                                                                                                                                                                                                                                                     ;
+--------------------+-----------+--------------+-----------+--------------+--------------+-----------+-----------+--------------+-----------+-----------+--------------+--------------+--------------+--------------+--------------+--------------+--------------+--------------+--------------+--------------+--------------+--------------+--------------+--------------+--------------+--------------+--------------+--------------+
; Pin/Rules          ; IO_000001 ; IO_000002    ; IO_000003 ; IO_000004    ; IO_000005    ; IO_000006 ; IO_000007 ; IO_000008    ; IO_000009 ; IO_000010 ; IO_000011    ; IO_000012    ; IO_000013    ; IO_000014    ; IO_000015    ; IO_000018    ; IO_000019    ; IO_000020    ; IO_000021    ; IO_000022    ; IO_000023    ; IO_000024    ; IO_000026    ; IO_000027    ; IO_000045    ; IO_000046    ; IO_000047    ; IO_000034    ;
+--------------------+-----------+--------------+-----------+--------------+--------------+-----------+-----------+--------------+-----------+-----------+--------------+--------------+--------------+--------------+--------------+--------------+--------------+--------------+--------------+--------------+--------------+--------------+--------------+--------------+--------------+--------------+--------------+--------------+
; Total Pass         ; 17        ; 0            ; 17        ; 0            ; 0            ; 17        ; 17        ; 0            ; 17        ; 17        ; 0            ; 0            ; 0            ; 0            ; 0            ; 0            ; 0            ; 0            ; 0            ; 0            ; 0            ; 0            ; 0            ; 0            ; 0            ; 0            ; 0            ; 0            ;
; Total Unchecked    ; 0         ; 0            ; 0         ; 0            ; 0            ; 0         ; 0         ; 0            ; 0         ; 0         ; 0            ; 0            ; 0            ; 0            ; 0            ; 0            ; 0            ; 0            ; 0            ; 0            ; 0            ; 0            ; 0            ; 0            ; 0            ; 0            ; 0            ; 0            ;
; Total Inapplicable ; 0         ; 17           ; 0         ; 17           ; 17           ; 0         ; 0         ; 17           ; 0         ; 0         ; 17           ; 17           ; 17           ; 17           ; 17           ; 17           ; 17           ; 17           ; 17           ; 17           ; 17           ; 17           ; 17           ; 17           ; 17           ; 17           ; 17           ; 17           ;
; Total Fail         ; 0         ; 0            ; 0         ; 0            ; 0            ; 0         ; 0         ; 0            ; 0         ; 0         ; 0            ; 0            ; 0            ; 0            ; 0            ; 0            ; 0            ; 0            ; 0            ; 0            ; 0            ; 0            ; 0            ; 0            ; 0            ; 0            ; 0            ; 0            ;
; SW[0]              ; Pass      ; Inapplicable ; Pass      ; Inapplicable ; Inapplicable ; Pass      ; Pass      ; Inapplicable ; Pass      ; Pass      ; Inapplicable ; Inapplicable ; Inapplicable ; Inapplicable ; Inapplicable ; Inapplicable ; Inapplicable ; Inapplicable ; Inapplicable ; Inapplicable ; Inapplicable ; Inapplicable ; Inapplicable ; Inapplicable ; Inapplicable ; Inapplicable ; Inapplicable ; Inapplicable ;
; SW[1]              ; Pass      ; Inapplicable ; Pass      ; Inapplicable ; Inapplicable ; Pass      ; Pass      ; Inapplicable ; Pass      ; Pass      ; Inapplicable ; Inapplicable ; Inapplicable ; Inapplicable ; Inapplicable ; Inapplicable ; Inapplicable ; Inapplicable ; Inapplicable ; Inapplicable ; Inapplicable ; Inapplicable ; Inapplicable ; Inapplicable ; Inapplicable ; Inapplicable ; Inapplicable ; Inapplicable ;
; UART_TX            ; Pass      ; Inapplicable ; Pass      ; Inapplicable ; Inapplicable ; Pass      ; Pass      ; Inapplicable ; Pass      ; Pass      ; Inapplicable ; Inapplicable ; Inapplicable ; Inapplicable ; Inapplicable ; Inapplicable ; Inapplicable ; Inapplicable ; Inapplicable ; Inapplicable ; Inapplicable ; Inapplicable ; Inapplicable ; Inapplicable ; Inapplicable ; Inapplicable ; Inapplicable ; Inapplicable ;
; LED[0]             ; Pass      ; Inapplicable ; Pass      ; Inapplicable ; Inapplicable ; Pass      ; Pass      ; Inapplicable ; Pass      ; Pass      ; Inapplicable ; Inapplicable ; Inapplicable ; Inapplicable ; Inapplicable ; Inapplicable ; Inapplicable ; Inapplicable ; Inapplicable ; Inapplicable ; Inapplicable ; Inapplicable ; Inapplicable ; Inapplicable ; Inapplicable ; Inapplicable ; Inapplicable ; Inapplicable ;
; LED[1]             ; Pass      ; Inapplicable ; Pass      ; Inapplicable ; Inapplicable ; Pass      ; Pass      ; Inapplicable ; Pass      ; Pass      ; Inapplicable ; Inapplicable ; Inapplicable ; Inapplicable ; Inapplicable ; Inapplicable ; Inapplicable ; Inapplicable ; Inapplicable ; Inapplicable ; Inapplicable ; Inapplicable ; Inapplicable ; Inapplicable ; Inapplicable ; Inapplicable ; Inapplicable ; Inapplicable ;
; LED[2]             ; Pass      ; Inapplicable ; Pass      ; Inapplicable ; Inapplicable ; Pass      ; Pass      ; Inapplicable ; Pass      ; Pass      ; Inapplicable ; Inapplicable ; Inapplicable ; Inapplicable ; Inapplicable ; Inapplicable ; Inapplicable ; Inapplicable ; Inapplicable ; Inapplicable ; Inapplicable ; Inapplicable ; Inapplicable ; Inapplicable ; Inapplicable ; Inapplicable ; Inapplicable ; Inapplicable ;
; LED[3]             ; Pass      ; Inapplicable ; Pass      ; Inapplicable ; Inapplicable ; Pass      ; Pass      ; Inapplicable ; Pass      ; Pass      ; Inapplicable ; Inapplicable ; Inapplicable ; Inapplicable ; Inapplicable ; Inapplicable ; Inapplicable ; Inapplicable ; Inapplicable ; Inapplicable ; Inapplicable ; Inapplicable ; Inapplicable ; Inapplicable ; Inapplicable ; Inapplicable ; Inapplicable ; Inapplicable ;
; LED[4]             ; Pass      ; Inapplicable ; Pass      ; Inapplicable ; Inapplicable ; Pass      ; Pass      ; Inapplicable ; Pass      ; Pass      ; Inapplicable ; Inapplicable ; Inapplicable ; Inapplicable ; Inapplicable ; Inapplicable ; Inapplicable ; Inapplicable ; Inapplicable ; Inapplicable ; Inapplicable ; Inapplicable ; Inapplicable ; Inapplicable ; Inapplicable ; Inapplicable ; Inapplicable ; Inapplicable ;
; LED[5]             ; Pass      ; Inapplicable ; Pass      ; Inapplicable ; Inapplicable ; Pass      ; Pass      ; Inapplicable ; Pass      ; Pass      ; Inapplicable ; Inapplicable ; Inapplicable ; Inapplicable ; Inapplicable ; Inapplicable ; Inapplicable ; Inapplicable ; Inapplicable ; Inapplicable ; Inapplicable ; Inapplicable ; Inapplicable ; Inapplicable ; Inapplicable ; Inapplicable ; Inapplicable ; Inapplicable ;
; LED[6]             ; Pass      ; Inapplicable ; Pass      ; Inapplicable ; Inapplicable ; Pass      ; Pass      ; Inapplicable ; Pass      ; Pass      ; Inapplicable ; Inapplicable ; Inapplicable ; Inapplicable ; Inapplicable ; Inapplicable ; Inapplicable ; Inapplicable ; Inapplicable ; Inapplicable ; Inapplicable ; Inapplicable ; Inapplicable ; Inapplicable ; Inapplicable ; Inapplicable ; Inapplicable ; Inapplicable ;
; LED[7]             ; Pass      ; Inapplicable ; Pass      ; Inapplicable ; Inapplicable ; Pass      ; Pass      ; Inapplicable ; Pass      ; Pass      ; Inapplicable ; Inapplicable ; Inapplicable ; Inapplicable ; Inapplicable ; Inapplicable ; Inapplicable ; Inapplicable ; Inapplicable ; Inapplicable ; Inapplicable ; Inapplicable ; Inapplicable ; Inapplicable ; Inapplicable ; Inapplicable ; Inapplicable ; Inapplicable ;
; KEY[1]             ; Pass      ; Inapplicable ; Pass      ; Inapplicable ; Inapplicable ; Pass      ; Pass      ; Inapplicable ; Pass      ; Pass      ; Inapplicable ; Inapplicable ; Inapplicable ; Inapplicable ; Inapplicable ; Inapplicable ; Inapplicable ; Inapplicable ; Inapplicable ; Inapplicable ; Inapplicable ; Inapplicable ; Inapplicable ; Inapplicable ; Inapplicable ; Inapplicable ; Inapplicable ; Inapplicable ;
; FPGA_CLK1_50       ; Pass      ; Inapplicable ; Pass      ; Inapplicable ; Inapplicable ; Pass      ; Pass      ; Inapplicable ; Pass      ; Pass      ; Inapplicable ; Inapplicable ; Inapplicable ; Inapplicable ; Inapplicable ; Inapplicable ; Inapplicable ; Inapplicable ; Inapplicable ; Inapplicable ; Inapplicable ; Inapplicable ; Inapplicable ; Inapplicable ; Inapplicable ; Inapplicable ; Inapplicable ; Inapplicable ;
; KEY[0]             ; Pass      ; Inapplicable ; Pass      ; Inapplicable ; Inapplicable ; Pass      ; Pass      ; Inapplicable ; Pass      ; Pass      ; Inapplicable ; Inapplicable ; Inapplicable ; Inapplicable ; Inapplicable ; Inapplicable ; Inapplicable ; Inapplicable ; Inapplicable ; Inapplicable ; Inapplicable ; Inapplicable ; Inapplicable ; Inapplicable ; Inapplicable ; Inapplicable ; Inapplicable ; Inapplicable ;
; SW[3]              ; Pass      ; Inapplicable ; Pass      ; Inapplicable ; Inapplicable ; Pass      ; Pass      ; Inapplicable ; Pass      ; Pass      ; Inapplicable ; Inapplicable ; Inapplicable ; Inapplicable ; Inapplicable ; Inapplicable ; Inapplicable ; Inapplicable ; Inapplicable ; Inapplicable ; Inapplicable ; Inapplicable ; Inapplicable ; Inapplicable ; Inapplicable ; Inapplicable ; Inapplicable ; Inapplicable ;
; SW[2]              ; Pass      ; Inapplicable ; Pass      ; Inapplicable ; Inapplicable ; Pass      ; Pass      ; Inapplicable ; Pass      ; Pass      ; Inapplicable ; Inapplicable ; Inapplicable ; Inapplicable ; Inapplicable ; Inapplicable ; Inapplicable ; Inapplicable ; Inapplicable ; Inapplicable ; Inapplicable ; Inapplicable ; Inapplicable ; Inapplicable ; Inapplicable ; Inapplicable ; Inapplicable ; Inapplicable ;
; UART_RX            ; Pass      ; Inapplicable ; Pass      ; Inapplicable ; Inapplicable ; Pass      ; Pass      ; Inapplicable ; Pass      ; Pass      ; Inapplicable ; Inapplicable ; Inapplicable ; Inapplicable ; Inapplicable ; Inapplicable ; Inapplicable ; Inapplicable ; Inapplicable ; Inapplicable ; Inapplicable ; Inapplicable ; Inapplicable ; Inapplicable ; Inapplicable ; Inapplicable ; Inapplicable ; Inapplicable ;
+--------------------+-----------+--------------+-----------+--------------+--------------+-----------+-----------+--------------+-----------+-----------+--------------+--------------+--------------+--------------+--------------+--------------+--------------+--------------+--------------+--------------+--------------+--------------+--------------+--------------+--------------+--------------+--------------+--------------+


+------------------------------------------------------------------------------------------------+
; Fitter Device Options                                                                          ;
+------------------------------------------------------------------+-----------------------------+
; Option                                                           ; Setting                     ;
+------------------------------------------------------------------+-----------------------------+
; Enable user-supplied start-up clock (CLKUSR)                     ; Off                         ;
; Enable device-wide reset (DEV_CLRn)                              ; Off                         ;
; Enable device-wide output enable (DEV_OE)                        ; Off                         ;
; Enable INIT_DONE output                                          ; Off                         ;
; Configuration scheme                                             ; Passive Serial              ;
; Enable Error Detection CRC_ERROR pin                             ; Off                         ;
; Enable CvP_CONFDONE pin                                          ; Off                         ;
; Enable open drain on CRC_ERROR pin                               ; On                          ;
; Enable open drain on CvP_CONFDONE pin                            ; On                          ;
; Enable open drain on INIT_DONE pin                               ; On                          ;
; Enable open drain on Partial Reconfiguration pins                ; Off                         ;
; Enable open drain on nCEO pin                                    ; On                          ;
; Enable Partial Reconfiguration pins                              ; Off                         ;
; Enable input tri-state on active configuration pins in user mode ; Off                         ;
; Enable internal scrubbing                                        ; Off                         ;
; Active Serial clock source                                       ; 100 MHz Internal Oscillator ;
; Device initialization clock source                               ; Internal Oscillator         ;
; Configuration via Protocol                                       ; Off                         ;
; Configuration Voltage Level                                      ; Auto                        ;
; Force Configuration Voltage Level                                ; Off                         ;
; Enable nCEO output                                               ; Off                         ;
; Data[15..8]                                                      ; Unreserved                  ;
; Data[7..5]                                                       ; Unreserved                  ;
; Base pin-out file on sameframe device                            ; Off                         ;
+------------------------------------------------------------------+-----------------------------+


+------------------------------------+
; Operating Settings and Conditions  ;
+---------------------------+--------+
; Setting                   ; Value  ;
+---------------------------+--------+
; Nominal Core Voltage      ; 1.10 V ;
; Low Junction Temperature  ; -40 °C ;
; High Junction Temperature ; 100 °C ;
+---------------------------+--------+


+------------------------------------------------------------+
; Estimated Delay Added for Hold Timing Summary              ;
+-----------------+----------------------+-------------------+
; Source Clock(s) ; Destination Clock(s) ; Delay Added in ns ;
+-----------------+----------------------+-------------------+
; FPGA_CLK1_50    ; FPGA_CLK1_50         ; 383.8             ;
+-----------------+----------------------+-------------------+
Note: For more information on problematic transfers, consider running the Fitter again with the Optimize hold timing option (Settings Menu) turned off.
This will disable optimization of problematic paths and expose them for further analysis using the Timing Analyzer.


+--------------------------------------------------------------------------------------------------------------------------------------------------------------------------------------------------------------------------+
; Estimated Delay Added for Hold Timing Details                                                                                                                                                                            ;
+------------------------------------------------------------+-----------------------------------------------------------------------------------------------------------------------------------------+-------------------+
; Source Register                                            ; Destination Register                                                                                                                    ; Delay Added in ns ;
+------------------------------------------------------------+-----------------------------------------------------------------------------------------------------------------------------------------+-------------------+
; igor_uart_protocol:serial|payload[0]                       ; igor_top:core|igor_costmap_bank:tiles[2].memory|altsyncram:memory_rtl_0|altsyncram_lap1:auto_generated|ram_block1a29~porta_address_reg0 ; 0.811             ;
; igor_top:core|run_previous_w[6]                            ; igor_uart_protocol:serial|response_sample[0]                                                                                            ; 0.781             ;
; igor_top:core|igor_rollout_tile:tiles[1].tile|y[22]        ; igor_top:core|igor_rollout_tile:tiles[1].tile|arithmetic_fault                                                                          ; 0.770             ;
; igor_top:core|igor_rollout_tile:tiles[1].tile|y[17]        ; igor_top:core|igor_rollout_tile:tiles[1].tile|arithmetic_fault                                                                          ; 0.766             ;
; igor_top:core|igor_rollout_tile:tiles[1].tile|y[19]        ; igor_top:core|igor_rollout_tile:tiles[1].tile|arithmetic_fault                                                                          ; 0.759             ;
; igor_top:core|igor_rollout_tile:tiles[1].tile|x[17]        ; igor_top:core|igor_rollout_tile:tiles[1].tile|arithmetic_fault                                                                          ; 0.758             ;
; igor_top:core|igor_rollout_tile:tiles[1].tile|x[7]         ; igor_top:core|igor_rollout_tile:tiles[1].tile|arithmetic_fault                                                                          ; 0.757             ;
; igor_top:core|igor_rollout_tile:tiles[1].tile|x[22]        ; igor_top:core|igor_rollout_tile:tiles[1].tile|arithmetic_fault                                                                          ; 0.756             ;
; igor_top:core|igor_rollout_tile:tiles[1].tile|y[7]         ; igor_top:core|igor_rollout_tile:tiles[1].tile|arithmetic_fault                                                                          ; 0.756             ;
; igor_top:core|igor_rollout_tile:tiles[1].tile|x[19]        ; igor_top:core|igor_rollout_tile:tiles[1].tile|arithmetic_fault                                                                          ; 0.754             ;
; igor_top:core|igor_rollout_tile:tiles[1].tile|x[9]         ; igor_top:core|igor_rollout_tile:tiles[1].tile|arithmetic_fault                                                                          ; 0.751             ;
; igor_top:core|igor_rollout_tile:tiles[1].tile|y[11]        ; igor_top:core|igor_rollout_tile:tiles[1].tile|arithmetic_fault                                                                          ; 0.751             ;
; igor_top:core|igor_rollout_tile:tiles[1].tile|y[10]        ; igor_top:core|igor_rollout_tile:tiles[1].tile|arithmetic_fault                                                                          ; 0.749             ;
; igor_top:core|igor_rollout_tile:tiles[1].tile|y[9]         ; igor_top:core|igor_rollout_tile:tiles[1].tile|arithmetic_fault                                                                          ; 0.749             ;
; igor_top:core|igor_rollout_tile:tiles[1].tile|x[11]        ; igor_top:core|igor_rollout_tile:tiles[1].tile|arithmetic_fault                                                                          ; 0.748             ;
; igor_top:core|igor_rollout_tile:tiles[1].tile|x[10]        ; igor_top:core|igor_rollout_tile:tiles[1].tile|arithmetic_fault                                                                          ; 0.743             ;
; igor_top:core|igor_rollout_tile:tiles[1].tile|x[1]         ; igor_top:core|igor_rollout_tile:tiles[1].tile|arithmetic_fault                                                                          ; 0.743             ;
; igor_top:core|igor_rollout_tile:tiles[1].tile|x[0]         ; igor_top:core|igor_rollout_tile:tiles[1].tile|arithmetic_fault                                                                          ; 0.740             ;
; igor_top:core|igor_rollout_tile:tiles[1].tile|y[1]         ; igor_top:core|igor_rollout_tile:tiles[1].tile|arithmetic_fault                                                                          ; 0.740             ;
; igor_top:core|igor_rollout_tile:tiles[1].tile|y[0]         ; igor_top:core|igor_rollout_tile:tiles[1].tile|arithmetic_fault                                                                          ; 0.739             ;
; igor_uart_protocol:serial|respond_delay[0]                 ; igor_uart_protocol:serial|protocol_fault                                                                                                ; 0.717             ;
; igor_uart_protocol:serial|igor_uart_rx:receiver|state.10   ; igor_uart_protocol:serial|igor_uart_rx:receiver|state.10                                                                                ; 0.713             ;
; igor_uart_protocol:serial|respond_delay[1]                 ; igor_uart_protocol:serial|protocol_fault                                                                                                ; 0.707             ;
; igor_top:core|igor_rollout_tile:tiles[1].tile|y[18]        ; igor_top:core|igor_rollout_tile:tiles[1].tile|arithmetic_fault                                                                          ; 0.702             ;
; igor_top:core|igor_rollout_tile:tiles[1].tile|x[18]        ; igor_top:core|igor_rollout_tile:tiles[1].tile|arithmetic_fault                                                                          ; 0.695             ;
; igor_top:core|igor_rollout_tile:tiles[1].tile|x[8]         ; igor_top:core|igor_rollout_tile:tiles[1].tile|arithmetic_fault                                                                          ; 0.694             ;
; igor_top:core|igor_rollout_tile:tiles[1].tile|y[15]        ; igor_top:core|igor_rollout_tile:tiles[1].tile|arithmetic_fault                                                                          ; 0.694             ;
; igor_top:core|igor_rollout_tile:tiles[1].tile|y[16]        ; igor_top:core|igor_rollout_tile:tiles[1].tile|arithmetic_fault                                                                          ; 0.692             ;
; igor_top:core|igor_rollout_tile:tiles[1].tile|y[8]         ; igor_top:core|igor_rollout_tile:tiles[1].tile|arithmetic_fault                                                                          ; 0.692             ;
; igor_top:core|igor_rollout_tile:tiles[1].tile|y[13]        ; igor_top:core|igor_rollout_tile:tiles[1].tile|arithmetic_fault                                                                          ; 0.690             ;
; igor_top:core|igor_rollout_tile:tiles[1].tile|x[15]        ; igor_top:core|igor_rollout_tile:tiles[1].tile|arithmetic_fault                                                                          ; 0.688             ;
; igor_uart_protocol:serial|respond_delay[3]                 ; igor_uart_protocol:serial|protocol_fault                                                                                                ; 0.687             ;
; igor_top:core|igor_rollout_tile:tiles[1].tile|x[16]        ; igor_top:core|igor_rollout_tile:tiles[1].tile|arithmetic_fault                                                                          ; 0.686             ;
; igor_uart_protocol:serial|respond_delay[2]                 ; igor_uart_protocol:serial|protocol_fault                                                                                                ; 0.686             ;
; igor_top:core|igor_rollout_tile:tiles[1].tile|x[5]         ; igor_top:core|igor_rollout_tile:tiles[1].tile|arithmetic_fault                                                                          ; 0.685             ;
; igor_top:core|igor_rollout_tile:tiles[1].tile|x[13]        ; igor_top:core|igor_rollout_tile:tiles[1].tile|arithmetic_fault                                                                          ; 0.684             ;
; igor_top:core|igor_rollout_tile:tiles[1].tile|x[6]         ; igor_top:core|igor_rollout_tile:tiles[1].tile|arithmetic_fault                                                                          ; 0.683             ;
; igor_top:core|igor_rollout_tile:tiles[1].tile|y[5]         ; igor_top:core|igor_rollout_tile:tiles[1].tile|arithmetic_fault                                                                          ; 0.683             ;
; igor_top:core|igor_rollout_tile:tiles[1].tile|y[6]         ; igor_top:core|igor_rollout_tile:tiles[1].tile|arithmetic_fault                                                                          ; 0.682             ;
; igor_top:core|igor_rollout_tile:tiles[1].tile|x[3]         ; igor_top:core|igor_rollout_tile:tiles[1].tile|arithmetic_fault                                                                          ; 0.682             ;
; igor_top:core|igor_rollout_tile:tiles[1].tile|y[23]        ; igor_top:core|igor_rollout_tile:tiles[1].tile|arithmetic_fault                                                                          ; 0.680             ;
; igor_top:core|igor_rollout_tile:tiles[1].tile|y[3]         ; igor_top:core|igor_rollout_tile:tiles[1].tile|arithmetic_fault                                                                          ; 0.680             ;
; igor_top:core|igor_rollout_tile:tiles[1].tile|x[23]        ; igor_top:core|igor_rollout_tile:tiles[1].tile|arithmetic_fault                                                                          ; 0.667             ;
; igor_uart_protocol:serial|payload[22]                      ; igor_top:core|igor_costmap_bank:tiles[1].memory|altsyncram:memory_rtl_0|altsyncram_lap1:auto_generated|ram_block1a30~porta_datain_reg0  ; 0.602             ;
; igor_uart_protocol:serial|payload[4]                       ; igor_neural_core:neural|loaded[12]                                                                                                      ; 0.593             ;
; igor_top:core|igor_rollout_tile:tiles[0].tile|x[9]         ; igor_top:core|igor_rollout_tile:tiles[0].tile|arithmetic_fault                                                                          ; 0.587             ;
; igor_top:core|igor_rollout_tile:tiles[0].tile|x[17]        ; igor_top:core|igor_rollout_tile:tiles[0].tile|arithmetic_fault                                                                          ; 0.586             ;
; igor_top:core|igor_rollout_tile:tiles[0].tile|y[17]        ; igor_top:core|igor_rollout_tile:tiles[0].tile|arithmetic_fault                                                                          ; 0.586             ;
; igor_top:core|igor_rollout_tile:tiles[0].tile|y[9]         ; igor_top:core|igor_rollout_tile:tiles[0].tile|arithmetic_fault                                                                          ; 0.586             ;
; igor_top:core|igor_rollout_tile:tiles[0].tile|x[8]         ; igor_top:core|igor_rollout_tile:tiles[0].tile|arithmetic_fault                                                                          ; 0.580             ;
; igor_top:core|igor_rollout_tile:tiles[0].tile|y[8]         ; igor_top:core|igor_rollout_tile:tiles[0].tile|arithmetic_fault                                                                          ; 0.580             ;
; igor_top:core|igor_rollout_tile:tiles[1].tile|cost_sum[27] ; igor_top:core|igor_rollout_tile:tiles[1].tile|legal                                                                                     ; 0.577             ;
; igor_top:core|igor_rollout_tile:tiles[3].tile|x[9]         ; igor_top:core|igor_rollout_tile:tiles[3].tile|arithmetic_fault                                                                          ; 0.576             ;
; igor_top:core|igor_rollout_tile:tiles[3].tile|y[17]        ; igor_top:core|igor_rollout_tile:tiles[3].tile|arithmetic_fault                                                                          ; 0.576             ;
; igor_top:core|igor_rollout_tile:tiles[2].tile|cost_sum[27] ; igor_top:core|igor_rollout_tile:tiles[2].tile|legal                                                                                     ; 0.575             ;
; igor_top:core|igor_rollout_tile:tiles[2].tile|y[17]        ; igor_top:core|igor_rollout_tile:tiles[2].tile|legal                                                                                     ; 0.574             ;
; igor_top:core|igor_rollout_tile:tiles[0].tile|x[19]        ; igor_top:core|igor_rollout_tile:tiles[0].tile|arithmetic_fault                                                                          ; 0.573             ;
; igor_top:core|igor_rollout_tile:tiles[0].tile|y[19]        ; igor_top:core|igor_rollout_tile:tiles[0].tile|arithmetic_fault                                                                          ; 0.573             ;
; igor_top:core|igor_rollout_tile:tiles[0].tile|y[11]        ; igor_top:core|igor_rollout_tile:tiles[0].tile|arithmetic_fault                                                                          ; 0.573             ;
; igor_top:core|igor_rollout_tile:tiles[2].tile|y[9]         ; igor_top:core|igor_rollout_tile:tiles[2].tile|legal                                                                                     ; 0.573             ;
; igor_top:core|igor_rollout_tile:tiles[0].tile|x[11]        ; igor_top:core|igor_rollout_tile:tiles[0].tile|arithmetic_fault                                                                          ; 0.572             ;
; igor_top:core|igor_rollout_tile:tiles[0].tile|x[5]         ; igor_top:core|igor_rollout_tile:tiles[0].tile|arithmetic_fault                                                                          ; 0.572             ;
; igor_top:core|igor_rollout_tile:tiles[0].tile|y[5]         ; igor_top:core|igor_rollout_tile:tiles[0].tile|arithmetic_fault                                                                          ; 0.572             ;
; igor_top:core|igor_rollout_tile:tiles[0].tile|x[22]        ; igor_top:core|igor_rollout_tile:tiles[0].tile|arithmetic_fault                                                                          ; 0.571             ;
; igor_top:core|igor_rollout_tile:tiles[0].tile|x[10]        ; igor_top:core|igor_rollout_tile:tiles[0].tile|arithmetic_fault                                                                          ; 0.571             ;
; igor_top:core|igor_rollout_tile:tiles[0].tile|x[2]         ; igor_top:core|igor_rollout_tile:tiles[0].tile|arithmetic_fault                                                                          ; 0.571             ;
; igor_top:core|igor_rollout_tile:tiles[0].tile|y[22]        ; igor_top:core|igor_rollout_tile:tiles[0].tile|arithmetic_fault                                                                          ; 0.571             ;
; igor_top:core|igor_rollout_tile:tiles[0].tile|y[10]        ; igor_top:core|igor_rollout_tile:tiles[0].tile|arithmetic_fault                                                                          ; 0.571             ;
; igor_top:core|igor_rollout_tile:tiles[0].tile|y[2]         ; igor_top:core|igor_rollout_tile:tiles[0].tile|arithmetic_fault                                                                          ; 0.571             ;
; igor_top:core|igor_rollout_tile:tiles[2].tile|x[17]        ; igor_top:core|igor_rollout_tile:tiles[2].tile|legal                                                                                     ; 0.570             ;
; igor_top:core|igor_rollout_tile:tiles[2].tile|y[8]         ; igor_top:core|igor_rollout_tile:tiles[2].tile|legal                                                                                     ; 0.570             ;
; igor_top:core|igor_rollout_tile:tiles[3].tile|x[8]         ; igor_top:core|igor_rollout_tile:tiles[3].tile|arithmetic_fault                                                                          ; 0.569             ;
; igor_top:core|igor_rollout_tile:tiles[3].tile|y[9]         ; igor_top:core|igor_rollout_tile:tiles[3].tile|arithmetic_fault                                                                          ; 0.569             ;
; igor_top:core|igor_rollout_tile:tiles[2].tile|x[9]         ; igor_top:core|igor_rollout_tile:tiles[2].tile|legal                                                                                     ; 0.568             ;
; igor_top:core|igor_rollout_tile:tiles[3].tile|x[17]        ; igor_top:core|igor_rollout_tile:tiles[3].tile|arithmetic_fault                                                                          ; 0.568             ;
; igor_top:core|igor_rollout_tile:tiles[2].tile|x[8]         ; igor_top:core|igor_rollout_tile:tiles[2].tile|legal                                                                                     ; 0.565             ;
; igor_top:core|igor_rollout_tile:tiles[2].tile|y[19]        ; igor_top:core|igor_rollout_tile:tiles[2].tile|legal                                                                                     ; 0.565             ;
; igor_top:core|igor_rollout_tile:tiles[2].tile|y[11]        ; igor_top:core|igor_rollout_tile:tiles[2].tile|legal                                                                                     ; 0.565             ;
; igor_top:core|igor_rollout_tile:tiles[2].tile|y[10]        ; igor_top:core|igor_rollout_tile:tiles[2].tile|legal                                                                                     ; 0.564             ;
; igor_top:core|igor_rollout_tile:tiles[2].tile|y[5]         ; igor_top:core|igor_rollout_tile:tiles[2].tile|legal                                                                                     ; 0.564             ;
; igor_top:core|igor_rollout_tile:tiles[2].tile|y[2]         ; igor_top:core|igor_rollout_tile:tiles[2].tile|legal                                                                                     ; 0.564             ;
; igor_top:core|igor_rollout_tile:tiles[3].tile|cost_sum[27] ; igor_top:core|igor_rollout_tile:tiles[3].tile|legal                                                                                     ; 0.564             ;
; igor_top:core|igor_rollout_tile:tiles[1].tile|cost_sum[29] ; igor_top:core|igor_rollout_tile:tiles[1].tile|legal                                                                                     ; 0.563             ;
; igor_top:core|igor_rollout_tile:tiles[0].tile|cost_sum[27] ; igor_top:core|igor_rollout_tile:tiles[0].tile|legal                                                                                     ; 0.563             ;
; igor_top:core|igor_rollout_tile:tiles[1].tile|cost_sum[21] ; igor_top:core|igor_rollout_tile:tiles[1].tile|legal                                                                                     ; 0.562             ;
; igor_top:core|igor_rollout_tile:tiles[3].tile|x[5]         ; igor_top:core|igor_rollout_tile:tiles[3].tile|arithmetic_fault                                                                          ; 0.562             ;
; igor_top:core|igor_rollout_tile:tiles[3].tile|y[19]        ; igor_top:core|igor_rollout_tile:tiles[3].tile|arithmetic_fault                                                                          ; 0.562             ;
; igor_top:core|igor_rollout_tile:tiles[3].tile|y[11]        ; igor_top:core|igor_rollout_tile:tiles[3].tile|arithmetic_fault                                                                          ; 0.562             ;
; igor_top:core|igor_rollout_tile:tiles[3].tile|y[8]         ; igor_top:core|igor_rollout_tile:tiles[3].tile|arithmetic_fault                                                                          ; 0.562             ;
; igor_top:core|igor_rollout_tile:tiles[2].tile|x[11]        ; igor_top:core|igor_rollout_tile:tiles[2].tile|legal                                                                                     ; 0.562             ;
; igor_neural_core:neural|accumulator[39]                    ; igor_neural_core:neural|accumulator[39]                                                                                                 ; 0.561             ;
; igor_top:core|igor_rollout_tile:tiles[1].tile|cost_sum[20] ; igor_top:core|igor_rollout_tile:tiles[1].tile|legal                                                                                     ; 0.561             ;
; igor_top:core|igor_rollout_tile:tiles[2].tile|x[19]        ; igor_top:core|igor_rollout_tile:tiles[2].tile|legal                                                                                     ; 0.561             ;
; igor_top:core|igor_rollout_tile:tiles[2].tile|x[10]        ; igor_top:core|igor_rollout_tile:tiles[2].tile|legal                                                                                     ; 0.561             ;
; igor_top:core|igor_rollout_tile:tiles[3].tile|x[2]         ; igor_top:core|igor_rollout_tile:tiles[3].tile|arithmetic_fault                                                                          ; 0.561             ;
; igor_top:core|igor_rollout_tile:tiles[2].tile|cost_sum[29] ; igor_top:core|igor_rollout_tile:tiles[2].tile|legal                                                                                     ; 0.560             ;
; igor_top:core|igor_rollout_tile:tiles[2].tile|cost_sum[21] ; igor_top:core|igor_rollout_tile:tiles[2].tile|legal                                                                                     ; 0.560             ;
; igor_top:core|igor_rollout_tile:tiles[2].tile|cost_sum[20] ; igor_top:core|igor_rollout_tile:tiles[2].tile|legal                                                                                     ; 0.560             ;
; igor_top:core|igor_rollout_tile:tiles[2].tile|x[22]        ; igor_top:core|igor_rollout_tile:tiles[2].tile|legal                                                                                     ; 0.560             ;
; igor_top:core|igor_rollout_tile:tiles[2].tile|x[5]         ; igor_top:core|igor_rollout_tile:tiles[2].tile|legal                                                                                     ; 0.560             ;
+------------------------------------------------------------+-----------------------------------------------------------------------------------------------------------------------------------------+-------------------+
Note: This table only shows the top 100 path(s) that have the largest delay added for hold.


+-----------------+
; Fitter Messages ;
+-----------------+
Info (20032): Parallel compilation is enabled and will use up to 4 processors
Info (119006): Selected device 5CSEBA6U23I7 for design "igor"
Info (21076): High junction temperature operating condition is not set. Assuming a default value of '100'.
Info (21076): Low junction temperature operating condition is not set. Assuming a default value of '-40'.
Info (171003): Fitter is performing an Auto Fit compilation, which may decrease Fitter effort to reduce compilation time
Warning (15714): Some pins have incomplete I/O assignments. Refer to the I/O Assignment Warnings report for details
Info (176045): Design uses memory blocks. Violating setup or hold times of memory block address registers for either read or write operations could cause memory contents to be corrupted. Make sure that all memory block address registers meet the setup and hold time requirements.
Info (184020): Starting Fitter periphery placement operations
Info (11191): Automatically promoted 1 clock (1 global)
    Info (11162): FPGA_CLK1_50~inputCLKENA0 with 1663 fanout uses global clock CLKCTRL_G4
Info (184021): Fitter periphery placement operations ending: elapsed time is 00:00:00
Info (176233): Starting register packing
Info (332104): Reading SDC File: 'igor.sdc'
Info (332151): Clock uncertainty is not calculated until you update the timing netlist.
Info (332123): Deriving Clock Uncertainty. Please refer to report_sdc in the Timing Analyzer to see clock uncertainties.
Info (332129): Detected timing requirements -- optimizing circuit to achieve only the specified requirements
Info (332111): Found 1 clocks
    Info (332111):   Period   Clock Name
    Info (332111): ======== ============
    Info (332111):   20.000 FPGA_CLK1_50
Info (176235): Finished register packing
    Extra Info (176218): Packed 55 registers into blocks of type DSP block
    Extra Info (176220): Created 39 register duplicates
Info (11798): Fitter preparation operations ending: elapsed time is 00:00:15
Info (170189): Fitter placement preparation operations beginning
Info (14951): The Fitter is using Advanced Physical Optimization.
Info (170190): Fitter placement preparation operations ending: elapsed time is 00:00:18
Info (170191): Fitter placement operations beginning
Info (170137): Fitter placement was successful
Info (170192): Fitter placement operations ending: elapsed time is 00:00:07
Info (170193): Fitter routing operations beginning
Info (170195): Router estimated average interconnect usage is 3% of the available device resources
    Info (170196): Router estimated peak interconnect usage is 18% of the available device resources in the region that extends from location X22_Y23 to location X32_Y34
Info (170199): The Fitter performed an Auto Fit compilation.  Optimizations were skipped to reduce compilation time.
    Info (170201): Optimizations that may affect the design's routability were skipped
    Info (170200): Optimizations that may affect the design's timing were skipped
Info (170194): Fitter routing operations ending: elapsed time is 00:00:08
Info (11888): Total time spent on timing analysis during the Fitter is 10.17 seconds.
Info (334003): Started post-fitting delay annotation
Info (334004): Delay annotation completed successfully
Info (334003): Started post-fitting delay annotation
Info (334004): Delay annotation completed successfully
Info (11801): Fitter post-fit operations ending: elapsed time is 00:00:21
Info (144001): Generated suppressed messages file C:/Users/William Anthony/Documents/Codex/2026-09-30/files-mentioned-by-the-user-draft/outputs/igor_20260930/quartus/output_files/igor.fit.smsg
Info: Quartus Prime Fitter was successful. 0 errors, 1 warning
    Info: Peak virtual memory: 6714 megabytes
    Info: Processing ended: Wed Sep 30 23:01:36 2026
    Info: Elapsed time: 00:01:58
    Info: Total CPU time (on all processors): 00:04:54


+----------------------------+
; Fitter Suppressed Messages ;
+----------------------------+
The suppressed messages can be found in C:/Users/William Anthony/Documents/Codex/2026-09-30/files-mentioned-by-the-user-draft/outputs/igor_20260930/quartus/output_files/igor.fit.smsg.


