Analysis & Synthesis report for igor
Tue Oct  6 16:51:29 2026
Quartus Prime Version 25.1std.0 Build 1129 10/21/2025 SC Standard Edition


---------------------
; Table of Contents ;
---------------------
  1. Legal Notice
  2. Analysis & Synthesis Summary
  3. Analysis & Synthesis Settings
  4. Parallel Compilation
  5. Analysis & Synthesis Source Files Read
  6. Analysis & Synthesis Resource Usage Summary
  7. Analysis & Synthesis Resource Utilization by Entity
  8. Analysis & Synthesis RAM Summary
  9. Analysis & Synthesis DSP Block Usage Summary
 10. State Machine - |igor_uart_top|igor_neural_core:neural|state
 11. State Machine - |igor_uart_top|igor_top:core|state
 12. State Machine - |igor_uart_top|igor_top:core|igor_rollout_tile:tiles[3].tile|state
 13. State Machine - |igor_uart_top|igor_top:core|igor_rollout_tile:tiles[2].tile|state
 14. State Machine - |igor_uart_top|igor_top:core|igor_rollout_tile:tiles[1].tile|state
 15. State Machine - |igor_uart_top|igor_top:core|igor_rollout_tile:tiles[0].tile|state
 16. State Machine - |igor_uart_top|igor_uart_protocol:serial|igor_uart_rx:receiver|state
 17. Registers Removed During Synthesis
 18. Removed Registers Triggering Further Register Optimizations
 19. General Register Statistics
 20. Inverted Register Statistics
 21. Registers Added for RAM Pass-Through Logic
 22. Registers Packed Into Inferred Megafunctions
 23. Multiplexer Restructuring Statistics (Restructuring Performed)
 24. Source assignments for igor_neural_core:neural|altsyncram:inputs_rtl_0|altsyncram_43n1:auto_generated
 25. Source assignments for igor_neural_core:neural|altsyncram:h1_rtl_0|altsyncram_e3n1:auto_generated
 26. Source assignments for igor_neural_core:neural|altsyncram:h2_rtl_0|altsyncram_e3n1:auto_generated
 27. Source assignments for igor_top:core|igor_costmap_bank:tiles[3].memory|altsyncram:memory_rtl_0|altsyncram_lap1:auto_generated
 28. Source assignments for igor_top:core|igor_costmap_bank:tiles[2].memory|altsyncram:memory_rtl_0|altsyncram_lap1:auto_generated
 29. Source assignments for igor_top:core|igor_costmap_bank:tiles[1].memory|altsyncram:memory_rtl_0|altsyncram_lap1:auto_generated
 30. Source assignments for igor_top:core|igor_costmap_bank:tiles[0].memory|altsyncram:memory_rtl_0|altsyncram_lap1:auto_generated
 31. Parameter Settings for User Entity Instance: Top-level Entity: |igor_uart_top
 32. Parameter Settings for User Entity Instance: igor_uart_protocol:serial
 33. Parameter Settings for User Entity Instance: igor_uart_protocol:serial|igor_uart_rx:receiver
 34. Parameter Settings for User Entity Instance: igor_uart_protocol:serial|igor_uart_tx:transmitter
 35. Parameter Settings for User Entity Instance: igor_top:core
 36. Parameter Settings for User Entity Instance: igor_top:core|igor_costmap_manager:maps
 37. Parameter Settings for User Entity Instance: igor_top:core|igor_rollout_tile:tiles[0].tile
 38. Parameter Settings for User Entity Instance: igor_top:core|igor_rollout_tile:tiles[1].tile
 39. Parameter Settings for User Entity Instance: igor_top:core|igor_rollout_tile:tiles[2].tile
 40. Parameter Settings for User Entity Instance: igor_top:core|igor_rollout_tile:tiles[3].tile
 41. Parameter Settings for User Entity Instance: igor_neural_rom:inspection_rom
 42. Parameter Settings for User Entity Instance: igor_neural_core:neural|igor_neural_rom:weights
 43. Parameter Settings for Inferred Entity Instance: igor_neural_core:neural|altsyncram:inputs_rtl_0
 44. Parameter Settings for Inferred Entity Instance: igor_neural_core:neural|altsyncram:h1_rtl_0
 45. Parameter Settings for Inferred Entity Instance: igor_neural_core:neural|altsyncram:h2_rtl_0
 46. Parameter Settings for Inferred Entity Instance: igor_top:core|igor_costmap_bank:tiles[3].memory|altsyncram:memory_rtl_0
 47. Parameter Settings for Inferred Entity Instance: igor_top:core|igor_costmap_bank:tiles[2].memory|altsyncram:memory_rtl_0
 48. Parameter Settings for Inferred Entity Instance: igor_top:core|igor_costmap_bank:tiles[1].memory|altsyncram:memory_rtl_0
 49. Parameter Settings for Inferred Entity Instance: igor_top:core|igor_costmap_bank:tiles[0].memory|altsyncram:memory_rtl_0
 50. altsyncram Parameter Settings by Entity Instance
 51. Port Connectivity Checks: "igor_top:core|igor_safety_security_gate:gate"
 52. Port Connectivity Checks: "igor_top:core|igor_rollout_tile:tiles[3].tile|igor_score_accumulator:acc"
 53. Port Connectivity Checks: "igor_top:core|igor_rollout_tile:tiles[2].tile|igor_score_accumulator:acc"
 54. Port Connectivity Checks: "igor_top:core|igor_rollout_tile:tiles[1].tile|igor_score_accumulator:acc"
 55. Port Connectivity Checks: "igor_top:core|igor_rollout_tile:tiles[0].tile|igor_score_accumulator:acc"
 56. Port Connectivity Checks: "igor_top:core|igor_costmap_manager:maps"
 57. Port Connectivity Checks: "igor_top:core"
 58. Post-Synthesis Netlist Statistics for Top Partition
 59. Elapsed Time Per Partition
 60. Analysis & Synthesis Messages



----------------
; Legal Notice ;
----------------
Copyright (C) 2025  Altera Corporation. All rights reserved.
Your use of Altera Corporation's design tools, logic functions 
and other software and tools, and any partner logic 
functions, and any output files from any of the foregoing 
(including device programming or simulation files), and any 
associated documentation or information are expressly subject 
to the terms and conditions of the Altera Program License 
Subscription Agreement, the Altera Quartus Prime License Agreement,
the Altera IP License Agreement, or other applicable license
agreement, including, without limitation, that your use is for
the sole purpose of programming logic devices manufactured by
Altera and sold by Altera or its authorized distributors.  Please
refer to the Altera Software License Subscription Agreements 
on the Quartus Prime software download page.



+---------------------------------------------------------------------------------------+
; Analysis & Synthesis Summary                                                          ;
+---------------------------------+-----------------------------------------------------+
; Analysis & Synthesis Status     ; Successful - Tue Oct  6 16:51:29 2026               ;
; Quartus Prime Version           ; 25.1std.0 Build 1129 10/21/2025 SC Standard Edition ;
; Revision Name                   ; igor                                                ;
; Top-level Entity Name           ; igor_uart_top                                       ;
; Family                          ; Cyclone V                                           ;
; Logic utilization (in ALMs)     ; N/A                                                 ;
; Total registers                 ; 1487                                                ;
; Total pins                      ; 17                                                  ;
; Total virtual pins              ; 0                                                   ;
; Total block memory bits         ; 1,051,008                                           ;
; Total DSP Blocks                ; 10                                                  ;
; Total HSSI RX PCSs              ; 0                                                   ;
; Total HSSI PMA RX Deserializers ; 0                                                   ;
; Total HSSI TX PCSs              ; 0                                                   ;
; Total HSSI PMA TX Serializers   ; 0                                                   ;
; Total PLLs                      ; 0                                                   ;
; Total DLLs                      ; 0                                                   ;
+---------------------------------+-----------------------------------------------------+


+---------------------------------------------------------------------------------------------------------------------------+
; Analysis & Synthesis Settings                                                                                             ;
+---------------------------------------------------------------------------------+--------------------+--------------------+
; Option                                                                          ; Setting            ; Default Value      ;
+---------------------------------------------------------------------------------+--------------------+--------------------+
; Device                                                                          ; 5CSEBA6U23I7       ;                    ;
; Top-level entity name                                                           ; igor_uart_top      ; igor               ;
; Family name                                                                     ; Cyclone V          ; Cyclone V          ;
; Maximum processors allowed for parallel compilation                             ; 4                  ;                    ;
; Use smart compilation                                                           ; Off                ; Off                ;
; Enable parallel Assembler and Timing Analyzer during compilation                ; On                 ; On                 ;
; Enable compact report table                                                     ; Off                ; Off                ;
; Restructure Multiplexers                                                        ; Auto               ; Auto               ;
; MLAB Add Timing Constraints For Mixed-Port Feed-Through Mode Setting Don't Care ; Off                ; Off                ;
; Create Debugging Nodes for IP Cores                                             ; Off                ; Off                ;
; Preserve fewer node names                                                       ; On                 ; On                 ;
; Intel FPGA IP Evaluation Mode                                                   ; Enable             ; Enable             ;
; Verilog Version                                                                 ; Verilog_2001       ; Verilog_2001       ;
; VHDL Version                                                                    ; VHDL_1993          ; VHDL_1993          ;
; State Machine Processing                                                        ; Auto               ; Auto               ;
; Safe State Machine                                                              ; Off                ; Off                ;
; Extract Verilog State Machines                                                  ; On                 ; On                 ;
; Extract VHDL State Machines                                                     ; On                 ; On                 ;
; Ignore Verilog initial constructs                                               ; Off                ; Off                ;
; Iteration limit for constant Verilog loops                                      ; 5000               ; 5000               ;
; Iteration limit for non-constant Verilog loops                                  ; 250                ; 250                ;
; Add Pass-Through Logic to Inferred RAMs                                         ; On                 ; On                 ;
; Infer RAMs from Raw Logic                                                       ; On                 ; On                 ;
; Parallel Synthesis                                                              ; On                 ; On                 ;
; DSP Block Balancing                                                             ; Auto               ; Auto               ;
; NOT Gate Push-Back                                                              ; On                 ; On                 ;
; Power-Up Don't Care                                                             ; On                 ; On                 ;
; Remove Redundant Logic Cells                                                    ; Off                ; Off                ;
; Remove Duplicate Registers                                                      ; On                 ; On                 ;
; Ignore CARRY Buffers                                                            ; Off                ; Off                ;
; Ignore CASCADE Buffers                                                          ; Off                ; Off                ;
; Ignore GLOBAL Buffers                                                           ; Off                ; Off                ;
; Ignore ROW GLOBAL Buffers                                                       ; Off                ; Off                ;
; Ignore LCELL Buffers                                                            ; Off                ; Off                ;
; Ignore SOFT Buffers                                                             ; On                 ; On                 ;
; Limit AHDL Integers to 32 Bits                                                  ; Off                ; Off                ;
; Optimization Technique                                                          ; Balanced           ; Balanced           ;
; Carry Chain Length                                                              ; 70                 ; 70                 ;
; Auto Carry Chains                                                               ; On                 ; On                 ;
; Auto Open-Drain Pins                                                            ; On                 ; On                 ;
; Perform WYSIWYG Primitive Resynthesis                                           ; Off                ; Off                ;
; Auto ROM Replacement                                                            ; On                 ; On                 ;
; Auto RAM Replacement                                                            ; On                 ; On                 ;
; Auto DSP Block Replacement                                                      ; On                 ; On                 ;
; Auto Shift Register Replacement                                                 ; Auto               ; Auto               ;
; Allow Shift Register Merging across Hierarchies                                 ; Auto               ; Auto               ;
; Auto Clock Enable Replacement                                                   ; On                 ; On                 ;
; Strict RAM Replacement                                                          ; Off                ; Off                ;
; Allow Synchronous Control Signals                                               ; On                 ; On                 ;
; Force Use of Synchronous Clear Signals                                          ; Off                ; Off                ;
; Auto Resource Sharing                                                           ; Off                ; Off                ;
; Allow Any RAM Size For Recognition                                              ; Off                ; Off                ;
; Allow Any ROM Size For Recognition                                              ; Off                ; Off                ;
; Allow Any Shift Register Size For Recognition                                   ; Off                ; Off                ;
; Use LogicLock Constraints during Resource Balancing                             ; On                 ; On                 ;
; Ignore translate_off and synthesis_off directives                               ; Off                ; Off                ;
; Timing-Driven Synthesis                                                         ; On                 ; On                 ;
; Report Parameter Settings                                                       ; On                 ; On                 ;
; Report Source Assignments                                                       ; On                 ; On                 ;
; Report Connectivity Checks                                                      ; On                 ; On                 ;
; Ignore Maximum Fan-Out Assignments                                              ; Off                ; Off                ;
; Synchronization Register Chain Length                                           ; 3                  ; 3                  ;
; Power Optimization During Synthesis                                             ; Normal compilation ; Normal compilation ;
; HDL message level                                                               ; Level2             ; Level2             ;
; Suppress Register Optimization Related Messages                                 ; Off                ; Off                ;
; Number of Removed Registers Reported in Synthesis Report                        ; 5000               ; 5000               ;
; Number of Swept Nodes Reported in Synthesis Report                              ; 5000               ; 5000               ;
; Number of Inverted Registers Reported in Synthesis Report                       ; 100                ; 100                ;
; Clock MUX Protection                                                            ; On                 ; On                 ;
; Auto Gated Clock Conversion                                                     ; Off                ; Off                ;
; Block Design Naming                                                             ; Auto               ; Auto               ;
; SDC constraint protection                                                       ; Off                ; Off                ;
; Synthesis Effort                                                                ; Auto               ; Auto               ;
; Shift Register Replacement - Allow Asynchronous Clear Signal                    ; On                 ; On                 ;
; Pre-Mapping Resynthesis Optimization                                            ; Off                ; Off                ;
; Analysis & Synthesis Message Level                                              ; Medium             ; Medium             ;
; Disable Register Merging Across Hierarchies                                     ; Auto               ; Auto               ;
; Resource Aware Inference For Block RAM                                          ; On                 ; On                 ;
; Automatic Parallel Synthesis                                                    ; On                 ; On                 ;
; Partial Reconfiguration Bitstream ID                                            ; Off                ; Off                ;
+---------------------------------------------------------------------------------+--------------------+--------------------+


+------------------------------------------+
; Parallel Compilation                     ;
+----------------------------+-------------+
; Processors                 ; Number      ;
+----------------------------+-------------+
; Number detected on machine ; 12          ;
; Maximum allowed            ; 4           ;
;                            ;             ;
; Average used               ; 1.00        ;
; Maximum used               ; 4           ;
;                            ;             ;
; Usage by Processor         ; % Time Used ;
;     Processor 1            ; 100.0%      ;
;     Processor 2            ;   0.0%      ;
;     Processor 3            ;   0.0%      ;
;     Processor 4            ;   0.0%      ;
+----------------------------+-------------+


+----------------------------------------------------------------------------------------------------------------------------------------------------------------------------------------------------------------------------------------------------------------------------------------+
; Analysis & Synthesis Source Files Read                                                                                                                                                                                                                                                 ;
+---------------------------------------+-----------------+------------------------------+-------------------------------------------------------------------------------------------------------------------------------------------------------------------------------------+---------+
; File Name with User-Entered Path      ; Used in Netlist ; File Type                    ; File Name with Absolute Path                                                                                                                                                        ; Library ;
+---------------------------------------+-----------------+------------------------------+-------------------------------------------------------------------------------------------------------------------------------------------------------------------------------------+---------+
; ../rtl/igor_best_candidate_selector.v ; yes             ; User Verilog HDL File        ; C:/Users/William Anthony/Documents/Codex/2026-09-30/files-mentioned-by-the-user-draft/outputs/IGOR_VERIFICATION_ASIC_DELIVERABLES/fpga_de10_nano/rtl/igor_best_candidate_selector.v ;         ;
; ../rtl/igor_candidate_generator.v     ; yes             ; User Verilog HDL File        ; C:/Users/William Anthony/Documents/Codex/2026-09-30/files-mentioned-by-the-user-draft/outputs/IGOR_VERIFICATION_ASIC_DELIVERABLES/fpga_de10_nano/rtl/igor_candidate_generator.v     ;         ;
; ../rtl/igor_config_registers.v        ; yes             ; User Verilog HDL File        ; C:/Users/William Anthony/Documents/Codex/2026-09-30/files-mentioned-by-the-user-draft/outputs/IGOR_VERIFICATION_ASIC_DELIVERABLES/fpga_de10_nano/rtl/igor_config_registers.v        ;         ;
; ../rtl/igor_costmap_bank.v            ; yes             ; User Verilog HDL File        ; C:/Users/William Anthony/Documents/Codex/2026-09-30/files-mentioned-by-the-user-draft/outputs/IGOR_VERIFICATION_ASIC_DELIVERABLES/fpga_de10_nano/rtl/igor_costmap_bank.v            ;         ;
; ../rtl/igor_costmap_manager.v         ; yes             ; User Verilog HDL File        ; C:/Users/William Anthony/Documents/Codex/2026-09-30/files-mentioned-by-the-user-draft/outputs/IGOR_VERIFICATION_ASIC_DELIVERABLES/fpga_de10_nano/rtl/igor_costmap_manager.v         ;         ;
; ../rtl/igor_kinematic_step.v          ; yes             ; User Verilog HDL File        ; C:/Users/William Anthony/Documents/Codex/2026-09-30/files-mentioned-by-the-user-draft/outputs/IGOR_VERIFICATION_ASIC_DELIVERABLES/fpga_de10_nano/rtl/igor_kinematic_step.v          ;         ;
; ../rtl/igor_rollout_tile.v            ; yes             ; User Verilog HDL File        ; C:/Users/William Anthony/Documents/Codex/2026-09-30/files-mentioned-by-the-user-draft/outputs/IGOR_VERIFICATION_ASIC_DELIVERABLES/fpga_de10_nano/rtl/igor_rollout_tile.v            ;         ;
; ../rtl/igor_safety_security_gate.v    ; yes             ; User Verilog HDL File        ; C:/Users/William Anthony/Documents/Codex/2026-09-30/files-mentioned-by-the-user-draft/outputs/IGOR_VERIFICATION_ASIC_DELIVERABLES/fpga_de10_nano/rtl/igor_safety_security_gate.v    ;         ;
; ../rtl/igor_score_accumulator.v       ; yes             ; User Verilog HDL File        ; C:/Users/William Anthony/Documents/Codex/2026-09-30/files-mentioned-by-the-user-draft/outputs/IGOR_VERIFICATION_ASIC_DELIVERABLES/fpga_de10_nano/rtl/igor_score_accumulator.v       ;         ;
; ../rtl/igor_status_logger.v           ; yes             ; User Verilog HDL File        ; C:/Users/William Anthony/Documents/Codex/2026-09-30/files-mentioned-by-the-user-draft/outputs/IGOR_VERIFICATION_ASIC_DELIVERABLES/fpga_de10_nano/rtl/igor_status_logger.v           ;         ;
; ../rtl/igor_top.v                     ; yes             ; User Verilog HDL File        ; C:/Users/William Anthony/Documents/Codex/2026-09-30/files-mentioned-by-the-user-draft/outputs/IGOR_VERIFICATION_ASIC_DELIVERABLES/fpga_de10_nano/rtl/igor_top.v                     ;         ;
; ../rtl/igor_trig_lut.v                ; yes             ; User Verilog HDL File        ; C:/Users/William Anthony/Documents/Codex/2026-09-30/files-mentioned-by-the-user-draft/outputs/IGOR_VERIFICATION_ASIC_DELIVERABLES/fpga_de10_nano/rtl/igor_trig_lut.v                ;         ;
; ../rtl/igor_neural_core.v             ; yes             ; User Verilog HDL File        ; C:/Users/William Anthony/Documents/Codex/2026-09-30/files-mentioned-by-the-user-draft/outputs/IGOR_VERIFICATION_ASIC_DELIVERABLES/fpga_de10_nano/rtl/igor_neural_core.v             ;         ;
; ../rtl/igor_neural_rom.v              ; yes             ; User Verilog HDL File        ; C:/Users/William Anthony/Documents/Codex/2026-09-30/files-mentioned-by-the-user-draft/outputs/IGOR_VERIFICATION_ASIC_DELIVERABLES/fpga_de10_nano/rtl/igor_neural_rom.v              ;         ;
; ../rtl/igor_uart_protocol.v           ; yes             ; User Verilog HDL File        ; C:/Users/William Anthony/Documents/Codex/2026-09-30/files-mentioned-by-the-user-draft/outputs/IGOR_VERIFICATION_ASIC_DELIVERABLES/fpga_de10_nano/rtl/igor_uart_protocol.v           ;         ;
; ../rtl/igor_uart_rx.v                 ; yes             ; User Verilog HDL File        ; C:/Users/William Anthony/Documents/Codex/2026-09-30/files-mentioned-by-the-user-draft/outputs/IGOR_VERIFICATION_ASIC_DELIVERABLES/fpga_de10_nano/rtl/igor_uart_rx.v                 ;         ;
; ../rtl/igor_uart_top.v                ; yes             ; User Verilog HDL File        ; C:/Users/William Anthony/Documents/Codex/2026-09-30/files-mentioned-by-the-user-draft/outputs/IGOR_VERIFICATION_ASIC_DELIVERABLES/fpga_de10_nano/rtl/igor_uart_top.v                ;         ;
; ../rtl/igor_uart_tx.v                 ; yes             ; User Verilog HDL File        ; C:/Users/William Anthony/Documents/Codex/2026-09-30/files-mentioned-by-the-user-draft/outputs/IGOR_VERIFICATION_ASIC_DELIVERABLES/fpga_de10_nano/rtl/igor_uart_tx.v                 ;         ;
; altsyncram.tdf                        ; yes             ; Megafunction                 ; d:/quartus-program/quartus/libraries/megafunctions/altsyncram.tdf                                                                                                                   ;         ;
; stratix_ram_block.inc                 ; yes             ; Megafunction                 ; d:/quartus-program/quartus/libraries/megafunctions/stratix_ram_block.inc                                                                                                            ;         ;
; lpm_mux.inc                           ; yes             ; Megafunction                 ; d:/quartus-program/quartus/libraries/megafunctions/lpm_mux.inc                                                                                                                      ;         ;
; lpm_decode.inc                        ; yes             ; Megafunction                 ; d:/quartus-program/quartus/libraries/megafunctions/lpm_decode.inc                                                                                                                   ;         ;
; aglobal251.inc                        ; yes             ; Megafunction                 ; d:/quartus-program/quartus/libraries/megafunctions/aglobal251.inc                                                                                                                   ;         ;
; a_rdenreg.inc                         ; yes             ; Megafunction                 ; d:/quartus-program/quartus/libraries/megafunctions/a_rdenreg.inc                                                                                                                    ;         ;
; altrom.inc                            ; yes             ; Megafunction                 ; d:/quartus-program/quartus/libraries/megafunctions/altrom.inc                                                                                                                       ;         ;
; altram.inc                            ; yes             ; Megafunction                 ; d:/quartus-program/quartus/libraries/megafunctions/altram.inc                                                                                                                       ;         ;
; altdpram.inc                          ; yes             ; Megafunction                 ; d:/quartus-program/quartus/libraries/megafunctions/altdpram.inc                                                                                                                     ;         ;
; db/altsyncram_43n1.tdf                ; yes             ; Auto-Generated Megafunction  ; C:/Users/William Anthony/Documents/Codex/2026-09-30/files-mentioned-by-the-user-draft/outputs/IGOR_VERIFICATION_ASIC_DELIVERABLES/fpga_de10_nano/quartus/db/altsyncram_43n1.tdf     ;         ;
; db/altsyncram_e3n1.tdf                ; yes             ; Auto-Generated Megafunction  ; C:/Users/William Anthony/Documents/Codex/2026-09-30/files-mentioned-by-the-user-draft/outputs/IGOR_VERIFICATION_ASIC_DELIVERABLES/fpga_de10_nano/quartus/db/altsyncram_e3n1.tdf     ;         ;
; db/altsyncram_lap1.tdf                ; yes             ; Auto-Generated Megafunction  ; C:/Users/William Anthony/Documents/Codex/2026-09-30/files-mentioned-by-the-user-draft/outputs/IGOR_VERIFICATION_ASIC_DELIVERABLES/fpga_de10_nano/quartus/db/altsyncram_lap1.tdf     ;         ;
; db/decode_8la.tdf                     ; yes             ; Auto-Generated Megafunction  ; C:/Users/William Anthony/Documents/Codex/2026-09-30/files-mentioned-by-the-user-draft/outputs/IGOR_VERIFICATION_ASIC_DELIVERABLES/fpga_de10_nano/quartus/db/decode_8la.tdf          ;         ;
; db/mux_ofb.tdf                        ; yes             ; Auto-Generated Megafunction  ; C:/Users/William Anthony/Documents/Codex/2026-09-30/files-mentioned-by-the-user-draft/outputs/IGOR_VERIFICATION_ASIC_DELIVERABLES/fpga_de10_nano/quartus/db/mux_ofb.tdf             ;         ;
+---------------------------------------+-----------------+------------------------------+-------------------------------------------------------------------------------------------------------------------------------------------------------------------------------------+---------+


+------------------------------------------------------------------+
; Analysis & Synthesis Resource Usage Summary                      ;
+---------------------------------------------+--------------------+
; Resource                                    ; Usage              ;
+---------------------------------------------+--------------------+
; Estimate of Logic utilization (ALMs needed) ; 4927               ;
;                                             ;                    ;
; Combinational ALUT usage for logic          ; 6403               ;
;     -- 7 input functions                    ; 520                ;
;     -- 6 input functions                    ; 2878               ;
;     -- 5 input functions                    ; 414                ;
;     -- 4 input functions                    ; 489                ;
;     -- <=3 input functions                  ; 2102               ;
;                                             ;                    ;
; Dedicated logic registers                   ; 1487               ;
;                                             ;                    ;
; I/O pins                                    ; 17                 ;
; Total MLAB memory bits                      ; 0                  ;
; Total block memory bits                     ; 1051008            ;
;                                             ;                    ;
; Total DSP Blocks                            ; 10                 ;
;                                             ;                    ;
; Maximum fan-out node                        ; FPGA_CLK1_50~input ;
; Maximum fan-out                             ; 1663               ;
; Total fan-out                               ; 41003              ;
; Average fan-out                             ; 5.06               ;
+---------------------------------------------+--------------------+


+-------------------------------------------------------------------------------------------------------------------------------------------------------------------------------------------------------------------------------------------------------------------------------------------------------------------------------------------------+
; Analysis & Synthesis Resource Utilization by Entity                                                                                                                                                                                                                                                                                             ;
+-----------------------------------------------+---------------------+---------------------------+-------------------+------------+------+--------------+------------------------------------------------------------------------------------------------------------------------------------------+------------------------------+--------------+
; Compilation Hierarchy Node                    ; Combinational ALUTs ; Dedicated Logic Registers ; Block Memory Bits ; DSP Blocks ; Pins ; Virtual Pins ; Full Hierarchy Name                                                                                                                      ; Entity Name                  ; Library Name ;
+-----------------------------------------------+---------------------+---------------------------+-------------------+------------+------+--------------+------------------------------------------------------------------------------------------------------------------------------------------+------------------------------+--------------+
; |igor_uart_top                                ; 6403 (87)           ; 1487 (7)                  ; 1051008           ; 10         ; 17   ; 0            ; |igor_uart_top                                                                                                                           ; igor_uart_top                ; work         ;
;    |igor_neural_core:neural|                  ; 1642 (321)          ; 360 (348)                 ; 2432              ; 2          ; 0    ; 0            ; |igor_uart_top|igor_neural_core:neural                                                                                                   ; igor_neural_core             ; work         ;
;       |altsyncram:h1_rtl_0|                   ; 0 (0)               ; 0 (0)                     ; 1024              ; 0          ; 0    ; 0            ; |igor_uart_top|igor_neural_core:neural|altsyncram:h1_rtl_0                                                                               ; altsyncram                   ; work         ;
;          |altsyncram_e3n1:auto_generated|     ; 0 (0)               ; 0 (0)                     ; 1024              ; 0          ; 0    ; 0            ; |igor_uart_top|igor_neural_core:neural|altsyncram:h1_rtl_0|altsyncram_e3n1:auto_generated                                                ; altsyncram_e3n1              ; work         ;
;       |altsyncram:h2_rtl_0|                   ; 0 (0)               ; 0 (0)                     ; 1024              ; 0          ; 0    ; 0            ; |igor_uart_top|igor_neural_core:neural|altsyncram:h2_rtl_0                                                                               ; altsyncram                   ; work         ;
;          |altsyncram_e3n1:auto_generated|     ; 0 (0)               ; 0 (0)                     ; 1024              ; 0          ; 0    ; 0            ; |igor_uart_top|igor_neural_core:neural|altsyncram:h2_rtl_0|altsyncram_e3n1:auto_generated                                                ; altsyncram_e3n1              ; work         ;
;       |altsyncram:inputs_rtl_0|               ; 0 (0)               ; 0 (0)                     ; 384               ; 0          ; 0    ; 0            ; |igor_uart_top|igor_neural_core:neural|altsyncram:inputs_rtl_0                                                                           ; altsyncram                   ; work         ;
;          |altsyncram_43n1:auto_generated|     ; 0 (0)               ; 0 (0)                     ; 384               ; 0          ; 0    ; 0            ; |igor_uart_top|igor_neural_core:neural|altsyncram:inputs_rtl_0|altsyncram_43n1:auto_generated                                            ; altsyncram_43n1              ; work         ;
;       |igor_neural_rom:weights|               ; 1321 (1321)         ; 12 (12)                   ; 0                 ; 0          ; 0    ; 0            ; |igor_uart_top|igor_neural_core:neural|igor_neural_rom:weights                                                                           ; igor_neural_rom              ; work         ;
;    |igor_neural_rom:inspection_rom|           ; 1322 (1322)         ; 12 (12)                   ; 0                 ; 0          ; 0    ; 0            ; |igor_uart_top|igor_neural_rom:inspection_rom                                                                                            ; igor_neural_rom              ; work         ;
;    |igor_top:core|                            ; 3070 (85)           ; 843 (93)                  ; 1048576           ; 8          ; 0    ; 0            ; |igor_uart_top|igor_top:core                                                                                                             ; igor_top                     ; work         ;
;       |igor_best_candidate_selector:selector| ; 263 (263)           ; 0 (0)                     ; 0                 ; 0          ; 0    ; 0            ; |igor_uart_top|igor_top:core|igor_best_candidate_selector:selector                                                                       ; igor_best_candidate_selector ; work         ;
;       |igor_config_registers:cfg|             ; 12 (12)             ; 22 (22)                   ; 0                 ; 0          ; 0    ; 0            ; |igor_uart_top|igor_top:core|igor_config_registers:cfg                                                                                   ; igor_config_registers        ; work         ;
;       |igor_costmap_bank:tiles[0].memory|     ; 12 (0)              ; 2 (0)                     ; 262144            ; 0          ; 0    ; 0            ; |igor_uart_top|igor_top:core|igor_costmap_bank:tiles[0].memory                                                                           ; igor_costmap_bank            ; work         ;
;          |altsyncram:memory_rtl_0|            ; 12 (0)              ; 2 (0)                     ; 262144            ; 0          ; 0    ; 0            ; |igor_uart_top|igor_top:core|igor_costmap_bank:tiles[0].memory|altsyncram:memory_rtl_0                                                   ; altsyncram                   ; work         ;
;             |altsyncram_lap1:auto_generated|  ; 12 (0)              ; 2 (2)                     ; 262144            ; 0          ; 0    ; 0            ; |igor_uart_top|igor_top:core|igor_costmap_bank:tiles[0].memory|altsyncram:memory_rtl_0|altsyncram_lap1:auto_generated                    ; altsyncram_lap1              ; work         ;
;                |decode_8la:decode2|           ; 4 (4)               ; 0 (0)                     ; 0                 ; 0          ; 0    ; 0            ; |igor_uart_top|igor_top:core|igor_costmap_bank:tiles[0].memory|altsyncram:memory_rtl_0|altsyncram_lap1:auto_generated|decode_8la:decode2 ; decode_8la                   ; work         ;
;                |mux_ofb:mux3|                 ; 8 (8)               ; 0 (0)                     ; 0                 ; 0          ; 0    ; 0            ; |igor_uart_top|igor_top:core|igor_costmap_bank:tiles[0].memory|altsyncram:memory_rtl_0|altsyncram_lap1:auto_generated|mux_ofb:mux3       ; mux_ofb                      ; work         ;
;       |igor_costmap_bank:tiles[1].memory|     ; 8 (0)               ; 2 (0)                     ; 262144            ; 0          ; 0    ; 0            ; |igor_uart_top|igor_top:core|igor_costmap_bank:tiles[1].memory                                                                           ; igor_costmap_bank            ; work         ;
;          |altsyncram:memory_rtl_0|            ; 8 (0)               ; 2 (0)                     ; 262144            ; 0          ; 0    ; 0            ; |igor_uart_top|igor_top:core|igor_costmap_bank:tiles[1].memory|altsyncram:memory_rtl_0                                                   ; altsyncram                   ; work         ;
;             |altsyncram_lap1:auto_generated|  ; 8 (0)               ; 2 (2)                     ; 262144            ; 0          ; 0    ; 0            ; |igor_uart_top|igor_top:core|igor_costmap_bank:tiles[1].memory|altsyncram:memory_rtl_0|altsyncram_lap1:auto_generated                    ; altsyncram_lap1              ; work         ;
;                |mux_ofb:mux3|                 ; 8 (8)               ; 0 (0)                     ; 0                 ; 0          ; 0    ; 0            ; |igor_uart_top|igor_top:core|igor_costmap_bank:tiles[1].memory|altsyncram:memory_rtl_0|altsyncram_lap1:auto_generated|mux_ofb:mux3       ; mux_ofb                      ; work         ;
;       |igor_costmap_bank:tiles[2].memory|     ; 8 (0)               ; 2 (0)                     ; 262144            ; 0          ; 0    ; 0            ; |igor_uart_top|igor_top:core|igor_costmap_bank:tiles[2].memory                                                                           ; igor_costmap_bank            ; work         ;
;          |altsyncram:memory_rtl_0|            ; 8 (0)               ; 2 (0)                     ; 262144            ; 0          ; 0    ; 0            ; |igor_uart_top|igor_top:core|igor_costmap_bank:tiles[2].memory|altsyncram:memory_rtl_0                                                   ; altsyncram                   ; work         ;
;             |altsyncram_lap1:auto_generated|  ; 8 (0)               ; 2 (2)                     ; 262144            ; 0          ; 0    ; 0            ; |igor_uart_top|igor_top:core|igor_costmap_bank:tiles[2].memory|altsyncram:memory_rtl_0|altsyncram_lap1:auto_generated                    ; altsyncram_lap1              ; work         ;
;                |mux_ofb:mux3|                 ; 8 (8)               ; 0 (0)                     ; 0                 ; 0          ; 0    ; 0            ; |igor_uart_top|igor_top:core|igor_costmap_bank:tiles[2].memory|altsyncram:memory_rtl_0|altsyncram_lap1:auto_generated|mux_ofb:mux3       ; mux_ofb                      ; work         ;
;       |igor_costmap_bank:tiles[3].memory|     ; 8 (0)               ; 2 (0)                     ; 262144            ; 0          ; 0    ; 0            ; |igor_uart_top|igor_top:core|igor_costmap_bank:tiles[3].memory                                                                           ; igor_costmap_bank            ; work         ;
;          |altsyncram:memory_rtl_0|            ; 8 (0)               ; 2 (0)                     ; 262144            ; 0          ; 0    ; 0            ; |igor_uart_top|igor_top:core|igor_costmap_bank:tiles[3].memory|altsyncram:memory_rtl_0                                                   ; altsyncram                   ; work         ;
;             |altsyncram_lap1:auto_generated|  ; 8 (0)               ; 2 (2)                     ; 262144            ; 0          ; 0    ; 0            ; |igor_uart_top|igor_top:core|igor_costmap_bank:tiles[3].memory|altsyncram:memory_rtl_0|altsyncram_lap1:auto_generated                    ; altsyncram_lap1              ; work         ;
;                |mux_ofb:mux3|                 ; 8 (8)               ; 0 (0)                     ; 0                 ; 0          ; 0    ; 0            ; |igor_uart_top|igor_top:core|igor_costmap_bank:tiles[3].memory|altsyncram:memory_rtl_0|altsyncram_lap1:auto_generated|mux_ofb:mux3       ; mux_ofb                      ; work         ;
;       |igor_costmap_manager:maps|             ; 144 (144)           ; 115 (115)                 ; 0                 ; 0          ; 0    ; 0            ; |igor_uart_top|igor_top:core|igor_costmap_manager:maps                                                                                   ; igor_costmap_manager         ; work         ;
;       |igor_rollout_tile:tiles[0].tile|       ; 537 (375)           ; 148 (148)                 ; 0                 ; 2          ; 0    ; 0            ; |igor_uart_top|igor_top:core|igor_rollout_tile:tiles[0].tile                                                                             ; igor_rollout_tile            ; work         ;
;          |igor_candidate_generator:gen|       ; 41 (41)             ; 0 (0)                     ; 0                 ; 0          ; 0    ; 0            ; |igor_uart_top|igor_top:core|igor_rollout_tile:tiles[0].tile|igor_candidate_generator:gen                                                ; igor_candidate_generator     ; work         ;
;          |igor_kinematic_step:stepper|        ; 88 (56)             ; 0 (0)                     ; 0                 ; 2          ; 0    ; 0            ; |igor_uart_top|igor_top:core|igor_rollout_tile:tiles[0].tile|igor_kinematic_step:stepper                                                 ; igor_kinematic_step          ; work         ;
;             |igor_trig_lut:c|                 ; 16 (16)             ; 0 (0)                     ; 0                 ; 0          ; 0    ; 0            ; |igor_uart_top|igor_top:core|igor_rollout_tile:tiles[0].tile|igor_kinematic_step:stepper|igor_trig_lut:c                                 ; igor_trig_lut                ; work         ;
;             |igor_trig_lut:s|                 ; 16 (16)             ; 0 (0)                     ; 0                 ; 0          ; 0    ; 0            ; |igor_uart_top|igor_top:core|igor_rollout_tile:tiles[0].tile|igor_kinematic_step:stepper|igor_trig_lut:s                                 ; igor_trig_lut                ; work         ;
;          |igor_score_accumulator:acc|         ; 33 (33)             ; 0 (0)                     ; 0                 ; 0          ; 0    ; 0            ; |igor_uart_top|igor_top:core|igor_rollout_tile:tiles[0].tile|igor_score_accumulator:acc                                                  ; igor_score_accumulator       ; work         ;
;       |igor_rollout_tile:tiles[1].tile|       ; 648 (378)           ; 152 (152)                 ; 0                 ; 2          ; 0    ; 0            ; |igor_uart_top|igor_top:core|igor_rollout_tile:tiles[1].tile                                                                             ; igor_rollout_tile            ; work         ;
;          |igor_candidate_generator:gen|       ; 47 (47)             ; 0 (0)                     ; 0                 ; 0          ; 0    ; 0            ; |igor_uart_top|igor_top:core|igor_rollout_tile:tiles[1].tile|igor_candidate_generator:gen                                                ; igor_candidate_generator     ; work         ;
;          |igor_kinematic_step:stepper|        ; 190 (59)            ; 0 (0)                     ; 0                 ; 2          ; 0    ; 0            ; |igor_uart_top|igor_top:core|igor_rollout_tile:tiles[1].tile|igor_kinematic_step:stepper                                                 ; igor_kinematic_step          ; work         ;
;             |igor_trig_lut:c|                 ; 72 (72)             ; 0 (0)                     ; 0                 ; 0          ; 0    ; 0            ; |igor_uart_top|igor_top:core|igor_rollout_tile:tiles[1].tile|igor_kinematic_step:stepper|igor_trig_lut:c                                 ; igor_trig_lut                ; work         ;
;             |igor_trig_lut:s|                 ; 59 (59)             ; 0 (0)                     ; 0                 ; 0          ; 0    ; 0            ; |igor_uart_top|igor_top:core|igor_rollout_tile:tiles[1].tile|igor_kinematic_step:stepper|igor_trig_lut:s                                 ; igor_trig_lut                ; work         ;
;          |igor_score_accumulator:acc|         ; 33 (33)             ; 0 (0)                     ; 0                 ; 0          ; 0    ; 0            ; |igor_uart_top|igor_top:core|igor_rollout_tile:tiles[1].tile|igor_score_accumulator:acc                                                  ; igor_score_accumulator       ; work         ;
;       |igor_rollout_tile:tiles[2].tile|       ; 597 (379)           ; 151 (151)                 ; 0                 ; 2          ; 0    ; 0            ; |igor_uart_top|igor_top:core|igor_rollout_tile:tiles[2].tile                                                                             ; igor_rollout_tile            ; work         ;
;          |igor_candidate_generator:gen|       ; 41 (41)             ; 0 (0)                     ; 0                 ; 0          ; 0    ; 0            ; |igor_uart_top|igor_top:core|igor_rollout_tile:tiles[2].tile|igor_candidate_generator:gen                                                ; igor_candidate_generator     ; work         ;
;          |igor_kinematic_step:stepper|        ; 144 (58)            ; 0 (0)                     ; 0                 ; 2          ; 0    ; 0            ; |igor_uart_top|igor_top:core|igor_rollout_tile:tiles[2].tile|igor_kinematic_step:stepper                                                 ; igor_kinematic_step          ; work         ;
;             |igor_trig_lut:c|                 ; 44 (44)             ; 0 (0)                     ; 0                 ; 0          ; 0    ; 0            ; |igor_uart_top|igor_top:core|igor_rollout_tile:tiles[2].tile|igor_kinematic_step:stepper|igor_trig_lut:c                                 ; igor_trig_lut                ; work         ;
;             |igor_trig_lut:s|                 ; 42 (42)             ; 0 (0)                     ; 0                 ; 0          ; 0    ; 0            ; |igor_uart_top|igor_top:core|igor_rollout_tile:tiles[2].tile|igor_kinematic_step:stepper|igor_trig_lut:s                                 ; igor_trig_lut                ; work         ;
;          |igor_score_accumulator:acc|         ; 33 (33)             ; 0 (0)                     ; 0                 ; 0          ; 0    ; 0            ; |igor_uart_top|igor_top:core|igor_rollout_tile:tiles[2].tile|igor_score_accumulator:acc                                                  ; igor_score_accumulator       ; work         ;
;       |igor_rollout_tile:tiles[3].tile|       ; 651 (382)           ; 154 (154)                 ; 0                 ; 2          ; 0    ; 0            ; |igor_uart_top|igor_top:core|igor_rollout_tile:tiles[3].tile                                                                             ; igor_rollout_tile            ; work         ;
;          |igor_candidate_generator:gen|       ; 46 (46)             ; 0 (0)                     ; 0                 ; 0          ; 0    ; 0            ; |igor_uart_top|igor_top:core|igor_rollout_tile:tiles[3].tile|igor_candidate_generator:gen                                                ; igor_candidate_generator     ; work         ;
;          |igor_kinematic_step:stepper|        ; 190 (59)            ; 0 (0)                     ; 0                 ; 2          ; 0    ; 0            ; |igor_uart_top|igor_top:core|igor_rollout_tile:tiles[3].tile|igor_kinematic_step:stepper                                                 ; igor_kinematic_step          ; work         ;
;             |igor_trig_lut:c|                 ; 72 (72)             ; 0 (0)                     ; 0                 ; 0          ; 0    ; 0            ; |igor_uart_top|igor_top:core|igor_rollout_tile:tiles[3].tile|igor_kinematic_step:stepper|igor_trig_lut:c                                 ; igor_trig_lut                ; work         ;
;             |igor_trig_lut:s|                 ; 59 (59)             ; 0 (0)                     ; 0                 ; 0          ; 0    ; 0            ; |igor_uart_top|igor_top:core|igor_rollout_tile:tiles[3].tile|igor_kinematic_step:stepper|igor_trig_lut:s                                 ; igor_trig_lut                ; work         ;
;          |igor_score_accumulator:acc|         ; 33 (33)             ; 0 (0)                     ; 0                 ; 0          ; 0    ; 0            ; |igor_uart_top|igor_top:core|igor_rollout_tile:tiles[3].tile|igor_score_accumulator:acc                                                  ; igor_score_accumulator       ; work         ;
;       |igor_safety_security_gate:gate|        ; 97 (97)             ; 0 (0)                     ; 0                 ; 0          ; 0    ; 0            ; |igor_uart_top|igor_top:core|igor_safety_security_gate:gate                                                                              ; igor_safety_security_gate    ; work         ;
;    |igor_uart_protocol:serial|                ; 282 (177)           ; 265 (192)                 ; 0                 ; 0          ; 0    ; 0            ; |igor_uart_top|igor_uart_protocol:serial                                                                                                 ; igor_uart_protocol           ; work         ;
;       |igor_uart_rx:receiver|                 ; 65 (65)             ; 43 (43)                   ; 0                 ; 0          ; 0    ; 0            ; |igor_uart_top|igor_uart_protocol:serial|igor_uart_rx:receiver                                                                           ; igor_uart_rx                 ; work         ;
;       |igor_uart_tx:transmitter|              ; 40 (40)             ; 30 (30)                   ; 0                 ; 0          ; 0    ; 0            ; |igor_uart_top|igor_uart_protocol:serial|igor_uart_tx:transmitter                                                                        ; igor_uart_tx                 ; work         ;
+-----------------------------------------------+---------------------+---------------------------+-------------------+------------+------+--------------+------------------------------------------------------------------------------------------------------------------------------------------+------------------------------+--------------+
Note: For table entries with two numbers listed, the numbers in parentheses indicate the number of resources of the given type used by the specific entity alone. The numbers listed outside of parentheses indicate the total resources of the given type used by the specific entity and all of its sub-entities in the hierarchy.


+-------------------------------------------------------------------------------------------------------------------------------------------------------------------------------------------------------------------------------+
; Analysis & Synthesis RAM Summary                                                                                                                                                                                              ;
+-------------------------------------------------------------------------------------------------------------------+------------+------------------+--------------+--------------+--------------+--------------+--------+------+
; Name                                                                                                              ; Type       ; Mode             ; Port A Depth ; Port A Width ; Port B Depth ; Port B Width ; Size   ; MIF  ;
+-------------------------------------------------------------------------------------------------------------------+------------+------------------+--------------+--------------+--------------+--------------+--------+------+
; igor_neural_core:neural|altsyncram:h1_rtl_0|altsyncram_e3n1:auto_generated|ALTSYNCRAM                             ; AUTO       ; Simple Dual Port ; 64           ; 16           ; 64           ; 16           ; 1024   ; None ;
; igor_neural_core:neural|altsyncram:h2_rtl_0|altsyncram_e3n1:auto_generated|ALTSYNCRAM                             ; AUTO       ; Simple Dual Port ; 64           ; 16           ; 64           ; 16           ; 1024   ; None ;
; igor_neural_core:neural|altsyncram:inputs_rtl_0|altsyncram_43n1:auto_generated|ALTSYNCRAM                         ; AUTO       ; Simple Dual Port ; 24           ; 16           ; 24           ; 16           ; 384    ; None ;
; igor_top:core|igor_costmap_bank:tiles[0].memory|altsyncram:memory_rtl_0|altsyncram_lap1:auto_generated|ALTSYNCRAM ; M10K block ; Simple Dual Port ; 32768        ; 8            ; 32768        ; 8            ; 262144 ; None ;
; igor_top:core|igor_costmap_bank:tiles[1].memory|altsyncram:memory_rtl_0|altsyncram_lap1:auto_generated|ALTSYNCRAM ; M10K block ; Simple Dual Port ; 32768        ; 8            ; 32768        ; 8            ; 262144 ; None ;
; igor_top:core|igor_costmap_bank:tiles[2].memory|altsyncram:memory_rtl_0|altsyncram_lap1:auto_generated|ALTSYNCRAM ; M10K block ; Simple Dual Port ; 32768        ; 8            ; 32768        ; 8            ; 262144 ; None ;
; igor_top:core|igor_costmap_bank:tiles[3].memory|altsyncram:memory_rtl_0|altsyncram_lap1:auto_generated|ALTSYNCRAM ; M10K block ; Simple Dual Port ; 32768        ; 8            ; 32768        ; 8            ; 262144 ; None ;
+-------------------------------------------------------------------------------------------------------------------+------------+------------------+--------------+--------------+--------------+--------------+--------+------+


+-------------------------------------------------+
; Analysis & Synthesis DSP Block Usage Summary    ;
+-----------------------------------+-------------+
; Statistic                         ; Number Used ;
+-----------------------------------+-------------+
; Two Independent 18x18             ; 9           ;
; Independent 18x18 plus 36         ; 1           ;
; Total number of DSP blocks        ; 10          ;
;                                   ;             ;
; Fixed Point Signed Multiplier     ; 1           ;
; Fixed Point Unsigned Multiplier   ; 1           ;
; Fixed Point Mixed Sign Multiplier ; 8           ;
+-----------------------------------+-------------+


Encoding Type:  One-Hot
+--------------------------------------------------------------------------------------------------------------------+
; State Machine - |igor_uart_top|igor_neural_core:neural|state                                                       ;
+------------+------------+------------+------------+------------+------------+------------+------------+------------+
; Name       ; state.0111 ; state.0110 ; state.0101 ; state.0100 ; state.0011 ; state.0010 ; state.0001 ; state.0000 ;
+------------+------------+------------+------------+------------+------------+------------+------------+------------+
; state.0000 ; 0          ; 0          ; 0          ; 0          ; 0          ; 0          ; 0          ; 0          ;
; state.0001 ; 0          ; 0          ; 0          ; 0          ; 0          ; 0          ; 1          ; 1          ;
; state.0010 ; 0          ; 0          ; 0          ; 0          ; 0          ; 1          ; 0          ; 1          ;
; state.0011 ; 0          ; 0          ; 0          ; 0          ; 1          ; 0          ; 0          ; 1          ;
; state.0100 ; 0          ; 0          ; 0          ; 1          ; 0          ; 0          ; 0          ; 1          ;
; state.0101 ; 0          ; 0          ; 1          ; 0          ; 0          ; 0          ; 0          ; 1          ;
; state.0110 ; 0          ; 1          ; 0          ; 0          ; 0          ; 0          ; 0          ; 1          ;
; state.0111 ; 1          ; 0          ; 0          ; 0          ; 0          ; 0          ; 0          ; 1          ;
+------------+------------+------------+------------+------------+------------+------------+------------+------------+


Encoding Type:  One-Hot
+--------------------------------------------------------------------+
; State Machine - |igor_uart_top|igor_top:core|state                 ;
+--------------+-------------+--------------+-----------+------------+
; Name         ; state.FAULT ; state.RESULT ; state.RUN ; state.IDLE ;
+--------------+-------------+--------------+-----------+------------+
; state.IDLE   ; 0           ; 0            ; 0         ; 0          ;
; state.RUN    ; 0           ; 0            ; 1         ; 1          ;
; state.RESULT ; 0           ; 1            ; 0         ; 1          ;
; state.FAULT  ; 1           ; 0            ; 0         ; 1          ;
+--------------+-------------+--------------+-----------+------------+


Encoding Type:  One-Hot
+-----------------------------------------------------------------------------------------------------+
; State Machine - |igor_uart_top|igor_top:core|igor_rollout_tile:tiles[3].tile|state                  ;
+----------------+--------------+-------------+----------------+------------+------------+------------+
; Name           ; state.FINISH ; state.SCORE ; state.WAIT_RAM ; state.STEP ; state.INIT ; state.IDLE ;
+----------------+--------------+-------------+----------------+------------+------------+------------+
; state.IDLE     ; 0            ; 0           ; 0              ; 0          ; 0          ; 0          ;
; state.INIT     ; 0            ; 0           ; 0              ; 0          ; 1          ; 1          ;
; state.STEP     ; 0            ; 0           ; 0              ; 1          ; 0          ; 1          ;
; state.WAIT_RAM ; 0            ; 0           ; 1              ; 0          ; 0          ; 1          ;
; state.SCORE    ; 0            ; 1           ; 0              ; 0          ; 0          ; 1          ;
; state.FINISH   ; 1            ; 0           ; 0              ; 0          ; 0          ; 1          ;
+----------------+--------------+-------------+----------------+------------+------------+------------+


Encoding Type:  One-Hot
+-----------------------------------------------------------------------------------------------------+
; State Machine - |igor_uart_top|igor_top:core|igor_rollout_tile:tiles[2].tile|state                  ;
+----------------+--------------+-------------+----------------+------------+------------+------------+
; Name           ; state.FINISH ; state.SCORE ; state.WAIT_RAM ; state.STEP ; state.INIT ; state.IDLE ;
+----------------+--------------+-------------+----------------+------------+------------+------------+
; state.IDLE     ; 0            ; 0           ; 0              ; 0          ; 0          ; 0          ;
; state.INIT     ; 0            ; 0           ; 0              ; 0          ; 1          ; 1          ;
; state.STEP     ; 0            ; 0           ; 0              ; 1          ; 0          ; 1          ;
; state.WAIT_RAM ; 0            ; 0           ; 1              ; 0          ; 0          ; 1          ;
; state.SCORE    ; 0            ; 1           ; 0              ; 0          ; 0          ; 1          ;
; state.FINISH   ; 1            ; 0           ; 0              ; 0          ; 0          ; 1          ;
+----------------+--------------+-------------+----------------+------------+------------+------------+


Encoding Type:  One-Hot
+-----------------------------------------------------------------------------------------------------+
; State Machine - |igor_uart_top|igor_top:core|igor_rollout_tile:tiles[1].tile|state                  ;
+----------------+--------------+-------------+----------------+------------+------------+------------+
; Name           ; state.FINISH ; state.SCORE ; state.WAIT_RAM ; state.STEP ; state.INIT ; state.IDLE ;
+----------------+--------------+-------------+----------------+------------+------------+------------+
; state.IDLE     ; 0            ; 0           ; 0              ; 0          ; 0          ; 0          ;
; state.INIT     ; 0            ; 0           ; 0              ; 0          ; 1          ; 1          ;
; state.STEP     ; 0            ; 0           ; 0              ; 1          ; 0          ; 1          ;
; state.WAIT_RAM ; 0            ; 0           ; 1              ; 0          ; 0          ; 1          ;
; state.SCORE    ; 0            ; 1           ; 0              ; 0          ; 0          ; 1          ;
; state.FINISH   ; 1            ; 0           ; 0              ; 0          ; 0          ; 1          ;
+----------------+--------------+-------------+----------------+------------+------------+------------+


Encoding Type:  One-Hot
+-----------------------------------------------------------------------------------------------------+
; State Machine - |igor_uart_top|igor_top:core|igor_rollout_tile:tiles[0].tile|state                  ;
+----------------+--------------+-------------+----------------+------------+------------+------------+
; Name           ; state.FINISH ; state.SCORE ; state.WAIT_RAM ; state.STEP ; state.INIT ; state.IDLE ;
+----------------+--------------+-------------+----------------+------------+------------+------------+
; state.IDLE     ; 0            ; 0           ; 0              ; 0          ; 0          ; 0          ;
; state.INIT     ; 0            ; 0           ; 0              ; 0          ; 1          ; 1          ;
; state.STEP     ; 0            ; 0           ; 0              ; 1          ; 0          ; 1          ;
; state.WAIT_RAM ; 0            ; 0           ; 1              ; 0          ; 0          ; 1          ;
; state.SCORE    ; 0            ; 1           ; 0              ; 0          ; 0          ; 1          ;
; state.FINISH   ; 1            ; 0           ; 0              ; 0          ; 0          ; 1          ;
+----------------+--------------+-------------+----------------+------------+------------+------------+


Encoding Type:  One-Hot
+--------------------------------------------------------------------------------------+
; State Machine - |igor_uart_top|igor_uart_protocol:serial|igor_uart_rx:receiver|state ;
+----------+----------+----------+----------+------------------------------------------+
; Name     ; state.11 ; state.10 ; state.01 ; state.00                                 ;
+----------+----------+----------+----------+------------------------------------------+
; state.00 ; 0        ; 0        ; 0        ; 0                                        ;
; state.01 ; 0        ; 0        ; 1        ; 1                                        ;
; state.10 ; 0        ; 1        ; 0        ; 1                                        ;
; state.11 ; 1        ; 0        ; 0        ; 1                                        ;
+----------+----------+----------+----------+------------------------------------------+


+-------------------------------------------------------------------------------------------------------------------------------------------+
; Registers Removed During Synthesis                                                                                                        ;
+--------------------------------------------------------------------+----------------------------------------------------------------------+
; Register name                                                      ; Reason for Removal                                                   ;
+--------------------------------------------------------------------+----------------------------------------------------------------------+
; igor_top:core|igor_rollout_tile:tiles[2].tile|candidate_index[0]   ; Stuck at GND due to stuck port data_in                               ;
; igor_top:core|igor_rollout_tile:tiles[2].tile|best_index[0]        ; Stuck at GND due to stuck port data_in                               ;
; igor_top:core|igor_rollout_tile:tiles[1].tile|candidate_index[1]   ; Stuck at GND due to stuck port data_in                               ;
; igor_top:core|igor_rollout_tile:tiles[1].tile|best_index[1]        ; Stuck at GND due to stuck port data_in                               ;
; igor_top:core|igor_rollout_tile:tiles[0].tile|candidate_index[0,1] ; Stuck at GND due to stuck port data_in                               ;
; igor_top:core|igor_rollout_tile:tiles[0].tile|best_index[0,1]      ; Stuck at GND due to stuck port data_in                               ;
; igor_top:core|igor_config_registers:cfg|max_v[4]                   ; Stuck at GND due to stuck port data_in                               ;
; igor_top:core|igor_config_registers:cfg|max_w[6]                   ; Stuck at GND due to stuck port data_in                               ;
; igor_top:core|igor_config_registers:cfg|max_dv[4]                  ; Stuck at GND due to stuck port data_in                               ;
; igor_top:core|igor_config_registers:cfg|max_dw[6]                  ; Stuck at GND due to stuck port data_in                               ;
; igor_uart_protocol:serial|out_frame[0,2,5,7,57,59,60,62]           ; Stuck at GND due to stuck port data_in                               ;
; igor_uart_protocol:serial|out_frame[3,4,6,56,58,61,63]             ; Merged with igor_uart_protocol:serial|out_frame[1]                   ;
; igor_top:core|previous_v[4]                                        ; Stuck at GND due to stuck port data_in                               ;
; igor_top:core|run_previous_v[4]                                    ; Stuck at GND due to stuck port data_in                               ;
; igor_top:core|igor_rollout_tile:tiles[2].tile|heading[0]           ; Stuck at GND due to stuck port data_in                               ;
; igor_top:core|igor_rollout_tile:tiles[0].tile|heading[0,1]         ; Stuck at GND due to stuck port data_in                               ;
; igor_uart_protocol:serial|igor_uart_tx:transmitter|shift[9]        ; Stuck at VCC due to stuck port data_in                               ;
; igor_top:core|igor_config_registers:cfg|max_w[5]                   ; Stuck at GND due to stuck port data_in                               ;
; igor_neural_core:neural|igor_neural_rom:weights|data[11..14]       ; Merged with igor_neural_core:neural|igor_neural_rom:weights|data[15] ;
; igor_neural_rom:inspection_rom|data[11,12,14,15]                   ; Merged with igor_neural_rom:inspection_rom|data[13]                  ;
; igor_neural_core:neural|state~12                                   ; Lost fanout                                                          ;
; igor_neural_core:neural|state~13                                   ; Lost fanout                                                          ;
; igor_neural_core:neural|state~14                                   ; Lost fanout                                                          ;
; igor_neural_core:neural|state~15                                   ; Lost fanout                                                          ;
; igor_top:core|state~5                                              ; Lost fanout                                                          ;
; igor_top:core|state~6                                              ; Lost fanout                                                          ;
; igor_top:core|state~7                                              ; Lost fanout                                                          ;
; igor_top:core|igor_rollout_tile:tiles[3].tile|state~10             ; Lost fanout                                                          ;
; igor_top:core|igor_rollout_tile:tiles[3].tile|state~11             ; Lost fanout                                                          ;
; igor_top:core|igor_rollout_tile:tiles[3].tile|state~12             ; Lost fanout                                                          ;
; igor_top:core|igor_rollout_tile:tiles[2].tile|state~10             ; Lost fanout                                                          ;
; igor_top:core|igor_rollout_tile:tiles[2].tile|state~11             ; Lost fanout                                                          ;
; igor_top:core|igor_rollout_tile:tiles[2].tile|state~12             ; Lost fanout                                                          ;
; igor_top:core|igor_rollout_tile:tiles[1].tile|state~10             ; Lost fanout                                                          ;
; igor_top:core|igor_rollout_tile:tiles[1].tile|state~11             ; Lost fanout                                                          ;
; igor_top:core|igor_rollout_tile:tiles[1].tile|state~12             ; Lost fanout                                                          ;
; igor_top:core|igor_rollout_tile:tiles[0].tile|state~10             ; Lost fanout                                                          ;
; igor_top:core|igor_rollout_tile:tiles[0].tile|state~11             ; Lost fanout                                                          ;
; igor_top:core|igor_rollout_tile:tiles[0].tile|state~12             ; Lost fanout                                                          ;
; igor_uart_protocol:serial|igor_uart_rx:receiver|state~8            ; Lost fanout                                                          ;
; igor_uart_protocol:serial|igor_uart_rx:receiver|state~9            ; Lost fanout                                                          ;
; igor_neural_core:neural|h1~16                                      ; Stuck at GND due to stuck port data_in                               ;
; igor_neural_core:neural|h1_rtl_0_bypass[28]                        ; Stuck at GND due to stuck port data_in                               ;
; igor_neural_core:neural|h2_rtl_0_bypass[28]                        ; Stuck at GND due to stuck port data_in                               ;
; igor_neural_core:neural|h2~16                                      ; Stuck at GND due to stuck port data_in                               ;
; igor_uart_protocol:serial|out_pos[3]                               ; Stuck at GND due to stuck port data_in                               ;
; Total Number of Removed Registers = 68                             ;                                                                      ;
+--------------------------------------------------------------------+----------------------------------------------------------------------+


+-------------------------------------------------------------------------------------------------------------------------------------------------------------+
; Removed Registers Triggering Further Register Optimizations                                                                                                 ;
+------------------------------------------------------------------+---------------------------+--------------------------------------------------------------+
; Register name                                                    ; Reason for Removal        ; Registers Removed due to This Register                       ;
+------------------------------------------------------------------+---------------------------+--------------------------------------------------------------+
; igor_top:core|igor_rollout_tile:tiles[0].tile|candidate_index[1] ; Stuck at GND              ; igor_top:core|igor_rollout_tile:tiles[0].tile|best_index[1], ;
;                                                                  ; due to stuck port data_in ; igor_top:core|igor_rollout_tile:tiles[0].tile|best_index[0], ;
;                                                                  ;                           ; igor_top:core|igor_rollout_tile:tiles[0].tile|heading[1],    ;
;                                                                  ;                           ; igor_top:core|igor_rollout_tile:tiles[0].tile|heading[0]     ;
; igor_top:core|igor_rollout_tile:tiles[2].tile|candidate_index[0] ; Stuck at GND              ; igor_top:core|igor_rollout_tile:tiles[2].tile|best_index[0], ;
;                                                                  ; due to stuck port data_in ; igor_top:core|igor_rollout_tile:tiles[2].tile|heading[0]     ;
; igor_top:core|igor_rollout_tile:tiles[1].tile|candidate_index[1] ; Stuck at GND              ; igor_top:core|igor_rollout_tile:tiles[1].tile|best_index[1]  ;
;                                                                  ; due to stuck port data_in ;                                                              ;
; igor_top:core|previous_v[4]                                      ; Stuck at GND              ; igor_top:core|run_previous_v[4]                              ;
;                                                                  ; due to stuck port data_in ;                                                              ;
+------------------------------------------------------------------+---------------------------+--------------------------------------------------------------+


+------------------------------------------------------+
; General Register Statistics                          ;
+----------------------------------------------+-------+
; Statistic                                    ; Value ;
+----------------------------------------------+-------+
; Total registers                              ; 1487  ;
; Number of registers using Synchronous Clear  ; 196   ;
; Number of registers using Synchronous Load   ; 439   ;
; Number of registers using Asynchronous Clear ; 1279  ;
; Number of registers using Asynchronous Load  ; 0     ;
; Number of registers using Clock Enable       ; 1184  ;
; Number of registers using Preset             ; 0     ;
+----------------------------------------------+-------+


+-----------------------------------------------------------------------+
; Inverted Register Statistics                                          ;
+-------------------------------------------------------------+---------+
; Inverted Register                                           ; Fan out ;
+-------------------------------------------------------------+---------+
; igor_uart_protocol:serial|igor_uart_tx:transmitter|shift[0] ; 1       ;
; igor_top:core|igor_costmap_manager:maps|age[15]             ; 3       ;
; igor_top:core|igor_costmap_manager:maps|age[14]             ; 3       ;
; igor_top:core|igor_costmap_manager:maps|age[9]              ; 3       ;
; igor_top:core|igor_costmap_manager:maps|age[8]              ; 3       ;
; igor_top:core|igor_costmap_manager:maps|age[7]              ; 3       ;
; igor_top:core|igor_costmap_manager:maps|age[6]              ; 3       ;
; igor_top:core|igor_costmap_manager:maps|age[13]             ; 3       ;
; igor_top:core|igor_costmap_manager:maps|age[12]             ; 3       ;
; igor_top:core|igor_costmap_manager:maps|age[11]             ; 3       ;
; igor_top:core|igor_costmap_manager:maps|age[10]             ; 3       ;
; igor_top:core|igor_costmap_manager:maps|age[19]             ; 2       ;
; igor_top:core|igor_costmap_manager:maps|age[18]             ; 2       ;
; igor_top:core|igor_costmap_manager:maps|age[17]             ; 2       ;
; igor_top:core|igor_costmap_manager:maps|age[16]             ; 2       ;
; igor_top:core|igor_costmap_manager:maps|age[28]             ; 3       ;
; igor_top:core|igor_costmap_manager:maps|age[22]             ; 3       ;
; igor_top:core|igor_costmap_manager:maps|age[21]             ; 3       ;
; igor_top:core|igor_costmap_manager:maps|age[20]             ; 3       ;
; igor_top:core|igor_costmap_manager:maps|age[31]             ; 3       ;
; igor_top:core|igor_costmap_manager:maps|age[30]             ; 3       ;
; igor_top:core|igor_costmap_manager:maps|age[29]             ; 3       ;
; igor_top:core|igor_costmap_manager:maps|age[27]             ; 3       ;
; igor_top:core|igor_costmap_manager:maps|age[26]             ; 3       ;
; igor_top:core|igor_costmap_manager:maps|age[25]             ; 3       ;
; igor_top:core|igor_costmap_manager:maps|age[24]             ; 3       ;
; igor_top:core|igor_costmap_manager:maps|age[23]             ; 3       ;
; igor_uart_protocol:serial|igor_uart_tx:transmitter|shift[1] ; 1       ;
; igor_top:core|igor_costmap_manager:maps|age[4]              ; 2       ;
; igor_top:core|igor_costmap_manager:maps|age[3]              ; 2       ;
; igor_top:core|igor_costmap_manager:maps|age[2]              ; 2       ;
; igor_top:core|igor_costmap_manager:maps|age[1]              ; 2       ;
; igor_top:core|igor_costmap_manager:maps|age[5]              ; 2       ;
; igor_top:core|igor_costmap_manager:maps|age[0]              ; 2       ;
; igor_uart_protocol:serial|igor_uart_tx:transmitter|shift[2] ; 1       ;
; igor_uart_protocol:serial|igor_uart_rx:receiver|sync        ; 16      ;
; igor_uart_protocol:serial|igor_uart_tx:transmitter|shift[3] ; 1       ;
; igor_uart_protocol:serial|igor_uart_rx:receiver|meta        ; 1       ;
; igor_uart_protocol:serial|igor_uart_tx:transmitter|shift[4] ; 1       ;
; igor_uart_protocol:serial|igor_uart_tx:transmitter|shift[5] ; 1       ;
; igor_uart_protocol:serial|igor_uart_tx:transmitter|shift[6] ; 1       ;
; igor_uart_protocol:serial|igor_uart_tx:transmitter|shift[7] ; 1       ;
; igor_uart_protocol:serial|igor_uart_tx:transmitter|shift[8] ; 1       ;
; Total number of inverted registers = 43                     ;         ;
+-------------------------------------------------------------+---------+


+----------------------------------------------------------------------------------------+
; Registers Added for RAM Pass-Through Logic                                             ;
+-------------------------------------------------+--------------------------------------+
; Register Name                                   ; RAM Name                             ;
+-------------------------------------------------+--------------------------------------+
; igor_neural_core:neural|inputs_rtl_0_bypass[0]  ; igor_neural_core:neural|inputs_rtl_0 ;
; igor_neural_core:neural|inputs_rtl_0_bypass[1]  ; igor_neural_core:neural|inputs_rtl_0 ;
; igor_neural_core:neural|inputs_rtl_0_bypass[2]  ; igor_neural_core:neural|inputs_rtl_0 ;
; igor_neural_core:neural|inputs_rtl_0_bypass[3]  ; igor_neural_core:neural|inputs_rtl_0 ;
; igor_neural_core:neural|inputs_rtl_0_bypass[4]  ; igor_neural_core:neural|inputs_rtl_0 ;
; igor_neural_core:neural|inputs_rtl_0_bypass[5]  ; igor_neural_core:neural|inputs_rtl_0 ;
; igor_neural_core:neural|inputs_rtl_0_bypass[6]  ; igor_neural_core:neural|inputs_rtl_0 ;
; igor_neural_core:neural|inputs_rtl_0_bypass[7]  ; igor_neural_core:neural|inputs_rtl_0 ;
; igor_neural_core:neural|inputs_rtl_0_bypass[8]  ; igor_neural_core:neural|inputs_rtl_0 ;
; igor_neural_core:neural|inputs_rtl_0_bypass[9]  ; igor_neural_core:neural|inputs_rtl_0 ;
; igor_neural_core:neural|inputs_rtl_0_bypass[10] ; igor_neural_core:neural|inputs_rtl_0 ;
; igor_neural_core:neural|inputs_rtl_0_bypass[11] ; igor_neural_core:neural|inputs_rtl_0 ;
; igor_neural_core:neural|inputs_rtl_0_bypass[12] ; igor_neural_core:neural|inputs_rtl_0 ;
; igor_neural_core:neural|inputs_rtl_0_bypass[13] ; igor_neural_core:neural|inputs_rtl_0 ;
; igor_neural_core:neural|inputs_rtl_0_bypass[14] ; igor_neural_core:neural|inputs_rtl_0 ;
; igor_neural_core:neural|inputs_rtl_0_bypass[15] ; igor_neural_core:neural|inputs_rtl_0 ;
; igor_neural_core:neural|inputs_rtl_0_bypass[16] ; igor_neural_core:neural|inputs_rtl_0 ;
; igor_neural_core:neural|inputs_rtl_0_bypass[17] ; igor_neural_core:neural|inputs_rtl_0 ;
; igor_neural_core:neural|inputs_rtl_0_bypass[18] ; igor_neural_core:neural|inputs_rtl_0 ;
; igor_neural_core:neural|inputs_rtl_0_bypass[19] ; igor_neural_core:neural|inputs_rtl_0 ;
; igor_neural_core:neural|inputs_rtl_0_bypass[20] ; igor_neural_core:neural|inputs_rtl_0 ;
; igor_neural_core:neural|inputs_rtl_0_bypass[21] ; igor_neural_core:neural|inputs_rtl_0 ;
; igor_neural_core:neural|inputs_rtl_0_bypass[22] ; igor_neural_core:neural|inputs_rtl_0 ;
; igor_neural_core:neural|inputs_rtl_0_bypass[23] ; igor_neural_core:neural|inputs_rtl_0 ;
; igor_neural_core:neural|inputs_rtl_0_bypass[24] ; igor_neural_core:neural|inputs_rtl_0 ;
; igor_neural_core:neural|inputs_rtl_0_bypass[25] ; igor_neural_core:neural|inputs_rtl_0 ;
; igor_neural_core:neural|inputs_rtl_0_bypass[26] ; igor_neural_core:neural|inputs_rtl_0 ;
; igor_neural_core:neural|h1_rtl_0_bypass[0]      ; igor_neural_core:neural|h1_rtl_0     ;
; igor_neural_core:neural|h1_rtl_0_bypass[1]      ; igor_neural_core:neural|h1_rtl_0     ;
; igor_neural_core:neural|h1_rtl_0_bypass[2]      ; igor_neural_core:neural|h1_rtl_0     ;
; igor_neural_core:neural|h1_rtl_0_bypass[3]      ; igor_neural_core:neural|h1_rtl_0     ;
; igor_neural_core:neural|h1_rtl_0_bypass[4]      ; igor_neural_core:neural|h1_rtl_0     ;
; igor_neural_core:neural|h1_rtl_0_bypass[5]      ; igor_neural_core:neural|h1_rtl_0     ;
; igor_neural_core:neural|h1_rtl_0_bypass[6]      ; igor_neural_core:neural|h1_rtl_0     ;
; igor_neural_core:neural|h1_rtl_0_bypass[7]      ; igor_neural_core:neural|h1_rtl_0     ;
; igor_neural_core:neural|h1_rtl_0_bypass[8]      ; igor_neural_core:neural|h1_rtl_0     ;
; igor_neural_core:neural|h1_rtl_0_bypass[9]      ; igor_neural_core:neural|h1_rtl_0     ;
; igor_neural_core:neural|h1_rtl_0_bypass[10]     ; igor_neural_core:neural|h1_rtl_0     ;
; igor_neural_core:neural|h1_rtl_0_bypass[11]     ; igor_neural_core:neural|h1_rtl_0     ;
; igor_neural_core:neural|h1_rtl_0_bypass[12]     ; igor_neural_core:neural|h1_rtl_0     ;
; igor_neural_core:neural|h1_rtl_0_bypass[13]     ; igor_neural_core:neural|h1_rtl_0     ;
; igor_neural_core:neural|h1_rtl_0_bypass[14]     ; igor_neural_core:neural|h1_rtl_0     ;
; igor_neural_core:neural|h1_rtl_0_bypass[15]     ; igor_neural_core:neural|h1_rtl_0     ;
; igor_neural_core:neural|h1_rtl_0_bypass[16]     ; igor_neural_core:neural|h1_rtl_0     ;
; igor_neural_core:neural|h1_rtl_0_bypass[17]     ; igor_neural_core:neural|h1_rtl_0     ;
; igor_neural_core:neural|h1_rtl_0_bypass[18]     ; igor_neural_core:neural|h1_rtl_0     ;
; igor_neural_core:neural|h1_rtl_0_bypass[19]     ; igor_neural_core:neural|h1_rtl_0     ;
; igor_neural_core:neural|h1_rtl_0_bypass[20]     ; igor_neural_core:neural|h1_rtl_0     ;
; igor_neural_core:neural|h1_rtl_0_bypass[21]     ; igor_neural_core:neural|h1_rtl_0     ;
; igor_neural_core:neural|h1_rtl_0_bypass[22]     ; igor_neural_core:neural|h1_rtl_0     ;
; igor_neural_core:neural|h1_rtl_0_bypass[23]     ; igor_neural_core:neural|h1_rtl_0     ;
; igor_neural_core:neural|h1_rtl_0_bypass[24]     ; igor_neural_core:neural|h1_rtl_0     ;
; igor_neural_core:neural|h1_rtl_0_bypass[25]     ; igor_neural_core:neural|h1_rtl_0     ;
; igor_neural_core:neural|h1_rtl_0_bypass[26]     ; igor_neural_core:neural|h1_rtl_0     ;
; igor_neural_core:neural|h1_rtl_0_bypass[27]     ; igor_neural_core:neural|h1_rtl_0     ;
; igor_neural_core:neural|h1_rtl_0_bypass[28]     ; igor_neural_core:neural|h1_rtl_0     ;
; igor_neural_core:neural|h2_rtl_0_bypass[0]      ; igor_neural_core:neural|h2_rtl_0     ;
; igor_neural_core:neural|h2_rtl_0_bypass[1]      ; igor_neural_core:neural|h2_rtl_0     ;
; igor_neural_core:neural|h2_rtl_0_bypass[2]      ; igor_neural_core:neural|h2_rtl_0     ;
; igor_neural_core:neural|h2_rtl_0_bypass[3]      ; igor_neural_core:neural|h2_rtl_0     ;
; igor_neural_core:neural|h2_rtl_0_bypass[4]      ; igor_neural_core:neural|h2_rtl_0     ;
; igor_neural_core:neural|h2_rtl_0_bypass[5]      ; igor_neural_core:neural|h2_rtl_0     ;
; igor_neural_core:neural|h2_rtl_0_bypass[6]      ; igor_neural_core:neural|h2_rtl_0     ;
; igor_neural_core:neural|h2_rtl_0_bypass[7]      ; igor_neural_core:neural|h2_rtl_0     ;
; igor_neural_core:neural|h2_rtl_0_bypass[8]      ; igor_neural_core:neural|h2_rtl_0     ;
; igor_neural_core:neural|h2_rtl_0_bypass[9]      ; igor_neural_core:neural|h2_rtl_0     ;
; igor_neural_core:neural|h2_rtl_0_bypass[10]     ; igor_neural_core:neural|h2_rtl_0     ;
; igor_neural_core:neural|h2_rtl_0_bypass[11]     ; igor_neural_core:neural|h2_rtl_0     ;
; igor_neural_core:neural|h2_rtl_0_bypass[12]     ; igor_neural_core:neural|h2_rtl_0     ;
; igor_neural_core:neural|h2_rtl_0_bypass[13]     ; igor_neural_core:neural|h2_rtl_0     ;
; igor_neural_core:neural|h2_rtl_0_bypass[14]     ; igor_neural_core:neural|h2_rtl_0     ;
; igor_neural_core:neural|h2_rtl_0_bypass[15]     ; igor_neural_core:neural|h2_rtl_0     ;
; igor_neural_core:neural|h2_rtl_0_bypass[16]     ; igor_neural_core:neural|h2_rtl_0     ;
; igor_neural_core:neural|h2_rtl_0_bypass[17]     ; igor_neural_core:neural|h2_rtl_0     ;
; igor_neural_core:neural|h2_rtl_0_bypass[18]     ; igor_neural_core:neural|h2_rtl_0     ;
; igor_neural_core:neural|h2_rtl_0_bypass[19]     ; igor_neural_core:neural|h2_rtl_0     ;
; igor_neural_core:neural|h2_rtl_0_bypass[20]     ; igor_neural_core:neural|h2_rtl_0     ;
; igor_neural_core:neural|h2_rtl_0_bypass[21]     ; igor_neural_core:neural|h2_rtl_0     ;
; igor_neural_core:neural|h2_rtl_0_bypass[22]     ; igor_neural_core:neural|h2_rtl_0     ;
; igor_neural_core:neural|h2_rtl_0_bypass[23]     ; igor_neural_core:neural|h2_rtl_0     ;
; igor_neural_core:neural|h2_rtl_0_bypass[24]     ; igor_neural_core:neural|h2_rtl_0     ;
; igor_neural_core:neural|h2_rtl_0_bypass[25]     ; igor_neural_core:neural|h2_rtl_0     ;
; igor_neural_core:neural|h2_rtl_0_bypass[26]     ; igor_neural_core:neural|h2_rtl_0     ;
; igor_neural_core:neural|h2_rtl_0_bypass[27]     ; igor_neural_core:neural|h2_rtl_0     ;
; igor_neural_core:neural|h2_rtl_0_bypass[28]     ; igor_neural_core:neural|h2_rtl_0     ;
+-------------------------------------------------+--------------------------------------+


+-------------------------------------------------------------------------------------------------------------------------------------+
; Registers Packed Into Inferred Megafunctions                                                                                        ;
+---------------------------------------------------------------+--------------------------------------------------------------+------+
; Register Name                                                 ; Megafunction                                                 ; Type ;
+---------------------------------------------------------------+--------------------------------------------------------------+------+
; igor_top:core|igor_costmap_bank:tiles[3].memory|rd_data[0..7] ; igor_top:core|igor_costmap_bank:tiles[3].memory|memory_rtl_0 ; RAM  ;
; igor_top:core|igor_costmap_bank:tiles[2].memory|rd_data[0..7] ; igor_top:core|igor_costmap_bank:tiles[2].memory|memory_rtl_0 ; RAM  ;
; igor_top:core|igor_costmap_bank:tiles[1].memory|rd_data[0..7] ; igor_top:core|igor_costmap_bank:tiles[1].memory|memory_rtl_0 ; RAM  ;
; igor_top:core|igor_costmap_bank:tiles[0].memory|rd_data[0..7] ; igor_top:core|igor_costmap_bank:tiles[0].memory|memory_rtl_0 ; RAM  ;
+---------------------------------------------------------------+--------------------------------------------------------------+------+


+------------------------------------------------------------------------------------------------------------------------------------------------------------------------------------------------+
; Multiplexer Restructuring Statistics (Restructuring Performed)                                                                                                                                 ;
+--------------------+-----------+---------------+----------------------+------------------------+------------+----------------------------------------------------------------------------------+
; Multiplexer Inputs ; Bus Width ; Baseline Area ; Area if Restructured ; Saving if Restructured ; Registered ; Example Multiplexer Output                                                       ;
+--------------------+-----------+---------------+----------------------+------------------------+------------+----------------------------------------------------------------------------------+
; 3:1                ; 4 bits    ; 8 LEs         ; 4 LEs                ; 4 LEs                  ; Yes        ; |igor_uart_top|igor_uart_protocol:serial|igor_uart_tx:transmitter|bit_index[0]   ;
; 3:1                ; 32 bits   ; 64 LEs        ; 0 LEs                ; 64 LEs                 ; Yes        ; |igor_uart_top|igor_top:core|elapsed[18]                                         ;
; 3:1                ; 15 bits   ; 30 LEs        ; 0 LEs                ; 30 LEs                 ; Yes        ; |igor_uart_top|igor_top:core|igor_costmap_manager:maps|count[0]                  ;
; 3:1                ; 4 bits    ; 8 LEs         ; 4 LEs                ; 4 LEs                  ; Yes        ; |igor_uart_top|igor_uart_protocol:serial|out_pos[2]                              ;
; 3:1                ; 4 bits    ; 8 LEs         ; 4 LEs                ; 4 LEs                  ; Yes        ; |igor_uart_top|igor_uart_protocol:serial|respond_delay[1]                        ;
; 3:1                ; 32 bits   ; 64 LEs        ; 0 LEs                ; 64 LEs                 ; Yes        ; |igor_uart_top|igor_uart_protocol:serial|timer[1]                                ;
; 3:1                ; 11 bits   ; 22 LEs        ; 0 LEs                ; 22 LEs                 ; Yes        ; |igor_uart_top|igor_top:core|previous_v[3]                                       ;
; 3:1                ; 2 bits    ; 4 LEs         ; 4 LEs                ; 0 LEs                  ; Yes        ; |igor_uart_top|igor_uart_protocol:serial|igor_uart_rx:receiver|error             ;
; 3:1                ; 13 bits   ; 26 LEs        ; 13 LEs               ; 13 LEs                 ; Yes        ; |igor_uart_top|igor_neural_core:neural|address[9]                                ;
; 3:1                ; 32 bits   ; 64 LEs        ; 0 LEs                ; 64 LEs                 ; Yes        ; |igor_uart_top|igor_neural_core:neural|accumulator[24]                           ;
; 3:1                ; 2 bits    ; 4 LEs         ; 2 LEs                ; 2 LEs                  ; Yes        ; |igor_uart_top|igor_top:core|igor_rollout_tile:tiles[3].tile|x[14]               ;
; 3:1                ; 2 bits    ; 4 LEs         ; 2 LEs                ; 2 LEs                  ; Yes        ; |igor_uart_top|igor_top:core|igor_rollout_tile:tiles[2].tile|y[14]               ;
; 3:1                ; 2 bits    ; 4 LEs         ; 2 LEs                ; 2 LEs                  ; Yes        ; |igor_uart_top|igor_top:core|igor_rollout_tile:tiles[1].tile|x[14]               ;
; 3:1                ; 2 bits    ; 4 LEs         ; 2 LEs                ; 2 LEs                  ; Yes        ; |igor_uart_top|igor_top:core|igor_rollout_tile:tiles[0].tile|y[14]               ;
; 8:1                ; 4 bits    ; 20 LEs        ; 20 LEs               ; 0 LEs                  ; Yes        ; |igor_uart_top|igor_uart_protocol:serial|tx_data[7]                              ;
; 8:1                ; 4 bits    ; 20 LEs        ; 20 LEs               ; 0 LEs                  ; Yes        ; |igor_uart_top|igor_uart_protocol:serial|tx_data[3]                              ;
; 4:1                ; 16 bits   ; 32 LEs        ; 32 LEs               ; 0 LEs                  ; Yes        ; |igor_uart_top|igor_uart_protocol:serial|igor_uart_tx:transmitter|count[5]       ;
; 5:1                ; 2 bits    ; 6 LEs         ; 2 LEs                ; 4 LEs                  ; Yes        ; |igor_uart_top|igor_neural_core:neural|layer[1]                                  ;
; 5:1                ; 3 bits    ; 9 LEs         ; 3 LEs                ; 6 LEs                  ; Yes        ; |igor_uart_top|igor_uart_protocol:serial|igor_uart_rx:receiver|bit_index[1]      ;
; 5:1                ; 7 bits    ; 21 LEs        ; 7 LEs                ; 14 LEs                 ; Yes        ; |igor_uart_top|igor_top:core|igor_rollout_tile:tiles[3].tile|candidate_index[4]  ;
; 5:1                ; 7 bits    ; 21 LEs        ; 7 LEs                ; 14 LEs                 ; Yes        ; |igor_uart_top|igor_top:core|igor_rollout_tile:tiles[2].tile|candidate_index[6]  ;
; 5:1                ; 7 bits    ; 21 LEs        ; 7 LEs                ; 14 LEs                 ; Yes        ; |igor_uart_top|igor_top:core|igor_rollout_tile:tiles[1].tile|candidate_index[7]  ;
; 5:1                ; 7 bits    ; 21 LEs        ; 7 LEs                ; 14 LEs                 ; Yes        ; |igor_uart_top|igor_top:core|igor_rollout_tile:tiles[0].tile|candidate_index[6]  ;
; 6:1                ; 7 bits    ; 28 LEs        ; 14 LEs               ; 14 LEs                 ; Yes        ; |igor_uart_top|igor_neural_core:neural|neuron[6]                                 ;
; 256:1              ; 7 bits    ; 1190 LEs      ; 49 LEs               ; 1141 LEs               ; Yes        ; |igor_uart_top|igor_uart_protocol:serial|response_sample[25]                     ;
; 256:1              ; 6 bits    ; 1020 LEs      ; 18 LEs               ; 1002 LEs               ; Yes        ; |igor_uart_top|igor_uart_protocol:serial|response_sample[21]                     ;
; 256:1              ; 3 bits    ; 510 LEs       ; 12 LEs               ; 498 LEs                ; Yes        ; |igor_uart_top|igor_uart_protocol:serial|response_sample[18]                     ;
; 9:1                ; 16 bits   ; 96 LEs        ; 96 LEs               ; 0 LEs                  ; Yes        ; |igor_uart_top|igor_neural_core:neural|operand[9]                                ;
; 7:1                ; 11 bits   ; 44 LEs        ; 22 LEs               ; 22 LEs                 ; Yes        ; |igor_uart_top|igor_uart_protocol:serial|igor_uart_rx:receiver|count[14]         ;
; 257:1              ; 4 bits    ; 684 LEs       ; 28 LEs               ; 656 LEs                ; Yes        ; |igor_uart_top|igor_uart_protocol:serial|response_sample[12]                     ;
; 257:1              ; 3 bits    ; 513 LEs       ; 27 LEs               ; 486 LEs                ; Yes        ; |igor_uart_top|igor_uart_protocol:serial|response_sample[7]                      ;
; 257:1              ; 5 bits    ; 855 LEs       ; 20 LEs               ; 835 LEs                ; Yes        ; |igor_uart_top|igor_uart_protocol:serial|response_sample[1]                      ;
; 9:1                ; 5 bits    ; 30 LEs        ; 10 LEs               ; 20 LEs                 ; Yes        ; |igor_uart_top|igor_uart_protocol:serial|igor_uart_rx:receiver|count[6]          ;
; 20:1               ; 3 bits    ; 39 LEs        ; 18 LEs               ; 21 LEs                 ; Yes        ; |igor_uart_top|igor_uart_protocol:serial|pos[1]                                  ;
; 132:1              ; 3 bits    ; 264 LEs       ; 12 LEs               ; 252 LEs                ; Yes        ; |igor_uart_top|igor_uart_protocol:serial|response_sample[9]                      ;
; 3:1                ; 7 bits    ; 14 LEs        ; 7 LEs                ; 7 LEs                  ; Yes        ; |igor_uart_top|igor_uart_protocol:serial|igor_uart_tx:transmitter|shift[6]       ;
; 3:1                ; 32 bits   ; 64 LEs        ; 32 LEs               ; 32 LEs                 ; Yes        ; |igor_uart_top|igor_top:core|igor_costmap_manager:maps|age[26]                   ;
; 3:1                ; 2 bits    ; 4 LEs         ; 4 LEs                ; 0 LEs                  ; No         ; |igor_uart_top|igor_top:core|state                                               ;
; 3:1                ; 2 bits    ; 4 LEs         ; 4 LEs                ; 0 LEs                  ; No         ; |igor_uart_top|igor_neural_core:neural|h1                                        ;
; 3:1                ; 16 bits   ; 32 LEs        ; 32 LEs               ; 0 LEs                  ; No         ; |igor_uart_top|igor_neural_core:neural|h1                                        ;
; 3:1                ; 16 bits   ; 32 LEs        ; 32 LEs               ; 0 LEs                  ; No         ; |igor_uart_top|igor_neural_core:neural|nonlinear[12]                             ;
; 5:1                ; 7 bits    ; 21 LEs        ; 21 LEs               ; 0 LEs                  ; No         ; |igor_uart_top|igor_top:core|igor_best_candidate_selector:selector|best_index[8] ;
; 4:1                ; 3 bits    ; 6 LEs         ; 6 LEs                ; 0 LEs                  ; No         ; |igor_uart_top|igor_top:core|state                                               ;
; 6:1                ; 2 bits    ; 8 LEs         ; 4 LEs                ; 4 LEs                  ; No         ; |igor_uart_top|igor_uart_protocol:serial|igor_uart_rx:receiver|Selector3         ;
; 8:1                ; 2 bits    ; 10 LEs        ; 4 LEs                ; 6 LEs                  ; No         ; |igor_uart_top|igor_uart_protocol:serial|igor_uart_rx:receiver|Selector0         ;
; 10:1               ; 2 bits    ; 12 LEs        ; 12 LEs               ; 0 LEs                  ; No         ; |igor_uart_top|igor_top:core|igor_safety_security_gate:gate|fault_code[3]        ;
; 11:1               ; 2 bits    ; 14 LEs        ; 14 LEs               ; 0 LEs                  ; No         ; |igor_uart_top|igor_top:core|igor_safety_security_gate:gate|fault_code[0]        ;
; 12:1               ; 9 bits    ; 72 LEs        ; 72 LEs               ; 0 LEs                  ; No         ; |igor_uart_top|igor_top:core|igor_safety_security_gate:gate|omega_command[6]     ;
+--------------------+-----------+---------------+----------------------+------------------------+------------+----------------------------------------------------------------------------------+


+-------------------------------------------------------------------------------------------------------+
; Source assignments for igor_neural_core:neural|altsyncram:inputs_rtl_0|altsyncram_43n1:auto_generated ;
+---------------------------------+--------------------+------+-----------------------------------------+
; Assignment                      ; Value              ; From ; To                                      ;
+---------------------------------+--------------------+------+-----------------------------------------+
; OPTIMIZE_POWER_DURING_SYNTHESIS ; NORMAL_COMPILATION ; -    ; -                                       ;
+---------------------------------+--------------------+------+-----------------------------------------+


+---------------------------------------------------------------------------------------------------+
; Source assignments for igor_neural_core:neural|altsyncram:h1_rtl_0|altsyncram_e3n1:auto_generated ;
+---------------------------------+--------------------+------+-------------------------------------+
; Assignment                      ; Value              ; From ; To                                  ;
+---------------------------------+--------------------+------+-------------------------------------+
; OPTIMIZE_POWER_DURING_SYNTHESIS ; NORMAL_COMPILATION ; -    ; -                                   ;
+---------------------------------+--------------------+------+-------------------------------------+


+---------------------------------------------------------------------------------------------------+
; Source assignments for igor_neural_core:neural|altsyncram:h2_rtl_0|altsyncram_e3n1:auto_generated ;
+---------------------------------+--------------------+------+-------------------------------------+
; Assignment                      ; Value              ; From ; To                                  ;
+---------------------------------+--------------------+------+-------------------------------------+
; OPTIMIZE_POWER_DURING_SYNTHESIS ; NORMAL_COMPILATION ; -    ; -                                   ;
+---------------------------------+--------------------+------+-------------------------------------+


+-------------------------------------------------------------------------------------------------------------------------------+
; Source assignments for igor_top:core|igor_costmap_bank:tiles[3].memory|altsyncram:memory_rtl_0|altsyncram_lap1:auto_generated ;
+---------------------------------+--------------------+------+-----------------------------------------------------------------+
; Assignment                      ; Value              ; From ; To                                                              ;
+---------------------------------+--------------------+------+-----------------------------------------------------------------+
; OPTIMIZE_POWER_DURING_SYNTHESIS ; NORMAL_COMPILATION ; -    ; -                                                               ;
+---------------------------------+--------------------+------+-----------------------------------------------------------------+


+-------------------------------------------------------------------------------------------------------------------------------+
; Source assignments for igor_top:core|igor_costmap_bank:tiles[2].memory|altsyncram:memory_rtl_0|altsyncram_lap1:auto_generated ;
+---------------------------------+--------------------+------+-----------------------------------------------------------------+
; Assignment                      ; Value              ; From ; To                                                              ;
+---------------------------------+--------------------+------+-----------------------------------------------------------------+
; OPTIMIZE_POWER_DURING_SYNTHESIS ; NORMAL_COMPILATION ; -    ; -                                                               ;
+---------------------------------+--------------------+------+-----------------------------------------------------------------+


+-------------------------------------------------------------------------------------------------------------------------------+
; Source assignments for igor_top:core|igor_costmap_bank:tiles[1].memory|altsyncram:memory_rtl_0|altsyncram_lap1:auto_generated ;
+---------------------------------+--------------------+------+-----------------------------------------------------------------+
; Assignment                      ; Value              ; From ; To                                                              ;
+---------------------------------+--------------------+------+-----------------------------------------------------------------+
; OPTIMIZE_POWER_DURING_SYNTHESIS ; NORMAL_COMPILATION ; -    ; -                                                               ;
+---------------------------------+--------------------+------+-----------------------------------------------------------------+


+-------------------------------------------------------------------------------------------------------------------------------+
; Source assignments for igor_top:core|igor_costmap_bank:tiles[0].memory|altsyncram:memory_rtl_0|altsyncram_lap1:auto_generated ;
+---------------------------------+--------------------+------+-----------------------------------------------------------------+
; Assignment                      ; Value              ; From ; To                                                              ;
+---------------------------------+--------------------+------+-----------------------------------------------------------------+
; OPTIMIZE_POWER_DURING_SYNTHESIS ; NORMAL_COMPILATION ; -    ; -                                                               ;
+---------------------------------+--------------------+------+-----------------------------------------------------------------+


+-------------------------------------------------------------------------------+
; Parameter Settings for User Entity Instance: Top-level Entity: |igor_uart_top ;
+----------------+------------------+-------------------------------------------+
; Parameter Name ; Value            ; Type                                      ;
+----------------+------------------+-------------------------------------------+
; CLKS_PER_BIT   ; 0000000110110010 ; Unsigned Binary                           ;
+----------------+------------------+-------------------------------------------+
Note: In order to hide this table in the UI and the text report file, please set the "Show Parameter Settings in Synthesis Report" option in "Analysis and Synthesis Settings -> More Settings" to "Off".


+------------------------------------------------------------------------+
; Parameter Settings for User Entity Instance: igor_uart_protocol:serial ;
+----------------+------------------+------------------------------------+
; Parameter Name ; Value            ; Type                               ;
+----------------+------------------+------------------------------------+
; CLKS_PER_BIT   ; 0000000110110010 ; Unsigned Binary                    ;
+----------------+------------------+------------------------------------+
Note: In order to hide this table in the UI and the text report file, please set the "Show Parameter Settings in Synthesis Report" option in "Analysis and Synthesis Settings -> More Settings" to "Off".


+----------------------------------------------------------------------------------------------+
; Parameter Settings for User Entity Instance: igor_uart_protocol:serial|igor_uart_rx:receiver ;
+----------------+------------------+----------------------------------------------------------+
; Parameter Name ; Value            ; Type                                                     ;
+----------------+------------------+----------------------------------------------------------+
; CLKS_PER_BIT   ; 0000000110110010 ; Unsigned Binary                                          ;
+----------------+------------------+----------------------------------------------------------+
Note: In order to hide this table in the UI and the text report file, please set the "Show Parameter Settings in Synthesis Report" option in "Analysis and Synthesis Settings -> More Settings" to "Off".


+-------------------------------------------------------------------------------------------------+
; Parameter Settings for User Entity Instance: igor_uart_protocol:serial|igor_uart_tx:transmitter ;
+----------------+------------------+-------------------------------------------------------------+
; Parameter Name ; Value            ; Type                                                        ;
+----------------+------------------+-------------------------------------------------------------+
; CLKS_PER_BIT   ; 0000000110110010 ; Unsigned Binary                                             ;
+----------------+------------------+-------------------------------------------------------------+
Note: In order to hide this table in the UI and the text report file, please set the "Show Parameter Settings in Synthesis Report" option in "Analysis and Synthesis Settings -> More Settings" to "Off".


+----------------------------------------------------------------------+
; Parameter Settings for User Entity Instance: igor_top:core           ;
+-----------------+----------------------------------+-----------------+
; Parameter Name  ; Value                            ; Type            ;
+-----------------+----------------------------------+-----------------+
; DEADLINE_CYCLES ; 00000000000011110100001001000000 ; Unsigned Binary ;
; FRESH_CYCLES    ; 00000000000011110100001001000000 ; Unsigned Binary ;
+-----------------+----------------------------------+-----------------+
Note: In order to hide this table in the UI and the text report file, please set the "Show Parameter Settings in Synthesis Report" option in "Analysis and Synthesis Settings -> More Settings" to "Off".


+--------------------------------------------------------------------------------------+
; Parameter Settings for User Entity Instance: igor_top:core|igor_costmap_manager:maps ;
+----------------+----------------------------------+----------------------------------+
; Parameter Name ; Value                            ; Type                             ;
+----------------+----------------------------------+----------------------------------+
; FRESH_CYCLES   ; 00000000000011110100001001000000 ; Unsigned Binary                  ;
+----------------+----------------------------------+----------------------------------+
Note: In order to hide this table in the UI and the text report file, please set the "Show Parameter Settings in Synthesis Report" option in "Analysis and Synthesis Settings -> More Settings" to "Off".


+--------------------------------------------------------------------------------------------+
; Parameter Settings for User Entity Instance: igor_top:core|igor_rollout_tile:tiles[0].tile ;
+----------------+--------+------------------------------------------------------------------+
; Parameter Name ; Value  ; Type                                                             ;
+----------------+--------+------------------------------------------------------------------+
; TILE_ID        ; 0      ; Signed Integer                                                   ;
; HORIZON        ; 010100 ; Unsigned Binary                                                  ;
+----------------+--------+------------------------------------------------------------------+
Note: In order to hide this table in the UI and the text report file, please set the "Show Parameter Settings in Synthesis Report" option in "Analysis and Synthesis Settings -> More Settings" to "Off".


+--------------------------------------------------------------------------------------------+
; Parameter Settings for User Entity Instance: igor_top:core|igor_rollout_tile:tiles[1].tile ;
+----------------+--------+------------------------------------------------------------------+
; Parameter Name ; Value  ; Type                                                             ;
+----------------+--------+------------------------------------------------------------------+
; TILE_ID        ; 1      ; Signed Integer                                                   ;
; HORIZON        ; 010100 ; Unsigned Binary                                                  ;
+----------------+--------+------------------------------------------------------------------+
Note: In order to hide this table in the UI and the text report file, please set the "Show Parameter Settings in Synthesis Report" option in "Analysis and Synthesis Settings -> More Settings" to "Off".


+--------------------------------------------------------------------------------------------+
; Parameter Settings for User Entity Instance: igor_top:core|igor_rollout_tile:tiles[2].tile ;
+----------------+--------+------------------------------------------------------------------+
; Parameter Name ; Value  ; Type                                                             ;
+----------------+--------+------------------------------------------------------------------+
; TILE_ID        ; 2      ; Signed Integer                                                   ;
; HORIZON        ; 010100 ; Unsigned Binary                                                  ;
+----------------+--------+------------------------------------------------------------------+
Note: In order to hide this table in the UI and the text report file, please set the "Show Parameter Settings in Synthesis Report" option in "Analysis and Synthesis Settings -> More Settings" to "Off".


+--------------------------------------------------------------------------------------------+
; Parameter Settings for User Entity Instance: igor_top:core|igor_rollout_tile:tiles[3].tile ;
+----------------+--------+------------------------------------------------------------------+
; Parameter Name ; Value  ; Type                                                             ;
+----------------+--------+------------------------------------------------------------------+
; TILE_ID        ; 3      ; Signed Integer                                                   ;
; HORIZON        ; 010100 ; Unsigned Binary                                                  ;
+----------------+--------+------------------------------------------------------------------+
Note: In order to hide this table in the UI and the text report file, please set the "Show Parameter Settings in Synthesis Report" option in "Analysis and Synthesis Settings -> More Settings" to "Off".


+---------------------------------------------------------------------------------------+
; Parameter Settings for User Entity Instance: igor_neural_rom:inspection_rom           ;
+----------------+-------------------------------------------------------------+--------+
; Parameter Name ; Value                                                       ; Type   ;
+----------------+-------------------------------------------------------------+--------+
; FILE           ; ../assets/neural_24_64_64_4/bram_unified_weights_padded.mem ; String ;
+----------------+-------------------------------------------------------------+--------+
Note: In order to hide this table in the UI and the text report file, please set the "Show Parameter Settings in Synthesis Report" option in "Analysis and Synthesis Settings -> More Settings" to "Off".


+----------------------------------------------------------------------------------------------+
; Parameter Settings for User Entity Instance: igor_neural_core:neural|igor_neural_rom:weights ;
+----------------+-------------------------------------------------------------+---------------+
; Parameter Name ; Value                                                       ; Type          ;
+----------------+-------------------------------------------------------------+---------------+
; FILE           ; ../assets/neural_24_64_64_4/bram_unified_weights_padded.mem ; String        ;
+----------------+-------------------------------------------------------------+---------------+
Note: In order to hide this table in the UI and the text report file, please set the "Show Parameter Settings in Synthesis Report" option in "Analysis and Synthesis Settings -> More Settings" to "Off".


+--------------------------------------------------------------------------------------------------+
; Parameter Settings for Inferred Entity Instance: igor_neural_core:neural|altsyncram:inputs_rtl_0 ;
+------------------------------------+----------------------+--------------------------------------+
; Parameter Name                     ; Value                ; Type                                 ;
+------------------------------------+----------------------+--------------------------------------+
; BYTE_SIZE_BLOCK                    ; 8                    ; Untyped                              ;
; AUTO_CARRY_CHAINS                  ; ON                   ; AUTO_CARRY                           ;
; IGNORE_CARRY_BUFFERS               ; OFF                  ; IGNORE_CARRY                         ;
; AUTO_CASCADE_CHAINS                ; ON                   ; AUTO_CASCADE                         ;
; IGNORE_CASCADE_BUFFERS             ; OFF                  ; IGNORE_CASCADE                       ;
; WIDTH_BYTEENA                      ; 1                    ; Untyped                              ;
; OPERATION_MODE                     ; DUAL_PORT            ; Untyped                              ;
; WIDTH_A                            ; 16                   ; Untyped                              ;
; WIDTHAD_A                          ; 5                    ; Untyped                              ;
; NUMWORDS_A                         ; 24                   ; Untyped                              ;
; OUTDATA_REG_A                      ; UNREGISTERED         ; Untyped                              ;
; ADDRESS_ACLR_A                     ; NONE                 ; Untyped                              ;
; OUTDATA_ACLR_A                     ; NONE                 ; Untyped                              ;
; WRCONTROL_ACLR_A                   ; NONE                 ; Untyped                              ;
; INDATA_ACLR_A                      ; NONE                 ; Untyped                              ;
; BYTEENA_ACLR_A                     ; NONE                 ; Untyped                              ;
; WIDTH_B                            ; 16                   ; Untyped                              ;
; WIDTHAD_B                          ; 5                    ; Untyped                              ;
; NUMWORDS_B                         ; 24                   ; Untyped                              ;
; INDATA_REG_B                       ; CLOCK1               ; Untyped                              ;
; WRCONTROL_WRADDRESS_REG_B          ; CLOCK1               ; Untyped                              ;
; RDCONTROL_REG_B                    ; CLOCK1               ; Untyped                              ;
; ADDRESS_REG_B                      ; CLOCK0               ; Untyped                              ;
; OUTDATA_REG_B                      ; UNREGISTERED         ; Untyped                              ;
; BYTEENA_REG_B                      ; CLOCK1               ; Untyped                              ;
; INDATA_ACLR_B                      ; NONE                 ; Untyped                              ;
; WRCONTROL_ACLR_B                   ; NONE                 ; Untyped                              ;
; ADDRESS_ACLR_B                     ; NONE                 ; Untyped                              ;
; OUTDATA_ACLR_B                     ; NONE                 ; Untyped                              ;
; RDCONTROL_ACLR_B                   ; NONE                 ; Untyped                              ;
; BYTEENA_ACLR_B                     ; NONE                 ; Untyped                              ;
; WIDTH_BYTEENA_A                    ; 1                    ; Untyped                              ;
; WIDTH_BYTEENA_B                    ; 1                    ; Untyped                              ;
; RAM_BLOCK_TYPE                     ; AUTO                 ; Untyped                              ;
; BYTE_SIZE                          ; 8                    ; Untyped                              ;
; READ_DURING_WRITE_MODE_MIXED_PORTS ; OLD_DATA             ; Untyped                              ;
; READ_DURING_WRITE_MODE_PORT_A      ; NEW_DATA_NO_NBE_READ ; Untyped                              ;
; READ_DURING_WRITE_MODE_PORT_B      ; NEW_DATA_NO_NBE_READ ; Untyped                              ;
; INIT_FILE                          ; UNUSED               ; Untyped                              ;
; INIT_FILE_LAYOUT                   ; PORT_A               ; Untyped                              ;
; MAXIMUM_DEPTH                      ; 0                    ; Untyped                              ;
; CLOCK_ENABLE_INPUT_A               ; NORMAL               ; Untyped                              ;
; CLOCK_ENABLE_INPUT_B               ; NORMAL               ; Untyped                              ;
; CLOCK_ENABLE_OUTPUT_A              ; NORMAL               ; Untyped                              ;
; CLOCK_ENABLE_OUTPUT_B              ; NORMAL               ; Untyped                              ;
; CLOCK_ENABLE_CORE_A                ; USE_INPUT_CLKEN      ; Untyped                              ;
; CLOCK_ENABLE_CORE_B                ; USE_INPUT_CLKEN      ; Untyped                              ;
; ENABLE_ECC                         ; FALSE                ; Untyped                              ;
; ECC_PIPELINE_STAGE_ENABLED         ; FALSE                ; Untyped                              ;
; WIDTH_ECCSTATUS                    ; 3                    ; Untyped                              ;
; DEVICE_FAMILY                      ; Cyclone V            ; Untyped                              ;
; CBXI_PARAMETER                     ; altsyncram_43n1      ; Untyped                              ;
+------------------------------------+----------------------+--------------------------------------+
Note: In order to hide this table in the UI and the text report file, please set the "Show Parameter Settings in Synthesis Report" option in "Analysis and Synthesis Settings -> More Settings" to "Off".


+----------------------------------------------------------------------------------------------+
; Parameter Settings for Inferred Entity Instance: igor_neural_core:neural|altsyncram:h1_rtl_0 ;
+------------------------------------+----------------------+----------------------------------+
; Parameter Name                     ; Value                ; Type                             ;
+------------------------------------+----------------------+----------------------------------+
; BYTE_SIZE_BLOCK                    ; 8                    ; Untyped                          ;
; AUTO_CARRY_CHAINS                  ; ON                   ; AUTO_CARRY                       ;
; IGNORE_CARRY_BUFFERS               ; OFF                  ; IGNORE_CARRY                     ;
; AUTO_CASCADE_CHAINS                ; ON                   ; AUTO_CASCADE                     ;
; IGNORE_CASCADE_BUFFERS             ; OFF                  ; IGNORE_CASCADE                   ;
; WIDTH_BYTEENA                      ; 1                    ; Untyped                          ;
; OPERATION_MODE                     ; DUAL_PORT            ; Untyped                          ;
; WIDTH_A                            ; 16                   ; Untyped                          ;
; WIDTHAD_A                          ; 6                    ; Untyped                          ;
; NUMWORDS_A                         ; 64                   ; Untyped                          ;
; OUTDATA_REG_A                      ; UNREGISTERED         ; Untyped                          ;
; ADDRESS_ACLR_A                     ; NONE                 ; Untyped                          ;
; OUTDATA_ACLR_A                     ; NONE                 ; Untyped                          ;
; WRCONTROL_ACLR_A                   ; NONE                 ; Untyped                          ;
; INDATA_ACLR_A                      ; NONE                 ; Untyped                          ;
; BYTEENA_ACLR_A                     ; NONE                 ; Untyped                          ;
; WIDTH_B                            ; 16                   ; Untyped                          ;
; WIDTHAD_B                          ; 6                    ; Untyped                          ;
; NUMWORDS_B                         ; 64                   ; Untyped                          ;
; INDATA_REG_B                       ; CLOCK1               ; Untyped                          ;
; WRCONTROL_WRADDRESS_REG_B          ; CLOCK1               ; Untyped                          ;
; RDCONTROL_REG_B                    ; CLOCK1               ; Untyped                          ;
; ADDRESS_REG_B                      ; CLOCK0               ; Untyped                          ;
; OUTDATA_REG_B                      ; UNREGISTERED         ; Untyped                          ;
; BYTEENA_REG_B                      ; CLOCK1               ; Untyped                          ;
; INDATA_ACLR_B                      ; NONE                 ; Untyped                          ;
; WRCONTROL_ACLR_B                   ; NONE                 ; Untyped                          ;
; ADDRESS_ACLR_B                     ; NONE                 ; Untyped                          ;
; OUTDATA_ACLR_B                     ; NONE                 ; Untyped                          ;
; RDCONTROL_ACLR_B                   ; NONE                 ; Untyped                          ;
; BYTEENA_ACLR_B                     ; NONE                 ; Untyped                          ;
; WIDTH_BYTEENA_A                    ; 1                    ; Untyped                          ;
; WIDTH_BYTEENA_B                    ; 1                    ; Untyped                          ;
; RAM_BLOCK_TYPE                     ; AUTO                 ; Untyped                          ;
; BYTE_SIZE                          ; 8                    ; Untyped                          ;
; READ_DURING_WRITE_MODE_MIXED_PORTS ; OLD_DATA             ; Untyped                          ;
; READ_DURING_WRITE_MODE_PORT_A      ; NEW_DATA_NO_NBE_READ ; Untyped                          ;
; READ_DURING_WRITE_MODE_PORT_B      ; NEW_DATA_NO_NBE_READ ; Untyped                          ;
; INIT_FILE                          ; UNUSED               ; Untyped                          ;
; INIT_FILE_LAYOUT                   ; PORT_A               ; Untyped                          ;
; MAXIMUM_DEPTH                      ; 0                    ; Untyped                          ;
; CLOCK_ENABLE_INPUT_A               ; NORMAL               ; Untyped                          ;
; CLOCK_ENABLE_INPUT_B               ; NORMAL               ; Untyped                          ;
; CLOCK_ENABLE_OUTPUT_A              ; NORMAL               ; Untyped                          ;
; CLOCK_ENABLE_OUTPUT_B              ; NORMAL               ; Untyped                          ;
; CLOCK_ENABLE_CORE_A                ; USE_INPUT_CLKEN      ; Untyped                          ;
; CLOCK_ENABLE_CORE_B                ; USE_INPUT_CLKEN      ; Untyped                          ;
; ENABLE_ECC                         ; FALSE                ; Untyped                          ;
; ECC_PIPELINE_STAGE_ENABLED         ; FALSE                ; Untyped                          ;
; WIDTH_ECCSTATUS                    ; 3                    ; Untyped                          ;
; DEVICE_FAMILY                      ; Cyclone V            ; Untyped                          ;
; CBXI_PARAMETER                     ; altsyncram_e3n1      ; Untyped                          ;
+------------------------------------+----------------------+----------------------------------+
Note: In order to hide this table in the UI and the text report file, please set the "Show Parameter Settings in Synthesis Report" option in "Analysis and Synthesis Settings -> More Settings" to "Off".


+----------------------------------------------------------------------------------------------+
; Parameter Settings for Inferred Entity Instance: igor_neural_core:neural|altsyncram:h2_rtl_0 ;
+------------------------------------+----------------------+----------------------------------+
; Parameter Name                     ; Value                ; Type                             ;
+------------------------------------+----------------------+----------------------------------+
; BYTE_SIZE_BLOCK                    ; 8                    ; Untyped                          ;
; AUTO_CARRY_CHAINS                  ; ON                   ; AUTO_CARRY                       ;
; IGNORE_CARRY_BUFFERS               ; OFF                  ; IGNORE_CARRY                     ;
; AUTO_CASCADE_CHAINS                ; ON                   ; AUTO_CASCADE                     ;
; IGNORE_CASCADE_BUFFERS             ; OFF                  ; IGNORE_CASCADE                   ;
; WIDTH_BYTEENA                      ; 1                    ; Untyped                          ;
; OPERATION_MODE                     ; DUAL_PORT            ; Untyped                          ;
; WIDTH_A                            ; 16                   ; Untyped                          ;
; WIDTHAD_A                          ; 6                    ; Untyped                          ;
; NUMWORDS_A                         ; 64                   ; Untyped                          ;
; OUTDATA_REG_A                      ; UNREGISTERED         ; Untyped                          ;
; ADDRESS_ACLR_A                     ; NONE                 ; Untyped                          ;
; OUTDATA_ACLR_A                     ; NONE                 ; Untyped                          ;
; WRCONTROL_ACLR_A                   ; NONE                 ; Untyped                          ;
; INDATA_ACLR_A                      ; NONE                 ; Untyped                          ;
; BYTEENA_ACLR_A                     ; NONE                 ; Untyped                          ;
; WIDTH_B                            ; 16                   ; Untyped                          ;
; WIDTHAD_B                          ; 6                    ; Untyped                          ;
; NUMWORDS_B                         ; 64                   ; Untyped                          ;
; INDATA_REG_B                       ; CLOCK1               ; Untyped                          ;
; WRCONTROL_WRADDRESS_REG_B          ; CLOCK1               ; Untyped                          ;
; RDCONTROL_REG_B                    ; CLOCK1               ; Untyped                          ;
; ADDRESS_REG_B                      ; CLOCK0               ; Untyped                          ;
; OUTDATA_REG_B                      ; UNREGISTERED         ; Untyped                          ;
; BYTEENA_REG_B                      ; CLOCK1               ; Untyped                          ;
; INDATA_ACLR_B                      ; NONE                 ; Untyped                          ;
; WRCONTROL_ACLR_B                   ; NONE                 ; Untyped                          ;
; ADDRESS_ACLR_B                     ; NONE                 ; Untyped                          ;
; OUTDATA_ACLR_B                     ; NONE                 ; Untyped                          ;
; RDCONTROL_ACLR_B                   ; NONE                 ; Untyped                          ;
; BYTEENA_ACLR_B                     ; NONE                 ; Untyped                          ;
; WIDTH_BYTEENA_A                    ; 1                    ; Untyped                          ;
; WIDTH_BYTEENA_B                    ; 1                    ; Untyped                          ;
; RAM_BLOCK_TYPE                     ; AUTO                 ; Untyped                          ;
; BYTE_SIZE                          ; 8                    ; Untyped                          ;
; READ_DURING_WRITE_MODE_MIXED_PORTS ; OLD_DATA             ; Untyped                          ;
; READ_DURING_WRITE_MODE_PORT_A      ; NEW_DATA_NO_NBE_READ ; Untyped                          ;
; READ_DURING_WRITE_MODE_PORT_B      ; NEW_DATA_NO_NBE_READ ; Untyped                          ;
; INIT_FILE                          ; UNUSED               ; Untyped                          ;
; INIT_FILE_LAYOUT                   ; PORT_A               ; Untyped                          ;
; MAXIMUM_DEPTH                      ; 0                    ; Untyped                          ;
; CLOCK_ENABLE_INPUT_A               ; NORMAL               ; Untyped                          ;
; CLOCK_ENABLE_INPUT_B               ; NORMAL               ; Untyped                          ;
; CLOCK_ENABLE_OUTPUT_A              ; NORMAL               ; Untyped                          ;
; CLOCK_ENABLE_OUTPUT_B              ; NORMAL               ; Untyped                          ;
; CLOCK_ENABLE_CORE_A                ; USE_INPUT_CLKEN      ; Untyped                          ;
; CLOCK_ENABLE_CORE_B                ; USE_INPUT_CLKEN      ; Untyped                          ;
; ENABLE_ECC                         ; FALSE                ; Untyped                          ;
; ECC_PIPELINE_STAGE_ENABLED         ; FALSE                ; Untyped                          ;
; WIDTH_ECCSTATUS                    ; 3                    ; Untyped                          ;
; DEVICE_FAMILY                      ; Cyclone V            ; Untyped                          ;
; CBXI_PARAMETER                     ; altsyncram_e3n1      ; Untyped                          ;
+------------------------------------+----------------------+----------------------------------+
Note: In order to hide this table in the UI and the text report file, please set the "Show Parameter Settings in Synthesis Report" option in "Analysis and Synthesis Settings -> More Settings" to "Off".


+--------------------------------------------------------------------------------------------------------------------------+
; Parameter Settings for Inferred Entity Instance: igor_top:core|igor_costmap_bank:tiles[3].memory|altsyncram:memory_rtl_0 ;
+------------------------------------+----------------------+--------------------------------------------------------------+
; Parameter Name                     ; Value                ; Type                                                         ;
+------------------------------------+----------------------+--------------------------------------------------------------+
; BYTE_SIZE_BLOCK                    ; 8                    ; Untyped                                                      ;
; AUTO_CARRY_CHAINS                  ; ON                   ; AUTO_CARRY                                                   ;
; IGNORE_CARRY_BUFFERS               ; OFF                  ; IGNORE_CARRY                                                 ;
; AUTO_CASCADE_CHAINS                ; ON                   ; AUTO_CASCADE                                                 ;
; IGNORE_CASCADE_BUFFERS             ; OFF                  ; IGNORE_CASCADE                                               ;
; WIDTH_BYTEENA                      ; 1                    ; Untyped                                                      ;
; OPERATION_MODE                     ; DUAL_PORT            ; Untyped                                                      ;
; WIDTH_A                            ; 8                    ; Untyped                                                      ;
; WIDTHAD_A                          ; 15                   ; Untyped                                                      ;
; NUMWORDS_A                         ; 32768                ; Untyped                                                      ;
; OUTDATA_REG_A                      ; UNREGISTERED         ; Untyped                                                      ;
; ADDRESS_ACLR_A                     ; NONE                 ; Untyped                                                      ;
; OUTDATA_ACLR_A                     ; NONE                 ; Untyped                                                      ;
; WRCONTROL_ACLR_A                   ; NONE                 ; Untyped                                                      ;
; INDATA_ACLR_A                      ; NONE                 ; Untyped                                                      ;
; BYTEENA_ACLR_A                     ; NONE                 ; Untyped                                                      ;
; WIDTH_B                            ; 8                    ; Untyped                                                      ;
; WIDTHAD_B                          ; 15                   ; Untyped                                                      ;
; NUMWORDS_B                         ; 32768                ; Untyped                                                      ;
; INDATA_REG_B                       ; CLOCK1               ; Untyped                                                      ;
; WRCONTROL_WRADDRESS_REG_B          ; CLOCK1               ; Untyped                                                      ;
; RDCONTROL_REG_B                    ; CLOCK1               ; Untyped                                                      ;
; ADDRESS_REG_B                      ; CLOCK0               ; Untyped                                                      ;
; OUTDATA_REG_B                      ; UNREGISTERED         ; Untyped                                                      ;
; BYTEENA_REG_B                      ; CLOCK1               ; Untyped                                                      ;
; INDATA_ACLR_B                      ; NONE                 ; Untyped                                                      ;
; WRCONTROL_ACLR_B                   ; NONE                 ; Untyped                                                      ;
; ADDRESS_ACLR_B                     ; NONE                 ; Untyped                                                      ;
; OUTDATA_ACLR_B                     ; NONE                 ; Untyped                                                      ;
; RDCONTROL_ACLR_B                   ; NONE                 ; Untyped                                                      ;
; BYTEENA_ACLR_B                     ; NONE                 ; Untyped                                                      ;
; WIDTH_BYTEENA_A                    ; 1                    ; Untyped                                                      ;
; WIDTH_BYTEENA_B                    ; 1                    ; Untyped                                                      ;
; RAM_BLOCK_TYPE                     ; M10K                 ; Untyped                                                      ;
; BYTE_SIZE                          ; 8                    ; Untyped                                                      ;
; READ_DURING_WRITE_MODE_MIXED_PORTS ; OLD_DATA             ; Untyped                                                      ;
; READ_DURING_WRITE_MODE_PORT_A      ; NEW_DATA_NO_NBE_READ ; Untyped                                                      ;
; READ_DURING_WRITE_MODE_PORT_B      ; NEW_DATA_NO_NBE_READ ; Untyped                                                      ;
; INIT_FILE                          ; UNUSED               ; Untyped                                                      ;
; INIT_FILE_LAYOUT                   ; PORT_A               ; Untyped                                                      ;
; MAXIMUM_DEPTH                      ; 0                    ; Untyped                                                      ;
; CLOCK_ENABLE_INPUT_A               ; NORMAL               ; Untyped                                                      ;
; CLOCK_ENABLE_INPUT_B               ; NORMAL               ; Untyped                                                      ;
; CLOCK_ENABLE_OUTPUT_A              ; NORMAL               ; Untyped                                                      ;
; CLOCK_ENABLE_OUTPUT_B              ; NORMAL               ; Untyped                                                      ;
; CLOCK_ENABLE_CORE_A                ; USE_INPUT_CLKEN      ; Untyped                                                      ;
; CLOCK_ENABLE_CORE_B                ; USE_INPUT_CLKEN      ; Untyped                                                      ;
; ENABLE_ECC                         ; FALSE                ; Untyped                                                      ;
; ECC_PIPELINE_STAGE_ENABLED         ; FALSE                ; Untyped                                                      ;
; WIDTH_ECCSTATUS                    ; 3                    ; Untyped                                                      ;
; DEVICE_FAMILY                      ; Cyclone V            ; Untyped                                                      ;
; CBXI_PARAMETER                     ; altsyncram_lap1      ; Untyped                                                      ;
+------------------------------------+----------------------+--------------------------------------------------------------+
Note: In order to hide this table in the UI and the text report file, please set the "Show Parameter Settings in Synthesis Report" option in "Analysis and Synthesis Settings -> More Settings" to "Off".


+--------------------------------------------------------------------------------------------------------------------------+
; Parameter Settings for Inferred Entity Instance: igor_top:core|igor_costmap_bank:tiles[2].memory|altsyncram:memory_rtl_0 ;
+------------------------------------+----------------------+--------------------------------------------------------------+
; Parameter Name                     ; Value                ; Type                                                         ;
+------------------------------------+----------------------+--------------------------------------------------------------+
; BYTE_SIZE_BLOCK                    ; 8                    ; Untyped                                                      ;
; AUTO_CARRY_CHAINS                  ; ON                   ; AUTO_CARRY                                                   ;
; IGNORE_CARRY_BUFFERS               ; OFF                  ; IGNORE_CARRY                                                 ;
; AUTO_CASCADE_CHAINS                ; ON                   ; AUTO_CASCADE                                                 ;
; IGNORE_CASCADE_BUFFERS             ; OFF                  ; IGNORE_CASCADE                                               ;
; WIDTH_BYTEENA                      ; 1                    ; Untyped                                                      ;
; OPERATION_MODE                     ; DUAL_PORT            ; Untyped                                                      ;
; WIDTH_A                            ; 8                    ; Untyped                                                      ;
; WIDTHAD_A                          ; 15                   ; Untyped                                                      ;
; NUMWORDS_A                         ; 32768                ; Untyped                                                      ;
; OUTDATA_REG_A                      ; UNREGISTERED         ; Untyped                                                      ;
; ADDRESS_ACLR_A                     ; NONE                 ; Untyped                                                      ;
; OUTDATA_ACLR_A                     ; NONE                 ; Untyped                                                      ;
; WRCONTROL_ACLR_A                   ; NONE                 ; Untyped                                                      ;
; INDATA_ACLR_A                      ; NONE                 ; Untyped                                                      ;
; BYTEENA_ACLR_A                     ; NONE                 ; Untyped                                                      ;
; WIDTH_B                            ; 8                    ; Untyped                                                      ;
; WIDTHAD_B                          ; 15                   ; Untyped                                                      ;
; NUMWORDS_B                         ; 32768                ; Untyped                                                      ;
; INDATA_REG_B                       ; CLOCK1               ; Untyped                                                      ;
; WRCONTROL_WRADDRESS_REG_B          ; CLOCK1               ; Untyped                                                      ;
; RDCONTROL_REG_B                    ; CLOCK1               ; Untyped                                                      ;
; ADDRESS_REG_B                      ; CLOCK0               ; Untyped                                                      ;
; OUTDATA_REG_B                      ; UNREGISTERED         ; Untyped                                                      ;
; BYTEENA_REG_B                      ; CLOCK1               ; Untyped                                                      ;
; INDATA_ACLR_B                      ; NONE                 ; Untyped                                                      ;
; WRCONTROL_ACLR_B                   ; NONE                 ; Untyped                                                      ;
; ADDRESS_ACLR_B                     ; NONE                 ; Untyped                                                      ;
; OUTDATA_ACLR_B                     ; NONE                 ; Untyped                                                      ;
; RDCONTROL_ACLR_B                   ; NONE                 ; Untyped                                                      ;
; BYTEENA_ACLR_B                     ; NONE                 ; Untyped                                                      ;
; WIDTH_BYTEENA_A                    ; 1                    ; Untyped                                                      ;
; WIDTH_BYTEENA_B                    ; 1                    ; Untyped                                                      ;
; RAM_BLOCK_TYPE                     ; M10K                 ; Untyped                                                      ;
; BYTE_SIZE                          ; 8                    ; Untyped                                                      ;
; READ_DURING_WRITE_MODE_MIXED_PORTS ; OLD_DATA             ; Untyped                                                      ;
; READ_DURING_WRITE_MODE_PORT_A      ; NEW_DATA_NO_NBE_READ ; Untyped                                                      ;
; READ_DURING_WRITE_MODE_PORT_B      ; NEW_DATA_NO_NBE_READ ; Untyped                                                      ;
; INIT_FILE                          ; UNUSED               ; Untyped                                                      ;
; INIT_FILE_LAYOUT                   ; PORT_A               ; Untyped                                                      ;
; MAXIMUM_DEPTH                      ; 0                    ; Untyped                                                      ;
; CLOCK_ENABLE_INPUT_A               ; NORMAL               ; Untyped                                                      ;
; CLOCK_ENABLE_INPUT_B               ; NORMAL               ; Untyped                                                      ;
; CLOCK_ENABLE_OUTPUT_A              ; NORMAL               ; Untyped                                                      ;
; CLOCK_ENABLE_OUTPUT_B              ; NORMAL               ; Untyped                                                      ;
; CLOCK_ENABLE_CORE_A                ; USE_INPUT_CLKEN      ; Untyped                                                      ;
; CLOCK_ENABLE_CORE_B                ; USE_INPUT_CLKEN      ; Untyped                                                      ;
; ENABLE_ECC                         ; FALSE                ; Untyped                                                      ;
; ECC_PIPELINE_STAGE_ENABLED         ; FALSE                ; Untyped                                                      ;
; WIDTH_ECCSTATUS                    ; 3                    ; Untyped                                                      ;
; DEVICE_FAMILY                      ; Cyclone V            ; Untyped                                                      ;
; CBXI_PARAMETER                     ; altsyncram_lap1      ; Untyped                                                      ;
+------------------------------------+----------------------+--------------------------------------------------------------+
Note: In order to hide this table in the UI and the text report file, please set the "Show Parameter Settings in Synthesis Report" option in "Analysis and Synthesis Settings -> More Settings" to "Off".


+--------------------------------------------------------------------------------------------------------------------------+
; Parameter Settings for Inferred Entity Instance: igor_top:core|igor_costmap_bank:tiles[1].memory|altsyncram:memory_rtl_0 ;
+------------------------------------+----------------------+--------------------------------------------------------------+
; Parameter Name                     ; Value                ; Type                                                         ;
+------------------------------------+----------------------+--------------------------------------------------------------+
; BYTE_SIZE_BLOCK                    ; 8                    ; Untyped                                                      ;
; AUTO_CARRY_CHAINS                  ; ON                   ; AUTO_CARRY                                                   ;
; IGNORE_CARRY_BUFFERS               ; OFF                  ; IGNORE_CARRY                                                 ;
; AUTO_CASCADE_CHAINS                ; ON                   ; AUTO_CASCADE                                                 ;
; IGNORE_CASCADE_BUFFERS             ; OFF                  ; IGNORE_CASCADE                                               ;
; WIDTH_BYTEENA                      ; 1                    ; Untyped                                                      ;
; OPERATION_MODE                     ; DUAL_PORT            ; Untyped                                                      ;
; WIDTH_A                            ; 8                    ; Untyped                                                      ;
; WIDTHAD_A                          ; 15                   ; Untyped                                                      ;
; NUMWORDS_A                         ; 32768                ; Untyped                                                      ;
; OUTDATA_REG_A                      ; UNREGISTERED         ; Untyped                                                      ;
; ADDRESS_ACLR_A                     ; NONE                 ; Untyped                                                      ;
; OUTDATA_ACLR_A                     ; NONE                 ; Untyped                                                      ;
; WRCONTROL_ACLR_A                   ; NONE                 ; Untyped                                                      ;
; INDATA_ACLR_A                      ; NONE                 ; Untyped                                                      ;
; BYTEENA_ACLR_A                     ; NONE                 ; Untyped                                                      ;
; WIDTH_B                            ; 8                    ; Untyped                                                      ;
; WIDTHAD_B                          ; 15                   ; Untyped                                                      ;
; NUMWORDS_B                         ; 32768                ; Untyped                                                      ;
; INDATA_REG_B                       ; CLOCK1               ; Untyped                                                      ;
; WRCONTROL_WRADDRESS_REG_B          ; CLOCK1               ; Untyped                                                      ;
; RDCONTROL_REG_B                    ; CLOCK1               ; Untyped                                                      ;
; ADDRESS_REG_B                      ; CLOCK0               ; Untyped                                                      ;
; OUTDATA_REG_B                      ; UNREGISTERED         ; Untyped                                                      ;
; BYTEENA_REG_B                      ; CLOCK1               ; Untyped                                                      ;
; INDATA_ACLR_B                      ; NONE                 ; Untyped                                                      ;
; WRCONTROL_ACLR_B                   ; NONE                 ; Untyped                                                      ;
; ADDRESS_ACLR_B                     ; NONE                 ; Untyped                                                      ;
; OUTDATA_ACLR_B                     ; NONE                 ; Untyped                                                      ;
; RDCONTROL_ACLR_B                   ; NONE                 ; Untyped                                                      ;
; BYTEENA_ACLR_B                     ; NONE                 ; Untyped                                                      ;
; WIDTH_BYTEENA_A                    ; 1                    ; Untyped                                                      ;
; WIDTH_BYTEENA_B                    ; 1                    ; Untyped                                                      ;
; RAM_BLOCK_TYPE                     ; M10K                 ; Untyped                                                      ;
; BYTE_SIZE                          ; 8                    ; Untyped                                                      ;
; READ_DURING_WRITE_MODE_MIXED_PORTS ; OLD_DATA             ; Untyped                                                      ;
; READ_DURING_WRITE_MODE_PORT_A      ; NEW_DATA_NO_NBE_READ ; Untyped                                                      ;
; READ_DURING_WRITE_MODE_PORT_B      ; NEW_DATA_NO_NBE_READ ; Untyped                                                      ;
; INIT_FILE                          ; UNUSED               ; Untyped                                                      ;
; INIT_FILE_LAYOUT                   ; PORT_A               ; Untyped                                                      ;
; MAXIMUM_DEPTH                      ; 0                    ; Untyped                                                      ;
; CLOCK_ENABLE_INPUT_A               ; NORMAL               ; Untyped                                                      ;
; CLOCK_ENABLE_INPUT_B               ; NORMAL               ; Untyped                                                      ;
; CLOCK_ENABLE_OUTPUT_A              ; NORMAL               ; Untyped                                                      ;
; CLOCK_ENABLE_OUTPUT_B              ; NORMAL               ; Untyped                                                      ;
; CLOCK_ENABLE_CORE_A                ; USE_INPUT_CLKEN      ; Untyped                                                      ;
; CLOCK_ENABLE_CORE_B                ; USE_INPUT_CLKEN      ; Untyped                                                      ;
; ENABLE_ECC                         ; FALSE                ; Untyped                                                      ;
; ECC_PIPELINE_STAGE_ENABLED         ; FALSE                ; Untyped                                                      ;
; WIDTH_ECCSTATUS                    ; 3                    ; Untyped                                                      ;
; DEVICE_FAMILY                      ; Cyclone V            ; Untyped                                                      ;
; CBXI_PARAMETER                     ; altsyncram_lap1      ; Untyped                                                      ;
+------------------------------------+----------------------+--------------------------------------------------------------+
Note: In order to hide this table in the UI and the text report file, please set the "Show Parameter Settings in Synthesis Report" option in "Analysis and Synthesis Settings -> More Settings" to "Off".


+--------------------------------------------------------------------------------------------------------------------------+
; Parameter Settings for Inferred Entity Instance: igor_top:core|igor_costmap_bank:tiles[0].memory|altsyncram:memory_rtl_0 ;
+------------------------------------+----------------------+--------------------------------------------------------------+
; Parameter Name                     ; Value                ; Type                                                         ;
+------------------------------------+----------------------+--------------------------------------------------------------+
; BYTE_SIZE_BLOCK                    ; 8                    ; Untyped                                                      ;
; AUTO_CARRY_CHAINS                  ; ON                   ; AUTO_CARRY                                                   ;
; IGNORE_CARRY_BUFFERS               ; OFF                  ; IGNORE_CARRY                                                 ;
; AUTO_CASCADE_CHAINS                ; ON                   ; AUTO_CASCADE                                                 ;
; IGNORE_CASCADE_BUFFERS             ; OFF                  ; IGNORE_CASCADE                                               ;
; WIDTH_BYTEENA                      ; 1                    ; Untyped                                                      ;
; OPERATION_MODE                     ; DUAL_PORT            ; Untyped                                                      ;
; WIDTH_A                            ; 8                    ; Untyped                                                      ;
; WIDTHAD_A                          ; 15                   ; Untyped                                                      ;
; NUMWORDS_A                         ; 32768                ; Untyped                                                      ;
; OUTDATA_REG_A                      ; UNREGISTERED         ; Untyped                                                      ;
; ADDRESS_ACLR_A                     ; NONE                 ; Untyped                                                      ;
; OUTDATA_ACLR_A                     ; NONE                 ; Untyped                                                      ;
; WRCONTROL_ACLR_A                   ; NONE                 ; Untyped                                                      ;
; INDATA_ACLR_A                      ; NONE                 ; Untyped                                                      ;
; BYTEENA_ACLR_A                     ; NONE                 ; Untyped                                                      ;
; WIDTH_B                            ; 8                    ; Untyped                                                      ;
; WIDTHAD_B                          ; 15                   ; Untyped                                                      ;
; NUMWORDS_B                         ; 32768                ; Untyped                                                      ;
; INDATA_REG_B                       ; CLOCK1               ; Untyped                                                      ;
; WRCONTROL_WRADDRESS_REG_B          ; CLOCK1               ; Untyped                                                      ;
; RDCONTROL_REG_B                    ; CLOCK1               ; Untyped                                                      ;
; ADDRESS_REG_B                      ; CLOCK0               ; Untyped                                                      ;
; OUTDATA_REG_B                      ; UNREGISTERED         ; Untyped                                                      ;
; BYTEENA_REG_B                      ; CLOCK1               ; Untyped                                                      ;
; INDATA_ACLR_B                      ; NONE                 ; Untyped                                                      ;
; WRCONTROL_ACLR_B                   ; NONE                 ; Untyped                                                      ;
; ADDRESS_ACLR_B                     ; NONE                 ; Untyped                                                      ;
; OUTDATA_ACLR_B                     ; NONE                 ; Untyped                                                      ;
; RDCONTROL_ACLR_B                   ; NONE                 ; Untyped                                                      ;
; BYTEENA_ACLR_B                     ; NONE                 ; Untyped                                                      ;
; WIDTH_BYTEENA_A                    ; 1                    ; Untyped                                                      ;
; WIDTH_BYTEENA_B                    ; 1                    ; Untyped                                                      ;
; RAM_BLOCK_TYPE                     ; M10K                 ; Untyped                                                      ;
; BYTE_SIZE                          ; 8                    ; Untyped                                                      ;
; READ_DURING_WRITE_MODE_MIXED_PORTS ; OLD_DATA             ; Untyped                                                      ;
; READ_DURING_WRITE_MODE_PORT_A      ; NEW_DATA_NO_NBE_READ ; Untyped                                                      ;
; READ_DURING_WRITE_MODE_PORT_B      ; NEW_DATA_NO_NBE_READ ; Untyped                                                      ;
; INIT_FILE                          ; UNUSED               ; Untyped                                                      ;
; INIT_FILE_LAYOUT                   ; PORT_A               ; Untyped                                                      ;
; MAXIMUM_DEPTH                      ; 0                    ; Untyped                                                      ;
; CLOCK_ENABLE_INPUT_A               ; NORMAL               ; Untyped                                                      ;
; CLOCK_ENABLE_INPUT_B               ; NORMAL               ; Untyped                                                      ;
; CLOCK_ENABLE_OUTPUT_A              ; NORMAL               ; Untyped                                                      ;
; CLOCK_ENABLE_OUTPUT_B              ; NORMAL               ; Untyped                                                      ;
; CLOCK_ENABLE_CORE_A                ; USE_INPUT_CLKEN      ; Untyped                                                      ;
; CLOCK_ENABLE_CORE_B                ; USE_INPUT_CLKEN      ; Untyped                                                      ;
; ENABLE_ECC                         ; FALSE                ; Untyped                                                      ;
; ECC_PIPELINE_STAGE_ENABLED         ; FALSE                ; Untyped                                                      ;
; WIDTH_ECCSTATUS                    ; 3                    ; Untyped                                                      ;
; DEVICE_FAMILY                      ; Cyclone V            ; Untyped                                                      ;
; CBXI_PARAMETER                     ; altsyncram_lap1      ; Untyped                                                      ;
+------------------------------------+----------------------+--------------------------------------------------------------+
Note: In order to hide this table in the UI and the text report file, please set the "Show Parameter Settings in Synthesis Report" option in "Analysis and Synthesis Settings -> More Settings" to "Off".


+---------------------------------------------------------------------------------------------------------------------+
; altsyncram Parameter Settings by Entity Instance                                                                    ;
+-------------------------------------------+-------------------------------------------------------------------------+
; Name                                      ; Value                                                                   ;
+-------------------------------------------+-------------------------------------------------------------------------+
; Number of entity instances                ; 7                                                                       ;
; Entity Instance                           ; igor_neural_core:neural|altsyncram:inputs_rtl_0                         ;
;     -- OPERATION_MODE                     ; DUAL_PORT                                                               ;
;     -- WIDTH_A                            ; 16                                                                      ;
;     -- NUMWORDS_A                         ; 24                                                                      ;
;     -- OUTDATA_REG_A                      ; UNREGISTERED                                                            ;
;     -- WIDTH_B                            ; 16                                                                      ;
;     -- NUMWORDS_B                         ; 24                                                                      ;
;     -- ADDRESS_REG_B                      ; CLOCK0                                                                  ;
;     -- OUTDATA_REG_B                      ; UNREGISTERED                                                            ;
;     -- RAM_BLOCK_TYPE                     ; AUTO                                                                    ;
;     -- READ_DURING_WRITE_MODE_MIXED_PORTS ; OLD_DATA                                                                ;
; Entity Instance                           ; igor_neural_core:neural|altsyncram:h1_rtl_0                             ;
;     -- OPERATION_MODE                     ; DUAL_PORT                                                               ;
;     -- WIDTH_A                            ; 16                                                                      ;
;     -- NUMWORDS_A                         ; 64                                                                      ;
;     -- OUTDATA_REG_A                      ; UNREGISTERED                                                            ;
;     -- WIDTH_B                            ; 16                                                                      ;
;     -- NUMWORDS_B                         ; 64                                                                      ;
;     -- ADDRESS_REG_B                      ; CLOCK0                                                                  ;
;     -- OUTDATA_REG_B                      ; UNREGISTERED                                                            ;
;     -- RAM_BLOCK_TYPE                     ; AUTO                                                                    ;
;     -- READ_DURING_WRITE_MODE_MIXED_PORTS ; OLD_DATA                                                                ;
; Entity Instance                           ; igor_neural_core:neural|altsyncram:h2_rtl_0                             ;
;     -- OPERATION_MODE                     ; DUAL_PORT                                                               ;
;     -- WIDTH_A                            ; 16                                                                      ;
;     -- NUMWORDS_A                         ; 64                                                                      ;
;     -- OUTDATA_REG_A                      ; UNREGISTERED                                                            ;
;     -- WIDTH_B                            ; 16                                                                      ;
;     -- NUMWORDS_B                         ; 64                                                                      ;
;     -- ADDRESS_REG_B                      ; CLOCK0                                                                  ;
;     -- OUTDATA_REG_B                      ; UNREGISTERED                                                            ;
;     -- RAM_BLOCK_TYPE                     ; AUTO                                                                    ;
;     -- READ_DURING_WRITE_MODE_MIXED_PORTS ; OLD_DATA                                                                ;
; Entity Instance                           ; igor_top:core|igor_costmap_bank:tiles[3].memory|altsyncram:memory_rtl_0 ;
;     -- OPERATION_MODE                     ; DUAL_PORT                                                               ;
;     -- WIDTH_A                            ; 8                                                                       ;
;     -- NUMWORDS_A                         ; 32768                                                                   ;
;     -- OUTDATA_REG_A                      ; UNREGISTERED                                                            ;
;     -- WIDTH_B                            ; 8                                                                       ;
;     -- NUMWORDS_B                         ; 32768                                                                   ;
;     -- ADDRESS_REG_B                      ; CLOCK0                                                                  ;
;     -- OUTDATA_REG_B                      ; UNREGISTERED                                                            ;
;     -- RAM_BLOCK_TYPE                     ; M10K                                                                    ;
;     -- READ_DURING_WRITE_MODE_MIXED_PORTS ; OLD_DATA                                                                ;
; Entity Instance                           ; igor_top:core|igor_costmap_bank:tiles[2].memory|altsyncram:memory_rtl_0 ;
;     -- OPERATION_MODE                     ; DUAL_PORT                                                               ;
;     -- WIDTH_A                            ; 8                                                                       ;
;     -- NUMWORDS_A                         ; 32768                                                                   ;
;     -- OUTDATA_REG_A                      ; UNREGISTERED                                                            ;
;     -- WIDTH_B                            ; 8                                                                       ;
;     -- NUMWORDS_B                         ; 32768                                                                   ;
;     -- ADDRESS_REG_B                      ; CLOCK0                                                                  ;
;     -- OUTDATA_REG_B                      ; UNREGISTERED                                                            ;
;     -- RAM_BLOCK_TYPE                     ; M10K                                                                    ;
;     -- READ_DURING_WRITE_MODE_MIXED_PORTS ; OLD_DATA                                                                ;
; Entity Instance                           ; igor_top:core|igor_costmap_bank:tiles[1].memory|altsyncram:memory_rtl_0 ;
;     -- OPERATION_MODE                     ; DUAL_PORT                                                               ;
;     -- WIDTH_A                            ; 8                                                                       ;
;     -- NUMWORDS_A                         ; 32768                                                                   ;
;     -- OUTDATA_REG_A                      ; UNREGISTERED                                                            ;
;     -- WIDTH_B                            ; 8                                                                       ;
;     -- NUMWORDS_B                         ; 32768                                                                   ;
;     -- ADDRESS_REG_B                      ; CLOCK0                                                                  ;
;     -- OUTDATA_REG_B                      ; UNREGISTERED                                                            ;
;     -- RAM_BLOCK_TYPE                     ; M10K                                                                    ;
;     -- READ_DURING_WRITE_MODE_MIXED_PORTS ; OLD_DATA                                                                ;
; Entity Instance                           ; igor_top:core|igor_costmap_bank:tiles[0].memory|altsyncram:memory_rtl_0 ;
;     -- OPERATION_MODE                     ; DUAL_PORT                                                               ;
;     -- WIDTH_A                            ; 8                                                                       ;
;     -- NUMWORDS_A                         ; 32768                                                                   ;
;     -- OUTDATA_REG_A                      ; UNREGISTERED                                                            ;
;     -- WIDTH_B                            ; 8                                                                       ;
;     -- NUMWORDS_B                         ; 32768                                                                   ;
;     -- ADDRESS_REG_B                      ; CLOCK0                                                                  ;
;     -- OUTDATA_REG_B                      ; UNREGISTERED                                                            ;
;     -- RAM_BLOCK_TYPE                     ; M10K                                                                    ;
;     -- READ_DURING_WRITE_MODE_MIXED_PORTS ; OLD_DATA                                                                ;
+-------------------------------------------+-------------------------------------------------------------------------+


+--------------------------------------------------------------------------+
; Port Connectivity Checks: "igor_top:core|igor_safety_security_gate:gate" ;
+----------------+-------+----------+--------------------------------------+
; Port           ; Type  ; Severity ; Details                              ;
+----------------+-------+----------+--------------------------------------+
; candidate_v[4] ; Input ; Info     ; Stuck at GND                         ;
+----------------+-------+----------+--------------------------------------+


+------------------------------------------------------------------------------------------------------+
; Port Connectivity Checks: "igor_top:core|igor_rollout_tile:tiles[3].tile|igor_score_accumulator:acc" ;
+------------------+-------+----------+----------------------------------------------------------------+
; Port             ; Type  ; Severity ; Details                                                        ;
+------------------+-------+----------+----------------------------------------------------------------+
; increment[31..8] ; Input ; Info     ; Stuck at GND                                                   ;
+------------------+-------+----------+----------------------------------------------------------------+


+------------------------------------------------------------------------------------------------------+
; Port Connectivity Checks: "igor_top:core|igor_rollout_tile:tiles[2].tile|igor_score_accumulator:acc" ;
+------------------+-------+----------+----------------------------------------------------------------+
; Port             ; Type  ; Severity ; Details                                                        ;
+------------------+-------+----------+----------------------------------------------------------------+
; increment[31..8] ; Input ; Info     ; Stuck at GND                                                   ;
+------------------+-------+----------+----------------------------------------------------------------+


+------------------------------------------------------------------------------------------------------+
; Port Connectivity Checks: "igor_top:core|igor_rollout_tile:tiles[1].tile|igor_score_accumulator:acc" ;
+------------------+-------+----------+----------------------------------------------------------------+
; Port             ; Type  ; Severity ; Details                                                        ;
+------------------+-------+----------+----------------------------------------------------------------+
; increment[31..8] ; Input ; Info     ; Stuck at GND                                                   ;
+------------------+-------+----------+----------------------------------------------------------------+


+------------------------------------------------------------------------------------------------------+
; Port Connectivity Checks: "igor_top:core|igor_rollout_tile:tiles[0].tile|igor_score_accumulator:acc" ;
+------------------+-------+----------+----------------------------------------------------------------+
; Port             ; Type  ; Severity ; Details                                                        ;
+------------------+-------+----------+----------------------------------------------------------------+
; increment[31..8] ; Input ; Info     ; Stuck at GND                                                   ;
+------------------+-------+----------+----------------------------------------------------------------+


+------------------------------------------------------------------------------------------------------------------------------+
; Port Connectivity Checks: "igor_top:core|igor_costmap_manager:maps"                                                          ;
+--------------------+--------+----------+-------------------------------------------------------------------------------------+
; Port               ; Type   ; Severity ; Details                                                                             ;
+--------------------+--------+----------+-------------------------------------------------------------------------------------+
; committed_sequence ; Output ; Info     ; Connected to dangling logic. Logic that only feeds a dangling port will be removed. ;
; age                ; Output ; Info     ; Connected to dangling logic. Logic that only feeds a dangling port will be removed. ;
+--------------------+--------+----------+-------------------------------------------------------------------------------------+


+-----------------------------------------------------------------------------------------------------------------------------+
; Port Connectivity Checks: "igor_top:core"                                                                                   ;
+-------------------+--------+----------+-------------------------------------------------------------------------------------+
; Port              ; Type   ; Severity ; Details                                                                             ;
+-------------------+--------+----------+-------------------------------------------------------------------------------------+
; selected_score    ; Output ; Info     ; Connected to dangling logic. Logic that only feeds a dangling port will be removed. ;
; selected_cost     ; Output ; Info     ; Connected to dangling logic. Logic that only feeds a dangling port will be removed. ;
; selected_goal     ; Output ; Info     ; Connected to dangling logic. Logic that only feeds a dangling port will be removed. ;
; selected_velocity ; Output ; Info     ; Connected to dangling logic. Logic that only feeds a dangling port will be removed. ;
; event_count       ; Output ; Info     ; Connected to dangling logic. Logic that only feeds a dangling port will be removed. ;
; last_fault        ; Output ; Info     ; Connected to dangling logic. Logic that only feeds a dangling port will be removed. ;
+-------------------+--------+----------+-------------------------------------------------------------------------------------+


+-----------------------------------------------------+
; Post-Synthesis Netlist Statistics for Top Partition ;
+-----------------------+-----------------------------+
; Type                  ; Count                       ;
+-----------------------+-----------------------------+
; arriav_ff             ; 1487                        ;
;     CLR               ; 151                         ;
;     CLR SCLR          ; 49                          ;
;     CLR SLD           ; 5                           ;
;     ENA               ; 110                         ;
;     ENA CLR           ; 515                         ;
;     ENA CLR SCLR      ; 125                         ;
;     ENA CLR SLD       ; 434                         ;
;     SCLR              ; 22                          ;
;     plain             ; 76                          ;
; arriav_lcell_comb     ; 6404                        ;
;     arith             ; 1326                        ;
;         0 data inputs ; 16                          ;
;         1 data inputs ; 766                         ;
;         2 data inputs ; 427                         ;
;         3 data inputs ; 1                           ;
;         4 data inputs ; 102                         ;
;         5 data inputs ; 14                          ;
;     extend            ; 520                         ;
;         7 data inputs ; 520                         ;
;     normal            ; 4502                        ;
;         0 data inputs ; 1                           ;
;         1 data inputs ; 4                           ;
;         2 data inputs ; 564                         ;
;         3 data inputs ; 268                         ;
;         4 data inputs ; 387                         ;
;         5 data inputs ; 400                         ;
;         6 data inputs ; 2878                        ;
;     shared            ; 56                          ;
;         0 data inputs ; 8                           ;
;         1 data inputs ; 1                           ;
;         2 data inputs ; 47                          ;
; arriav_mac            ; 10                          ;
; boundary_port         ; 17                          ;
; stratixv_ram_block    ; 176                         ;
;                       ;                             ;
; Max LUT depth         ; 18.00                       ;
; Average LUT depth     ; 6.72                        ;
+-----------------------+-----------------------------+


+-------------------------------+
; Elapsed Time Per Partition    ;
+----------------+--------------+
; Partition Name ; Elapsed Time ;
+----------------+--------------+
; Top            ; 00:00:16     ;
+----------------+--------------+


+-------------------------------+
; Analysis & Synthesis Messages ;
+-------------------------------+
Info: *******************************************************************
Info: Running Quartus Prime Analysis & Synthesis
    Info: Version 25.1std.0 Build 1129 10/21/2025 SC Standard Edition
    Info: Copyright (C) 2025  Altera Corporation. All rights reserved.
    Info: Your use of Altera Corporation's design tools, logic functions 
    Info: and other software and tools, and any partner logic 
    Info: functions, and any output files from any of the foregoing 
    Info: (including device programming or simulation files), and any 
    Info: associated documentation or information are expressly subject 
    Info: to the terms and conditions of the Altera Program License 
    Info: Subscription Agreement, the Altera Quartus Prime License Agreement,
    Info: the Altera IP License Agreement, or other applicable license
    Info: agreement, including, without limitation, that your use is for
    Info: the sole purpose of programming logic devices manufactured by
    Info: Altera and sold by Altera or its authorized distributors.  Please
    Info: refer to the Altera Software License Subscription Agreements 
    Info: on the Quartus Prime software download page.
    Info: Processing started: Tue Oct  6 16:50:48 2026
Info: Command: quartus_map "C:/Users/William Anthony/Documents/Codex/2026-09-30/files-mentioned-by-the-user-draft/outputs/IGOR_VERIFICATION_ASIC_DELIVERABLES/fpga_de10_nano/quartus/igor"
Info (20032): Parallel compilation is enabled and will use up to 4 processors
Info (12021): Found 1 design units, including 1 entities, in source file /users/william anthony/documents/codex/2026-09-30/files-mentioned-by-the-user-draft/outputs/igor_verification_asic_deliverables/fpga_de10_nano/rtl/igor_best_candidate_selector.v
    Info (12023): Found entity 1: igor_best_candidate_selector File: C:/Users/William Anthony/Documents/Codex/2026-09-30/files-mentioned-by-the-user-draft/outputs/IGOR_VERIFICATION_ASIC_DELIVERABLES/fpga_de10_nano/rtl/igor_best_candidate_selector.v Line: 6
Info (12021): Found 1 design units, including 1 entities, in source file /users/william anthony/documents/codex/2026-09-30/files-mentioned-by-the-user-draft/outputs/igor_verification_asic_deliverables/fpga_de10_nano/rtl/igor_candidate_generator.v
    Info (12023): Found entity 1: igor_candidate_generator File: C:/Users/William Anthony/Documents/Codex/2026-09-30/files-mentioned-by-the-user-draft/outputs/IGOR_VERIFICATION_ASIC_DELIVERABLES/fpga_de10_nano/rtl/igor_candidate_generator.v Line: 6
Info (12021): Found 1 design units, including 1 entities, in source file /users/william anthony/documents/codex/2026-09-30/files-mentioned-by-the-user-draft/outputs/igor_verification_asic_deliverables/fpga_de10_nano/rtl/igor_config_registers.v
    Info (12023): Found entity 1: igor_config_registers File: C:/Users/William Anthony/Documents/Codex/2026-09-30/files-mentioned-by-the-user-draft/outputs/IGOR_VERIFICATION_ASIC_DELIVERABLES/fpga_de10_nano/rtl/igor_config_registers.v Line: 6
Info (12021): Found 1 design units, including 1 entities, in source file /users/william anthony/documents/codex/2026-09-30/files-mentioned-by-the-user-draft/outputs/igor_verification_asic_deliverables/fpga_de10_nano/rtl/igor_costmap_bank.v
    Info (12023): Found entity 1: igor_costmap_bank File: C:/Users/William Anthony/Documents/Codex/2026-09-30/files-mentioned-by-the-user-draft/outputs/IGOR_VERIFICATION_ASIC_DELIVERABLES/fpga_de10_nano/rtl/igor_costmap_bank.v Line: 6
Info (12021): Found 1 design units, including 1 entities, in source file /users/william anthony/documents/codex/2026-09-30/files-mentioned-by-the-user-draft/outputs/igor_verification_asic_deliverables/fpga_de10_nano/rtl/igor_costmap_manager.v
    Info (12023): Found entity 1: igor_costmap_manager File: C:/Users/William Anthony/Documents/Codex/2026-09-30/files-mentioned-by-the-user-draft/outputs/IGOR_VERIFICATION_ASIC_DELIVERABLES/fpga_de10_nano/rtl/igor_costmap_manager.v Line: 6
Info (12021): Found 1 design units, including 1 entities, in source file /users/william anthony/documents/codex/2026-09-30/files-mentioned-by-the-user-draft/outputs/igor_verification_asic_deliverables/fpga_de10_nano/rtl/igor_de10_nano_wrapper.v
    Info (12023): Found entity 1: igor_de10_nano_wrapper File: C:/Users/William Anthony/Documents/Codex/2026-09-30/files-mentioned-by-the-user-draft/outputs/IGOR_VERIFICATION_ASIC_DELIVERABLES/fpga_de10_nano/rtl/igor_de10_nano_wrapper.v Line: 6
Info (12021): Found 1 design units, including 1 entities, in source file /users/william anthony/documents/codex/2026-09-30/files-mentioned-by-the-user-draft/outputs/igor_verification_asic_deliverables/fpga_de10_nano/rtl/igor_kinematic_step.v
    Info (12023): Found entity 1: igor_kinematic_step File: C:/Users/William Anthony/Documents/Codex/2026-09-30/files-mentioned-by-the-user-draft/outputs/IGOR_VERIFICATION_ASIC_DELIVERABLES/fpga_de10_nano/rtl/igor_kinematic_step.v Line: 6
Info (12021): Found 1 design units, including 1 entities, in source file /users/william anthony/documents/codex/2026-09-30/files-mentioned-by-the-user-draft/outputs/igor_verification_asic_deliverables/fpga_de10_nano/rtl/igor_rollout_tile.v
    Info (12023): Found entity 1: igor_rollout_tile File: C:/Users/William Anthony/Documents/Codex/2026-09-30/files-mentioned-by-the-user-draft/outputs/IGOR_VERIFICATION_ASIC_DELIVERABLES/fpga_de10_nano/rtl/igor_rollout_tile.v Line: 6
Info (12021): Found 1 design units, including 1 entities, in source file /users/william anthony/documents/codex/2026-09-30/files-mentioned-by-the-user-draft/outputs/igor_verification_asic_deliverables/fpga_de10_nano/rtl/igor_safety_security_gate.v
    Info (12023): Found entity 1: igor_safety_security_gate File: C:/Users/William Anthony/Documents/Codex/2026-09-30/files-mentioned-by-the-user-draft/outputs/IGOR_VERIFICATION_ASIC_DELIVERABLES/fpga_de10_nano/rtl/igor_safety_security_gate.v Line: 6
Info (12021): Found 1 design units, including 1 entities, in source file /users/william anthony/documents/codex/2026-09-30/files-mentioned-by-the-user-draft/outputs/igor_verification_asic_deliverables/fpga_de10_nano/rtl/igor_score_accumulator.v
    Info (12023): Found entity 1: igor_score_accumulator File: C:/Users/William Anthony/Documents/Codex/2026-09-30/files-mentioned-by-the-user-draft/outputs/IGOR_VERIFICATION_ASIC_DELIVERABLES/fpga_de10_nano/rtl/igor_score_accumulator.v Line: 6
Info (12021): Found 1 design units, including 1 entities, in source file /users/william anthony/documents/codex/2026-09-30/files-mentioned-by-the-user-draft/outputs/igor_verification_asic_deliverables/fpga_de10_nano/rtl/igor_status_logger.v
    Info (12023): Found entity 1: igor_status_logger File: C:/Users/William Anthony/Documents/Codex/2026-09-30/files-mentioned-by-the-user-draft/outputs/IGOR_VERIFICATION_ASIC_DELIVERABLES/fpga_de10_nano/rtl/igor_status_logger.v Line: 6
Info (12021): Found 1 design units, including 1 entities, in source file /users/william anthony/documents/codex/2026-09-30/files-mentioned-by-the-user-draft/outputs/igor_verification_asic_deliverables/fpga_de10_nano/rtl/igor_top.v
    Info (12023): Found entity 1: igor_top File: C:/Users/William Anthony/Documents/Codex/2026-09-30/files-mentioned-by-the-user-draft/outputs/IGOR_VERIFICATION_ASIC_DELIVERABLES/fpga_de10_nano/rtl/igor_top.v Line: 6
Info (12021): Found 1 design units, including 1 entities, in source file /users/william anthony/documents/codex/2026-09-30/files-mentioned-by-the-user-draft/outputs/igor_verification_asic_deliverables/fpga_de10_nano/rtl/igor_trig_lut.v
    Info (12023): Found entity 1: igor_trig_lut File: C:/Users/William Anthony/Documents/Codex/2026-09-30/files-mentioned-by-the-user-draft/outputs/IGOR_VERIFICATION_ASIC_DELIVERABLES/fpga_de10_nano/rtl/igor_trig_lut.v Line: 6
Info (12021): Found 1 design units, including 1 entities, in source file /users/william anthony/documents/codex/2026-09-30/files-mentioned-by-the-user-draft/outputs/igor_verification_asic_deliverables/fpga_de10_nano/rtl/igor_neural_core.v
    Info (12023): Found entity 1: igor_neural_core File: C:/Users/William Anthony/Documents/Codex/2026-09-30/files-mentioned-by-the-user-draft/outputs/IGOR_VERIFICATION_ASIC_DELIVERABLES/fpga_de10_nano/rtl/igor_neural_core.v Line: 6
Info (12021): Found 1 design units, including 1 entities, in source file /users/william anthony/documents/codex/2026-09-30/files-mentioned-by-the-user-draft/outputs/igor_verification_asic_deliverables/fpga_de10_nano/rtl/igor_neural_rom.v
    Info (12023): Found entity 1: igor_neural_rom File: C:/Users/William Anthony/Documents/Codex/2026-09-30/files-mentioned-by-the-user-draft/outputs/IGOR_VERIFICATION_ASIC_DELIVERABLES/fpga_de10_nano/rtl/igor_neural_rom.v Line: 6
Info (12021): Found 1 design units, including 1 entities, in source file /users/william anthony/documents/codex/2026-09-30/files-mentioned-by-the-user-draft/outputs/igor_verification_asic_deliverables/fpga_de10_nano/rtl/igor_uart_protocol.v
    Info (12023): Found entity 1: igor_uart_protocol File: C:/Users/William Anthony/Documents/Codex/2026-09-30/files-mentioned-by-the-user-draft/outputs/IGOR_VERIFICATION_ASIC_DELIVERABLES/fpga_de10_nano/rtl/igor_uart_protocol.v Line: 6
Info (12021): Found 1 design units, including 1 entities, in source file /users/william anthony/documents/codex/2026-09-30/files-mentioned-by-the-user-draft/outputs/igor_verification_asic_deliverables/fpga_de10_nano/rtl/igor_uart_rx.v
    Info (12023): Found entity 1: igor_uart_rx File: C:/Users/William Anthony/Documents/Codex/2026-09-30/files-mentioned-by-the-user-draft/outputs/IGOR_VERIFICATION_ASIC_DELIVERABLES/fpga_de10_nano/rtl/igor_uart_rx.v Line: 6
Info (12021): Found 1 design units, including 1 entities, in source file /users/william anthony/documents/codex/2026-09-30/files-mentioned-by-the-user-draft/outputs/igor_verification_asic_deliverables/fpga_de10_nano/rtl/igor_uart_top.v
    Info (12023): Found entity 1: igor_uart_top File: C:/Users/William Anthony/Documents/Codex/2026-09-30/files-mentioned-by-the-user-draft/outputs/IGOR_VERIFICATION_ASIC_DELIVERABLES/fpga_de10_nano/rtl/igor_uart_top.v Line: 6
Info (12021): Found 1 design units, including 1 entities, in source file /users/william anthony/documents/codex/2026-09-30/files-mentioned-by-the-user-draft/outputs/igor_verification_asic_deliverables/fpga_de10_nano/rtl/igor_uart_tx.v
    Info (12023): Found entity 1: igor_uart_tx File: C:/Users/William Anthony/Documents/Codex/2026-09-30/files-mentioned-by-the-user-draft/outputs/IGOR_VERIFICATION_ASIC_DELIVERABLES/fpga_de10_nano/rtl/igor_uart_tx.v Line: 6
Info (12127): Elaborating entity "igor_uart_top" for the top level hierarchy
Info (12128): Elaborating entity "igor_uart_protocol" for hierarchy "igor_uart_protocol:serial" File: C:/Users/William Anthony/Documents/Codex/2026-09-30/files-mentioned-by-the-user-draft/outputs/IGOR_VERIFICATION_ASIC_DELIVERABLES/fpga_de10_nano/rtl/igor_uart_top.v Line: 14
Info (12128): Elaborating entity "igor_uart_rx" for hierarchy "igor_uart_protocol:serial|igor_uart_rx:receiver" File: C:/Users/William Anthony/Documents/Codex/2026-09-30/files-mentioned-by-the-user-draft/outputs/IGOR_VERIFICATION_ASIC_DELIVERABLES/fpga_de10_nano/rtl/igor_uart_protocol.v Line: 11
Info (12128): Elaborating entity "igor_uart_tx" for hierarchy "igor_uart_protocol:serial|igor_uart_tx:transmitter" File: C:/Users/William Anthony/Documents/Codex/2026-09-30/files-mentioned-by-the-user-draft/outputs/IGOR_VERIFICATION_ASIC_DELIVERABLES/fpga_de10_nano/rtl/igor_uart_protocol.v Line: 12
Info (12128): Elaborating entity "igor_top" for hierarchy "igor_top:core" File: C:/Users/William Anthony/Documents/Codex/2026-09-30/files-mentioned-by-the-user-draft/outputs/IGOR_VERIFICATION_ASIC_DELIVERABLES/fpga_de10_nano/rtl/igor_uart_top.v Line: 21
Info (12128): Elaborating entity "igor_config_registers" for hierarchy "igor_top:core|igor_config_registers:cfg" File: C:/Users/William Anthony/Documents/Codex/2026-09-30/files-mentioned-by-the-user-draft/outputs/IGOR_VERIFICATION_ASIC_DELIVERABLES/fpga_de10_nano/rtl/igor_top.v Line: 17
Info (12128): Elaborating entity "igor_costmap_manager" for hierarchy "igor_top:core|igor_costmap_manager:maps" File: C:/Users/William Anthony/Documents/Codex/2026-09-30/files-mentioned-by-the-user-draft/outputs/IGOR_VERIFICATION_ASIC_DELIVERABLES/fpga_de10_nano/rtl/igor_top.v Line: 19
Info (12128): Elaborating entity "igor_costmap_bank" for hierarchy "igor_top:core|igor_costmap_bank:tiles[0].memory" File: C:/Users/William Anthony/Documents/Codex/2026-09-30/files-mentioned-by-the-user-draft/outputs/IGOR_VERIFICATION_ASIC_DELIVERABLES/fpga_de10_nano/rtl/igor_top.v Line: 29
Info (12128): Elaborating entity "igor_rollout_tile" for hierarchy "igor_top:core|igor_rollout_tile:tiles[0].tile" File: C:/Users/William Anthony/Documents/Codex/2026-09-30/files-mentioned-by-the-user-draft/outputs/IGOR_VERIFICATION_ASIC_DELIVERABLES/fpga_de10_nano/rtl/igor_top.v Line: 30
Info (12128): Elaborating entity "igor_candidate_generator" for hierarchy "igor_top:core|igor_rollout_tile:tiles[0].tile|igor_candidate_generator:gen" File: C:/Users/William Anthony/Documents/Codex/2026-09-30/files-mentioned-by-the-user-draft/outputs/IGOR_VERIFICATION_ASIC_DELIVERABLES/fpga_de10_nano/rtl/igor_rollout_tile.v Line: 17
Info (12128): Elaborating entity "igor_kinematic_step" for hierarchy "igor_top:core|igor_rollout_tile:tiles[0].tile|igor_kinematic_step:stepper" File: C:/Users/William Anthony/Documents/Codex/2026-09-30/files-mentioned-by-the-user-draft/outputs/IGOR_VERIFICATION_ASIC_DELIVERABLES/fpga_de10_nano/rtl/igor_rollout_tile.v Line: 18
Info (12128): Elaborating entity "igor_trig_lut" for hierarchy "igor_top:core|igor_rollout_tile:tiles[0].tile|igor_kinematic_step:stepper|igor_trig_lut:s" File: C:/Users/William Anthony/Documents/Codex/2026-09-30/files-mentioned-by-the-user-draft/outputs/IGOR_VERIFICATION_ASIC_DELIVERABLES/fpga_de10_nano/rtl/igor_kinematic_step.v Line: 12
Info (12128): Elaborating entity "igor_score_accumulator" for hierarchy "igor_top:core|igor_rollout_tile:tiles[0].tile|igor_score_accumulator:acc" File: C:/Users/William Anthony/Documents/Codex/2026-09-30/files-mentioned-by-the-user-draft/outputs/IGOR_VERIFICATION_ASIC_DELIVERABLES/fpga_de10_nano/rtl/igor_rollout_tile.v Line: 21
Info (12128): Elaborating entity "igor_rollout_tile" for hierarchy "igor_top:core|igor_rollout_tile:tiles[1].tile" File: C:/Users/William Anthony/Documents/Codex/2026-09-30/files-mentioned-by-the-user-draft/outputs/IGOR_VERIFICATION_ASIC_DELIVERABLES/fpga_de10_nano/rtl/igor_top.v Line: 30
Info (12128): Elaborating entity "igor_rollout_tile" for hierarchy "igor_top:core|igor_rollout_tile:tiles[2].tile" File: C:/Users/William Anthony/Documents/Codex/2026-09-30/files-mentioned-by-the-user-draft/outputs/IGOR_VERIFICATION_ASIC_DELIVERABLES/fpga_de10_nano/rtl/igor_top.v Line: 30
Info (12128): Elaborating entity "igor_rollout_tile" for hierarchy "igor_top:core|igor_rollout_tile:tiles[3].tile" File: C:/Users/William Anthony/Documents/Codex/2026-09-30/files-mentioned-by-the-user-draft/outputs/IGOR_VERIFICATION_ASIC_DELIVERABLES/fpga_de10_nano/rtl/igor_top.v Line: 30
Info (12128): Elaborating entity "igor_best_candidate_selector" for hierarchy "igor_top:core|igor_best_candidate_selector:selector" File: C:/Users/William Anthony/Documents/Codex/2026-09-30/files-mentioned-by-the-user-draft/outputs/IGOR_VERIFICATION_ASIC_DELIVERABLES/fpga_de10_nano/rtl/igor_top.v Line: 33
Info (12128): Elaborating entity "igor_safety_security_gate" for hierarchy "igor_top:core|igor_safety_security_gate:gate" File: C:/Users/William Anthony/Documents/Codex/2026-09-30/files-mentioned-by-the-user-draft/outputs/IGOR_VERIFICATION_ASIC_DELIVERABLES/fpga_de10_nano/rtl/igor_top.v Line: 42
Info (12128): Elaborating entity "igor_status_logger" for hierarchy "igor_top:core|igor_status_logger:logger" File: C:/Users/William Anthony/Documents/Codex/2026-09-30/files-mentioned-by-the-user-draft/outputs/IGOR_VERIFICATION_ASIC_DELIVERABLES/fpga_de10_nano/rtl/igor_top.v Line: 43
Info (12128): Elaborating entity "igor_neural_rom" for hierarchy "igor_neural_rom:inspection_rom" File: C:/Users/William Anthony/Documents/Codex/2026-09-30/files-mentioned-by-the-user-draft/outputs/IGOR_VERIFICATION_ASIC_DELIVERABLES/fpga_de10_nano/rtl/igor_uart_top.v Line: 23
Warning (10030): Net "memory.data_a" at igor_neural_rom.v(8) has no driver or initial value, using a default initial value '0' File: C:/Users/William Anthony/Documents/Codex/2026-09-30/files-mentioned-by-the-user-draft/outputs/IGOR_VERIFICATION_ASIC_DELIVERABLES/fpga_de10_nano/rtl/igor_neural_rom.v Line: 8
Warning (10030): Net "memory.waddr_a" at igor_neural_rom.v(8) has no driver or initial value, using a default initial value '0' File: C:/Users/William Anthony/Documents/Codex/2026-09-30/files-mentioned-by-the-user-draft/outputs/IGOR_VERIFICATION_ASIC_DELIVERABLES/fpga_de10_nano/rtl/igor_neural_rom.v Line: 8
Warning (10030): Net "memory.we_a" at igor_neural_rom.v(8) has no driver or initial value, using a default initial value '0' File: C:/Users/William Anthony/Documents/Codex/2026-09-30/files-mentioned-by-the-user-draft/outputs/IGOR_VERIFICATION_ASIC_DELIVERABLES/fpga_de10_nano/rtl/igor_neural_rom.v Line: 8
Info (12128): Elaborating entity "igor_neural_core" for hierarchy "igor_neural_core:neural" File: C:/Users/William Anthony/Documents/Codex/2026-09-30/files-mentioned-by-the-user-draft/outputs/IGOR_VERIFICATION_ASIC_DELIVERABLES/fpga_de10_nano/rtl/igor_uart_top.v Line: 24
Warning (276020): Inferred RAM node "igor_neural_core:neural|inputs_rtl_0" from synchronous design logic.  Pass-through logic has been added to match the read-during-write behavior of the original design.
Warning (276020): Inferred RAM node "igor_neural_core:neural|h1_rtl_0" from synchronous design logic.  Pass-through logic has been added to match the read-during-write behavior of the original design.
Warning (276020): Inferred RAM node "igor_neural_core:neural|h2_rtl_0" from synchronous design logic.  Pass-through logic has been added to match the read-during-write behavior of the original design.
Info (276014): Found 6 instances of uninferred RAM logic
    Info (276007): RAM logic "igor_neural_core:neural|outputs" is uninferred due to asynchronous read logic File: C:/Users/William Anthony/Documents/Codex/2026-09-30/files-mentioned-by-the-user-draft/outputs/IGOR_VERIFICATION_ASIC_DELIVERABLES/fpga_de10_nano/rtl/igor_neural_core.v Line: 10
    Info (276007): RAM logic "igor_neural_rom:inspection_rom|memory" is uninferred due to asynchronous read logic File: C:/Users/William Anthony/Documents/Codex/2026-09-30/files-mentioned-by-the-user-draft/outputs/IGOR_VERIFICATION_ASIC_DELIVERABLES/fpga_de10_nano/rtl/igor_neural_rom.v Line: 8
    Info (276007): RAM logic "igor_top:core|igor_rollout_tile:tiles[3].tile|igor_kinematic_step:stepper|igor_trig_lut:c|Ram0" is uninferred due to asynchronous read logic File: C:/Users/William Anthony/Documents/Codex/2026-09-30/files-mentioned-by-the-user-draft/outputs/IGOR_VERIFICATION_ASIC_DELIVERABLES/fpga_de10_nano/rtl/igor_trig_lut.v Line: 8
    Info (276007): RAM logic "igor_top:core|igor_rollout_tile:tiles[2].tile|igor_kinematic_step:stepper|igor_trig_lut:c|Ram0" is uninferred due to asynchronous read logic File: C:/Users/William Anthony/Documents/Codex/2026-09-30/files-mentioned-by-the-user-draft/outputs/IGOR_VERIFICATION_ASIC_DELIVERABLES/fpga_de10_nano/rtl/igor_trig_lut.v Line: 8
    Info (276007): RAM logic "igor_top:core|igor_rollout_tile:tiles[1].tile|igor_kinematic_step:stepper|igor_trig_lut:c|Ram0" is uninferred due to asynchronous read logic File: C:/Users/William Anthony/Documents/Codex/2026-09-30/files-mentioned-by-the-user-draft/outputs/IGOR_VERIFICATION_ASIC_DELIVERABLES/fpga_de10_nano/rtl/igor_trig_lut.v Line: 8
    Info (276007): RAM logic "igor_top:core|igor_rollout_tile:tiles[0].tile|igor_kinematic_step:stepper|igor_trig_lut:c|Ram0" is uninferred due to asynchronous read logic File: C:/Users/William Anthony/Documents/Codex/2026-09-30/files-mentioned-by-the-user-draft/outputs/IGOR_VERIFICATION_ASIC_DELIVERABLES/fpga_de10_nano/rtl/igor_trig_lut.v Line: 8
Info (19000): Inferred 7 megafunctions from design logic
    Info (276029): Inferred altsyncram megafunction from the following design logic: "igor_neural_core:neural|inputs_rtl_0" 
        Info (286033): Parameter OPERATION_MODE set to DUAL_PORT
        Info (286033): Parameter WIDTH_A set to 16
        Info (286033): Parameter WIDTHAD_A set to 5
        Info (286033): Parameter NUMWORDS_A set to 24
        Info (286033): Parameter WIDTH_B set to 16
        Info (286033): Parameter WIDTHAD_B set to 5
        Info (286033): Parameter NUMWORDS_B set to 24
        Info (286033): Parameter ADDRESS_ACLR_A set to NONE
        Info (286033): Parameter OUTDATA_REG_B set to UNREGISTERED
        Info (286033): Parameter ADDRESS_ACLR_B set to NONE
        Info (286033): Parameter OUTDATA_ACLR_B set to NONE
        Info (286033): Parameter ADDRESS_REG_B set to CLOCK0
        Info (286033): Parameter INDATA_ACLR_A set to NONE
        Info (286033): Parameter WRCONTROL_ACLR_A set to NONE
        Info (286033): Parameter READ_DURING_WRITE_MODE_MIXED_PORTS set to OLD_DATA
    Info (276029): Inferred altsyncram megafunction from the following design logic: "igor_neural_core:neural|h1_rtl_0" 
        Info (286033): Parameter OPERATION_MODE set to DUAL_PORT
        Info (286033): Parameter WIDTH_A set to 16
        Info (286033): Parameter WIDTHAD_A set to 6
        Info (286033): Parameter NUMWORDS_A set to 64
        Info (286033): Parameter WIDTH_B set to 16
        Info (286033): Parameter WIDTHAD_B set to 6
        Info (286033): Parameter NUMWORDS_B set to 64
        Info (286033): Parameter ADDRESS_ACLR_A set to NONE
        Info (286033): Parameter OUTDATA_REG_B set to UNREGISTERED
        Info (286033): Parameter ADDRESS_ACLR_B set to NONE
        Info (286033): Parameter OUTDATA_ACLR_B set to NONE
        Info (286033): Parameter ADDRESS_REG_B set to CLOCK0
        Info (286033): Parameter INDATA_ACLR_A set to NONE
        Info (286033): Parameter WRCONTROL_ACLR_A set to NONE
        Info (286033): Parameter READ_DURING_WRITE_MODE_MIXED_PORTS set to OLD_DATA
    Info (276029): Inferred altsyncram megafunction from the following design logic: "igor_neural_core:neural|h2_rtl_0" 
        Info (286033): Parameter OPERATION_MODE set to DUAL_PORT
        Info (286033): Parameter WIDTH_A set to 16
        Info (286033): Parameter WIDTHAD_A set to 6
        Info (286033): Parameter NUMWORDS_A set to 64
        Info (286033): Parameter WIDTH_B set to 16
        Info (286033): Parameter WIDTHAD_B set to 6
        Info (286033): Parameter NUMWORDS_B set to 64
        Info (286033): Parameter ADDRESS_ACLR_A set to NONE
        Info (286033): Parameter OUTDATA_REG_B set to UNREGISTERED
        Info (286033): Parameter ADDRESS_ACLR_B set to NONE
        Info (286033): Parameter OUTDATA_ACLR_B set to NONE
        Info (286033): Parameter ADDRESS_REG_B set to CLOCK0
        Info (286033): Parameter INDATA_ACLR_A set to NONE
        Info (286033): Parameter WRCONTROL_ACLR_A set to NONE
        Info (286033): Parameter READ_DURING_WRITE_MODE_MIXED_PORTS set to OLD_DATA
    Info (276029): Inferred altsyncram megafunction from the following design logic: "igor_top:core|igor_costmap_bank:tiles[3].memory|memory_rtl_0" 
        Info (286033): Parameter OPERATION_MODE set to DUAL_PORT
        Info (286033): Parameter WIDTH_A set to 8
        Info (286033): Parameter WIDTHAD_A set to 15
        Info (286033): Parameter NUMWORDS_A set to 32768
        Info (286033): Parameter WIDTH_B set to 8
        Info (286033): Parameter WIDTHAD_B set to 15
        Info (286033): Parameter NUMWORDS_B set to 32768
        Info (286033): Parameter ADDRESS_ACLR_A set to NONE
        Info (286033): Parameter OUTDATA_REG_B set to UNREGISTERED
        Info (286033): Parameter ADDRESS_ACLR_B set to NONE
        Info (286033): Parameter OUTDATA_ACLR_B set to NONE
        Info (286033): Parameter ADDRESS_REG_B set to CLOCK0
        Info (286033): Parameter INDATA_ACLR_A set to NONE
        Info (286033): Parameter WRCONTROL_ACLR_A set to NONE
        Info (286033): Parameter RAM_BLOCK_TYPE set to M10K
        Info (286033): Parameter READ_DURING_WRITE_MODE_MIXED_PORTS set to OLD_DATA
    Info (276029): Inferred altsyncram megafunction from the following design logic: "igor_top:core|igor_costmap_bank:tiles[2].memory|memory_rtl_0" 
        Info (286033): Parameter OPERATION_MODE set to DUAL_PORT
        Info (286033): Parameter WIDTH_A set to 8
        Info (286033): Parameter WIDTHAD_A set to 15
        Info (286033): Parameter NUMWORDS_A set to 32768
        Info (286033): Parameter WIDTH_B set to 8
        Info (286033): Parameter WIDTHAD_B set to 15
        Info (286033): Parameter NUMWORDS_B set to 32768
        Info (286033): Parameter ADDRESS_ACLR_A set to NONE
        Info (286033): Parameter OUTDATA_REG_B set to UNREGISTERED
        Info (286033): Parameter ADDRESS_ACLR_B set to NONE
        Info (286033): Parameter OUTDATA_ACLR_B set to NONE
        Info (286033): Parameter ADDRESS_REG_B set to CLOCK0
        Info (286033): Parameter INDATA_ACLR_A set to NONE
        Info (286033): Parameter WRCONTROL_ACLR_A set to NONE
        Info (286033): Parameter RAM_BLOCK_TYPE set to M10K
        Info (286033): Parameter READ_DURING_WRITE_MODE_MIXED_PORTS set to OLD_DATA
    Info (276029): Inferred altsyncram megafunction from the following design logic: "igor_top:core|igor_costmap_bank:tiles[1].memory|memory_rtl_0" 
        Info (286033): Parameter OPERATION_MODE set to DUAL_PORT
        Info (286033): Parameter WIDTH_A set to 8
        Info (286033): Parameter WIDTHAD_A set to 15
        Info (286033): Parameter NUMWORDS_A set to 32768
        Info (286033): Parameter WIDTH_B set to 8
        Info (286033): Parameter WIDTHAD_B set to 15
        Info (286033): Parameter NUMWORDS_B set to 32768
        Info (286033): Parameter ADDRESS_ACLR_A set to NONE
        Info (286033): Parameter OUTDATA_REG_B set to UNREGISTERED
        Info (286033): Parameter ADDRESS_ACLR_B set to NONE
        Info (286033): Parameter OUTDATA_ACLR_B set to NONE
        Info (286033): Parameter ADDRESS_REG_B set to CLOCK0
        Info (286033): Parameter INDATA_ACLR_A set to NONE
        Info (286033): Parameter WRCONTROL_ACLR_A set to NONE
        Info (286033): Parameter RAM_BLOCK_TYPE set to M10K
        Info (286033): Parameter READ_DURING_WRITE_MODE_MIXED_PORTS set to OLD_DATA
    Info (276029): Inferred altsyncram megafunction from the following design logic: "igor_top:core|igor_costmap_bank:tiles[0].memory|memory_rtl_0" 
        Info (286033): Parameter OPERATION_MODE set to DUAL_PORT
        Info (286033): Parameter WIDTH_A set to 8
        Info (286033): Parameter WIDTHAD_A set to 15
        Info (286033): Parameter NUMWORDS_A set to 32768
        Info (286033): Parameter WIDTH_B set to 8
        Info (286033): Parameter WIDTHAD_B set to 15
        Info (286033): Parameter NUMWORDS_B set to 32768
        Info (286033): Parameter ADDRESS_ACLR_A set to NONE
        Info (286033): Parameter OUTDATA_REG_B set to UNREGISTERED
        Info (286033): Parameter ADDRESS_ACLR_B set to NONE
        Info (286033): Parameter OUTDATA_ACLR_B set to NONE
        Info (286033): Parameter ADDRESS_REG_B set to CLOCK0
        Info (286033): Parameter INDATA_ACLR_A set to NONE
        Info (286033): Parameter WRCONTROL_ACLR_A set to NONE
        Info (286033): Parameter RAM_BLOCK_TYPE set to M10K
        Info (286033): Parameter READ_DURING_WRITE_MODE_MIXED_PORTS set to OLD_DATA
Info (12130): Elaborated megafunction instantiation "igor_neural_core:neural|altsyncram:inputs_rtl_0"
Info (12133): Instantiated megafunction "igor_neural_core:neural|altsyncram:inputs_rtl_0" with the following parameter:
    Info (12134): Parameter "OPERATION_MODE" = "DUAL_PORT"
    Info (12134): Parameter "WIDTH_A" = "16"
    Info (12134): Parameter "WIDTHAD_A" = "5"
    Info (12134): Parameter "NUMWORDS_A" = "24"
    Info (12134): Parameter "WIDTH_B" = "16"
    Info (12134): Parameter "WIDTHAD_B" = "5"
    Info (12134): Parameter "NUMWORDS_B" = "24"
    Info (12134): Parameter "ADDRESS_ACLR_A" = "NONE"
    Info (12134): Parameter "OUTDATA_REG_B" = "UNREGISTERED"
    Info (12134): Parameter "ADDRESS_ACLR_B" = "NONE"
    Info (12134): Parameter "OUTDATA_ACLR_B" = "NONE"
    Info (12134): Parameter "ADDRESS_REG_B" = "CLOCK0"
    Info (12134): Parameter "INDATA_ACLR_A" = "NONE"
    Info (12134): Parameter "WRCONTROL_ACLR_A" = "NONE"
    Info (12134): Parameter "READ_DURING_WRITE_MODE_MIXED_PORTS" = "OLD_DATA"
Info (12021): Found 1 design units, including 1 entities, in source file db/altsyncram_43n1.tdf
    Info (12023): Found entity 1: altsyncram_43n1 File: C:/Users/William Anthony/Documents/Codex/2026-09-30/files-mentioned-by-the-user-draft/outputs/IGOR_VERIFICATION_ASIC_DELIVERABLES/fpga_de10_nano/quartus/db/altsyncram_43n1.tdf Line: 28
Info (12130): Elaborated megafunction instantiation "igor_neural_core:neural|altsyncram:h1_rtl_0"
Info (12133): Instantiated megafunction "igor_neural_core:neural|altsyncram:h1_rtl_0" with the following parameter:
    Info (12134): Parameter "OPERATION_MODE" = "DUAL_PORT"
    Info (12134): Parameter "WIDTH_A" = "16"
    Info (12134): Parameter "WIDTHAD_A" = "6"
    Info (12134): Parameter "NUMWORDS_A" = "64"
    Info (12134): Parameter "WIDTH_B" = "16"
    Info (12134): Parameter "WIDTHAD_B" = "6"
    Info (12134): Parameter "NUMWORDS_B" = "64"
    Info (12134): Parameter "ADDRESS_ACLR_A" = "NONE"
    Info (12134): Parameter "OUTDATA_REG_B" = "UNREGISTERED"
    Info (12134): Parameter "ADDRESS_ACLR_B" = "NONE"
    Info (12134): Parameter "OUTDATA_ACLR_B" = "NONE"
    Info (12134): Parameter "ADDRESS_REG_B" = "CLOCK0"
    Info (12134): Parameter "INDATA_ACLR_A" = "NONE"
    Info (12134): Parameter "WRCONTROL_ACLR_A" = "NONE"
    Info (12134): Parameter "READ_DURING_WRITE_MODE_MIXED_PORTS" = "OLD_DATA"
Info (12021): Found 1 design units, including 1 entities, in source file db/altsyncram_e3n1.tdf
    Info (12023): Found entity 1: altsyncram_e3n1 File: C:/Users/William Anthony/Documents/Codex/2026-09-30/files-mentioned-by-the-user-draft/outputs/IGOR_VERIFICATION_ASIC_DELIVERABLES/fpga_de10_nano/quartus/db/altsyncram_e3n1.tdf Line: 28
Info (12130): Elaborated megafunction instantiation "igor_top:core|igor_costmap_bank:tiles[3].memory|altsyncram:memory_rtl_0"
Info (12133): Instantiated megafunction "igor_top:core|igor_costmap_bank:tiles[3].memory|altsyncram:memory_rtl_0" with the following parameter:
    Info (12134): Parameter "OPERATION_MODE" = "DUAL_PORT"
    Info (12134): Parameter "WIDTH_A" = "8"
    Info (12134): Parameter "WIDTHAD_A" = "15"
    Info (12134): Parameter "NUMWORDS_A" = "32768"
    Info (12134): Parameter "WIDTH_B" = "8"
    Info (12134): Parameter "WIDTHAD_B" = "15"
    Info (12134): Parameter "NUMWORDS_B" = "32768"
    Info (12134): Parameter "ADDRESS_ACLR_A" = "NONE"
    Info (12134): Parameter "OUTDATA_REG_B" = "UNREGISTERED"
    Info (12134): Parameter "ADDRESS_ACLR_B" = "NONE"
    Info (12134): Parameter "OUTDATA_ACLR_B" = "NONE"
    Info (12134): Parameter "ADDRESS_REG_B" = "CLOCK0"
    Info (12134): Parameter "INDATA_ACLR_A" = "NONE"
    Info (12134): Parameter "WRCONTROL_ACLR_A" = "NONE"
    Info (12134): Parameter "RAM_BLOCK_TYPE" = "M10K"
    Info (12134): Parameter "READ_DURING_WRITE_MODE_MIXED_PORTS" = "OLD_DATA"
Info (12021): Found 1 design units, including 1 entities, in source file db/altsyncram_lap1.tdf
    Info (12023): Found entity 1: altsyncram_lap1 File: C:/Users/William Anthony/Documents/Codex/2026-09-30/files-mentioned-by-the-user-draft/outputs/IGOR_VERIFICATION_ASIC_DELIVERABLES/fpga_de10_nano/quartus/db/altsyncram_lap1.tdf Line: 32
Info (12021): Found 1 design units, including 1 entities, in source file db/decode_8la.tdf
    Info (12023): Found entity 1: decode_8la File: C:/Users/William Anthony/Documents/Codex/2026-09-30/files-mentioned-by-the-user-draft/outputs/IGOR_VERIFICATION_ASIC_DELIVERABLES/fpga_de10_nano/quartus/db/decode_8la.tdf Line: 23
Info (12021): Found 1 design units, including 1 entities, in source file db/mux_ofb.tdf
    Info (12023): Found entity 1: mux_ofb File: C:/Users/William Anthony/Documents/Codex/2026-09-30/files-mentioned-by-the-user-draft/outputs/IGOR_VERIFICATION_ASIC_DELIVERABLES/fpga_de10_nano/quartus/db/mux_ofb.tdf Line: 23
Info (286030): Timing-Driven Synthesis is running
Info (17049): 21 registers lost all their fanouts during netlist optimizations.
Info (16010): Generating hard_block partition "hard_block:auto_generated_inst"
    Info (16011): Adding 0 node(s), including 0 DDIO, 0 PLL, 0 transceiver and 0 LCELL
Warning (21074): Design contains 2 input pin(s) that do not drive logic
    Warning (15610): No output dependent on input pin "SW[0]" File: C:/Users/William Anthony/Documents/Codex/2026-09-30/files-mentioned-by-the-user-draft/outputs/IGOR_VERIFICATION_ASIC_DELIVERABLES/fpga_de10_nano/rtl/igor_uart_top.v Line: 7
    Warning (15610): No output dependent on input pin "SW[1]" File: C:/Users/William Anthony/Documents/Codex/2026-09-30/files-mentioned-by-the-user-draft/outputs/IGOR_VERIFICATION_ASIC_DELIVERABLES/fpga_de10_nano/rtl/igor_uart_top.v Line: 7
Info (21057): Implemented 7333 device resources after synthesis - the final resource count might be different
    Info (21058): Implemented 8 input pins
    Info (21059): Implemented 9 output pins
    Info (21061): Implemented 7130 logic cells
    Info (21064): Implemented 176 RAM segments
    Info (21062): Implemented 10 DSP elements
Info: Quartus Prime Analysis & Synthesis was successful. 0 errors, 9 warnings
    Info: Peak virtual memory: 4949 megabytes
    Info: Processing ended: Tue Oct  6 16:51:29 2026
    Info: Elapsed time: 00:00:41
    Info: Total CPU time (on all processors): 00:00:22


