Fitter report for igor_max10
Thu Oct  1 10:36:50 2026
Quartus Prime Version 25.1std.0 Build 1129 10/21/2025 SC Standard Edition


---------------------
; Table of Contents ;
---------------------
  1. Legal Notice
  2. Fitter Summary
  3. Fitter Settings
  4. Parallel Compilation
  5. Fitter Netlist Optimizations
  6. Incremental Compilation Preservation Summary
  7. Incremental Compilation Partition Settings
  8. Incremental Compilation Placement Preservation
  9. Pin-Out File
 10. Fitter Resource Usage Summary
 11. Fitter Partition Statistics
 12. Input Pins
 13. Output Pins
 14. Dual Purpose and Dedicated Pins
 15. I/O Bank Usage
 16. All Package Pins
 17. I/O Assignment Warnings
 18. Fitter Resource Utilization by Entity
 19. Delay Chain Summary
 20. Pad To Core Delay Chain Fanout
 21. Control Signals
 22. Global & Other Fast Signals
 23. Non-Global High Fan-Out Signals
 24. Fitter RAM Summary
 25. Fitter DSP Block Usage Summary
 26. DSP Block Details
 27. Routing Usage Summary
 28. LAB Logic Elements
 29. LAB-wide Signals
 30. LAB Signals Sourced
 31. LAB Signals Sourced Out
 32. LAB Distinct Inputs
 33. I/O Rules Summary
 34. I/O Rules Details
 35. I/O Rules Matrix
 36. Fitter Device Options
 37. Operating Settings and Conditions
 38. Estimated Delay Added for Hold Timing Summary
 39. Estimated Delay Added for Hold Timing Details
 40. Fitter Messages
 41. Fitter Suppressed Messages



----------------
; Legal Notice ;
----------------
Copyright (C) 2025  Altera Corporation. All rights reserved.
Your use of Altera Corporation's design tools, logic functions 
and other software and tools, and any partner logic 
functions, and any output files from any of the foregoing 
(including device programming or simulation files), and any 
associated documentation or information are expressly subject 
to the terms and conditions of the Altera Program License 
Subscription Agreement, the Altera Quartus Prime License Agreement,
the Altera IP License Agreement, or other applicable license
agreement, including, without limitation, that your use is for
the sole purpose of programming logic devices manufactured by
Altera and sold by Altera or its authorized distributors.  Please
refer to the Altera Software License Subscription Agreements 
on the Quartus Prime software download page.



+------------------------------------------------------------------------------------------+
; Fitter Summary                                                                           ;
+------------------------------------+-----------------------------------------------------+
; Fitter Status                      ; Successful - Thu Oct  1 10:36:50 2026               ;
; Quartus Prime Version              ; 25.1std.0 Build 1129 10/21/2025 SC Standard Edition ;
; Revision Name                      ; igor_max10                                          ;
; Top-level Entity Name              ; igor_de10_lite_top                                  ;
; Family                             ; MAX 10                                              ;
; Device                             ; 10M50DAF484C7G                                      ;
; Timing Models                      ; Final                                               ;
; Total logic elements               ; 18,984 / 49,760 ( 38 % )                            ;
;     Total combinational functions  ; 18,788 / 49,760 ( 38 % )                            ;
;     Dedicated logic registers      ; 1,539 / 49,760 ( 3 % )                              ;
; Total registers                    ; 1539                                                ;
; Total pins                         ; 19 / 360 ( 5 % )                                    ;
; Total virtual pins                 ; 0                                                   ;
; Total memory bits                  ; 1,051,008 / 1,677,312 ( 63 % )                      ;
; Embedded Multiplier 9-bit elements ; 19 / 288 ( 7 % )                                    ;
; Total PLLs                         ; 0 / 4 ( 0 % )                                       ;
; UFM blocks                         ; 0 / 1 ( 0 % )                                       ;
; ADC blocks                         ; 0 / 2 ( 0 % )                                       ;
+------------------------------------+-----------------------------------------------------+


+----------------------------------------------------------------------------------------------------------------------------------------------------+
; Fitter Settings                                                                                                                                    ;
+--------------------------------------------------------------------+---------------------------------------+---------------------------------------+
; Option                                                             ; Setting                               ; Default Value                         ;
+--------------------------------------------------------------------+---------------------------------------+---------------------------------------+
; Device                                                             ; 10M50DAF484C7G                        ;                                       ;
; Maximum processors allowed for parallel compilation                ; 4                                     ;                                       ;
; Fit Attempts to Skip                                               ; 0                                     ; 0.0                                   ;
; Use smart compilation                                              ; Off                                   ; Off                                   ;
; Enable parallel Assembler and Timing Analyzer during compilation   ; On                                    ; On                                    ;
; Enable compact report table                                        ; Off                                   ; Off                                   ;
; Auto Merge PLLs                                                    ; On                                    ; On                                    ;
; Router Timing Optimization Level                                   ; Normal                                ; Normal                                ;
; Perform Clocking Topology Analysis During Routing                  ; Off                                   ; Off                                   ;
; Placement Effort Multiplier                                        ; 1.0                                   ; 1.0                                   ;
; Router Effort Multiplier                                           ; 1.0                                   ; 1.0                                   ;
; Optimize Hold Timing                                               ; All Paths                             ; All Paths                             ;
; Optimize Multi-Corner Timing                                       ; On                                    ; On                                    ;
; Power Optimization During Fitting                                  ; Normal compilation                    ; Normal compilation                    ;
; SSN Optimization                                                   ; Off                                   ; Off                                   ;
; Optimize Timing                                                    ; Normal compilation                    ; Normal compilation                    ;
; Optimize Timing for ECOs                                           ; Off                                   ; Off                                   ;
; Regenerate Full Fit Report During ECO Compiles                     ; Off                                   ; Off                                   ;
; Optimize IOC Register Placement for Timing                         ; Normal                                ; Normal                                ;
; Final Placement Optimizations                                      ; Automatically                         ; Automatically                         ;
; Fitter Initial Placement Seed                                      ; 1                                     ; 1                                     ;
; Periphery to Core Placement and Routing Optimization               ; Off                                   ; Off                                   ;
; PCI I/O                                                            ; Off                                   ; Off                                   ;
; Weak Pull-Up Resistor                                              ; Off                                   ; Off                                   ;
; Enable Bus-Hold Circuitry                                          ; Off                                   ; Off                                   ;
; Auto Packed Registers                                              ; Auto                                  ; Auto                                  ;
; Auto Delay Chains                                                  ; On                                    ; On                                    ;
; Auto Delay Chains for High Fanout Input Pins                       ; Off                                   ; Off                                   ;
; Allow Single-ended Buffer for Differential-XSTL Input              ; Off                                   ; Off                                   ;
; Treat Bidirectional Pin as Output Pin                              ; Off                                   ; Off                                   ;
; Perform Physical Synthesis for Combinational Logic for Fitting     ; Off                                   ; Off                                   ;
; Perform Physical Synthesis for Combinational Logic for Performance ; Off                                   ; Off                                   ;
; Perform Register Duplication for Performance                       ; Off                                   ; Off                                   ;
; Perform Logic to Memory Mapping for Fitting                        ; Off                                   ; Off                                   ;
; Perform Register Retiming for Performance                          ; Off                                   ; Off                                   ;
; Perform Asynchronous Signal Pipelining                             ; Off                                   ; Off                                   ;
; Fitter Effort                                                      ; Auto Fit                              ; Auto Fit                              ;
; Physical Synthesis Effort Level                                    ; Normal                                ; Normal                                ;
; Logic Cell Insertion - Logic Duplication                           ; Auto                                  ; Auto                                  ;
; Auto Register Duplication                                          ; Auto                                  ; Auto                                  ;
; Auto Global Clock                                                  ; On                                    ; On                                    ;
; Auto Global Register Control Signals                               ; On                                    ; On                                    ;
; Reserve all unused pins                                            ; As input tri-stated with weak pull-up ; As input tri-stated with weak pull-up ;
; Synchronizer Identification                                        ; Auto                                  ; Auto                                  ;
; Enable Beneficial Skew Optimization                                ; On                                    ; On                                    ;
; Optimize Design for Metastability                                  ; On                                    ; On                                    ;
; Force Fitter to Avoid Periphery Placement Warnings                 ; Off                                   ; Off                                   ;
; Enable input tri-state on active configuration pins in user mode   ; Off                                   ; Off                                   ;
+--------------------------------------------------------------------+---------------------------------------+---------------------------------------+


+------------------------------------------+
; Parallel Compilation                     ;
+----------------------------+-------------+
; Processors                 ; Number      ;
+----------------------------+-------------+
; Number detected on machine ; 12          ;
; Maximum allowed            ; 4           ;
;                            ;             ;
; Average used               ; 1.33        ;
; Maximum used               ; 4           ;
;                            ;             ;
; Usage by Processor         ; % Time Used ;
;     Processor 1            ; 100.0%      ;
;     Processor 2            ;  11.4%      ;
;     Processor 3            ;  10.9%      ;
;     Processor 4            ;  10.7%      ;
+----------------------------+-------------+


+-----------------------------------------------------------------------------------------------------------------------------------------------------------------------------------------------------------------------------------------------------------------------------------------------------------------------------------------------------------------------------------------+
; Fitter Netlist Optimizations                                                                                                                                                                                                                                                                                                                                                            ;
+----------------------------------------------------------------------------------------------------+-----------------+------------------+---------------------+-----------+----------------+-------------------------------------------------------------------------------------------------------------------------------------------------+------------------+-----------------------+
; Node                                                                                               ; Action          ; Operation        ; Reason              ; Node Port ; Node Port Name ; Destination Node                                                                                                                                ; Destination Port ; Destination Port Name ;
+----------------------------------------------------------------------------------------------------+-----------------+------------------+---------------------+-----------+----------------+-------------------------------------------------------------------------------------------------------------------------------------------------+------------------+-----------------------+
; igor_uart_top:system|igor_neural_core:neural|igor_neural_rom:weights|data[0]                       ; Packed Register ; Register Packing ; Timing optimization ; Q         ;                ; igor_uart_top:system|igor_neural_core:neural|lpm_mult:Mult0|mult_qgs:auto_generated|mac_mult1                                                   ; DATAB            ;                       ;
; igor_uart_top:system|igor_neural_core:neural|igor_neural_rom:weights|data[0]                       ; Duplicated      ; Register Packing ; Timing optimization ; Q         ;                ; igor_uart_top:system|igor_neural_core:neural|igor_neural_rom:weights|data[0]~_Duplicate_1                                                       ; Q                ;                       ;
; igor_uart_top:system|igor_neural_core:neural|igor_neural_rom:weights|data[1]                       ; Packed Register ; Register Packing ; Timing optimization ; Q         ;                ; igor_uart_top:system|igor_neural_core:neural|lpm_mult:Mult0|mult_qgs:auto_generated|mac_mult1                                                   ; DATAB            ;                       ;
; igor_uart_top:system|igor_neural_core:neural|igor_neural_rom:weights|data[1]                       ; Duplicated      ; Register Packing ; Timing optimization ; Q         ;                ; igor_uart_top:system|igor_neural_core:neural|igor_neural_rom:weights|data[1]~_Duplicate_1                                                       ; Q                ;                       ;
; igor_uart_top:system|igor_neural_core:neural|igor_neural_rom:weights|data[2]                       ; Packed Register ; Register Packing ; Timing optimization ; Q         ;                ; igor_uart_top:system|igor_neural_core:neural|lpm_mult:Mult0|mult_qgs:auto_generated|mac_mult1                                                   ; DATAB            ;                       ;
; igor_uart_top:system|igor_neural_core:neural|igor_neural_rom:weights|data[2]                       ; Duplicated      ; Register Packing ; Timing optimization ; Q         ;                ; igor_uart_top:system|igor_neural_core:neural|igor_neural_rom:weights|data[2]~_Duplicate_1                                                       ; Q                ;                       ;
; igor_uart_top:system|igor_neural_core:neural|igor_neural_rom:weights|data[3]                       ; Packed Register ; Register Packing ; Timing optimization ; Q         ;                ; igor_uart_top:system|igor_neural_core:neural|lpm_mult:Mult0|mult_qgs:auto_generated|mac_mult1                                                   ; DATAB            ;                       ;
; igor_uart_top:system|igor_neural_core:neural|igor_neural_rom:weights|data[3]                       ; Duplicated      ; Register Packing ; Timing optimization ; Q         ;                ; igor_uart_top:system|igor_neural_core:neural|igor_neural_rom:weights|data[3]~_Duplicate_1                                                       ; Q                ;                       ;
; igor_uart_top:system|igor_neural_core:neural|igor_neural_rom:weights|data[4]                       ; Packed Register ; Register Packing ; Timing optimization ; Q         ;                ; igor_uart_top:system|igor_neural_core:neural|lpm_mult:Mult0|mult_qgs:auto_generated|mac_mult1                                                   ; DATAB            ;                       ;
; igor_uart_top:system|igor_neural_core:neural|igor_neural_rom:weights|data[4]                       ; Duplicated      ; Register Packing ; Timing optimization ; Q         ;                ; igor_uart_top:system|igor_neural_core:neural|igor_neural_rom:weights|data[4]~_Duplicate_1                                                       ; Q                ;                       ;
; igor_uart_top:system|igor_neural_core:neural|igor_neural_rom:weights|data[5]                       ; Packed Register ; Register Packing ; Timing optimization ; Q         ;                ; igor_uart_top:system|igor_neural_core:neural|lpm_mult:Mult0|mult_qgs:auto_generated|mac_mult1                                                   ; DATAB            ;                       ;
; igor_uart_top:system|igor_neural_core:neural|igor_neural_rom:weights|data[5]                       ; Duplicated      ; Register Packing ; Timing optimization ; Q         ;                ; igor_uart_top:system|igor_neural_core:neural|igor_neural_rom:weights|data[5]~_Duplicate_1                                                       ; Q                ;                       ;
; igor_uart_top:system|igor_neural_core:neural|igor_neural_rom:weights|data[6]                       ; Packed Register ; Register Packing ; Timing optimization ; Q         ;                ; igor_uart_top:system|igor_neural_core:neural|lpm_mult:Mult0|mult_qgs:auto_generated|mac_mult1                                                   ; DATAB            ;                       ;
; igor_uart_top:system|igor_neural_core:neural|igor_neural_rom:weights|data[6]                       ; Duplicated      ; Register Packing ; Timing optimization ; Q         ;                ; igor_uart_top:system|igor_neural_core:neural|igor_neural_rom:weights|data[6]~_Duplicate_1                                                       ; Q                ;                       ;
; igor_uart_top:system|igor_neural_core:neural|igor_neural_rom:weights|data[7]                       ; Packed Register ; Register Packing ; Timing optimization ; Q         ;                ; igor_uart_top:system|igor_neural_core:neural|lpm_mult:Mult0|mult_qgs:auto_generated|mac_mult1                                                   ; DATAB            ;                       ;
; igor_uart_top:system|igor_neural_core:neural|igor_neural_rom:weights|data[7]                       ; Duplicated      ; Register Packing ; Timing optimization ; Q         ;                ; igor_uart_top:system|igor_neural_core:neural|igor_neural_rom:weights|data[7]~_Duplicate_1                                                       ; Q                ;                       ;
; igor_uart_top:system|igor_neural_core:neural|igor_neural_rom:weights|data[8]                       ; Packed Register ; Register Packing ; Timing optimization ; Q         ;                ; igor_uart_top:system|igor_neural_core:neural|lpm_mult:Mult0|mult_qgs:auto_generated|mac_mult1                                                   ; DATAB            ;                       ;
; igor_uart_top:system|igor_neural_core:neural|igor_neural_rom:weights|data[8]                       ; Duplicated      ; Register Packing ; Timing optimization ; Q         ;                ; igor_uart_top:system|igor_neural_core:neural|igor_neural_rom:weights|data[8]~_Duplicate_1                                                       ; Q                ;                       ;
; igor_uart_top:system|igor_neural_core:neural|igor_neural_rom:weights|data[9]                       ; Packed Register ; Register Packing ; Timing optimization ; Q         ;                ; igor_uart_top:system|igor_neural_core:neural|lpm_mult:Mult0|mult_qgs:auto_generated|mac_mult1                                                   ; DATAB            ;                       ;
; igor_uart_top:system|igor_neural_core:neural|igor_neural_rom:weights|data[9]                       ; Duplicated      ; Register Packing ; Timing optimization ; Q         ;                ; igor_uart_top:system|igor_neural_core:neural|igor_neural_rom:weights|data[9]~_Duplicate_1                                                       ; Q                ;                       ;
; igor_uart_top:system|igor_neural_core:neural|igor_neural_rom:weights|data[10]                      ; Packed Register ; Register Packing ; Timing optimization ; Q         ;                ; igor_uart_top:system|igor_neural_core:neural|lpm_mult:Mult0|mult_qgs:auto_generated|mac_mult1                                                   ; DATAB            ;                       ;
; igor_uart_top:system|igor_neural_core:neural|igor_neural_rom:weights|data[10]                      ; Duplicated      ; Register Packing ; Timing optimization ; Q         ;                ; igor_uart_top:system|igor_neural_core:neural|igor_neural_rom:weights|data[10]~_Duplicate_1                                                      ; Q                ;                       ;
; igor_uart_top:system|igor_neural_core:neural|igor_neural_rom:weights|data[15]                      ; Packed Register ; Register Packing ; Timing optimization ; Q         ;                ; igor_uart_top:system|igor_neural_core:neural|lpm_mult:Mult0|mult_qgs:auto_generated|mac_mult1                                                   ; DATAB            ;                       ;
; igor_uart_top:system|igor_neural_core:neural|igor_neural_rom:weights|data[15]                      ; Duplicated      ; Register Packing ; Timing optimization ; Q         ;                ; igor_uart_top:system|igor_neural_core:neural|igor_neural_rom:weights|data[15]~_Duplicate_1                                                      ; Q                ;                       ;
; igor_uart_top:system|igor_neural_core:neural|neuron[0]                                             ; Packed Register ; Register Packing ; Timing optimization ; Q         ;                ; igor_uart_top:system|igor_neural_core:neural|lpm_mult:Mult1|mult_sks:auto_generated|mac_mult1                                                   ; DATAA            ;                       ;
; igor_uart_top:system|igor_neural_core:neural|neuron[0]                                             ; Duplicated      ; Register Packing ; Timing optimization ; Q         ;                ; igor_uart_top:system|igor_neural_core:neural|neuron[0]~_Duplicate_1                                                                             ; Q                ;                       ;
; igor_uart_top:system|igor_neural_core:neural|neuron[0]~SCLR_LUT                                    ; Created         ; Register Packing ; Timing optimization ;           ;                ;                                                                                                                                                 ;                  ;                       ;
; igor_uart_top:system|igor_neural_core:neural|neuron[1]                                             ; Packed Register ; Register Packing ; Timing optimization ; Q         ;                ; igor_uart_top:system|igor_neural_core:neural|lpm_mult:Mult1|mult_sks:auto_generated|mac_mult1                                                   ; DATAA            ;                       ;
; igor_uart_top:system|igor_neural_core:neural|neuron[1]                                             ; Duplicated      ; Register Packing ; Timing optimization ; Q         ;                ; igor_uart_top:system|igor_neural_core:neural|neuron[1]~_Duplicate_1                                                                             ; Q                ;                       ;
; igor_uart_top:system|igor_neural_core:neural|neuron[1]~SCLR_LUT                                    ; Created         ; Register Packing ; Timing optimization ;           ;                ;                                                                                                                                                 ;                  ;                       ;
; igor_uart_top:system|igor_neural_core:neural|neuron[2]                                             ; Packed Register ; Register Packing ; Timing optimization ; Q         ;                ; igor_uart_top:system|igor_neural_core:neural|lpm_mult:Mult1|mult_sks:auto_generated|mac_mult1                                                   ; DATAA            ;                       ;
; igor_uart_top:system|igor_neural_core:neural|neuron[2]                                             ; Duplicated      ; Register Packing ; Timing optimization ; Q         ;                ; igor_uart_top:system|igor_neural_core:neural|neuron[2]~_Duplicate_1                                                                             ; Q                ;                       ;
; igor_uart_top:system|igor_neural_core:neural|neuron[2]~SCLR_LUT                                    ; Created         ; Register Packing ; Timing optimization ;           ;                ;                                                                                                                                                 ;                  ;                       ;
; igor_uart_top:system|igor_neural_core:neural|neuron[3]                                             ; Packed Register ; Register Packing ; Timing optimization ; Q         ;                ; igor_uart_top:system|igor_neural_core:neural|lpm_mult:Mult1|mult_sks:auto_generated|mac_mult1                                                   ; DATAA            ;                       ;
; igor_uart_top:system|igor_neural_core:neural|neuron[3]                                             ; Duplicated      ; Register Packing ; Timing optimization ; Q         ;                ; igor_uart_top:system|igor_neural_core:neural|neuron[3]~_Duplicate_1                                                                             ; Q                ;                       ;
; igor_uart_top:system|igor_neural_core:neural|neuron[3]~SCLR_LUT                                    ; Created         ; Register Packing ; Timing optimization ;           ;                ;                                                                                                                                                 ;                  ;                       ;
; igor_uart_top:system|igor_neural_core:neural|neuron[4]                                             ; Packed Register ; Register Packing ; Timing optimization ; Q         ;                ; igor_uart_top:system|igor_neural_core:neural|lpm_mult:Mult1|mult_sks:auto_generated|mac_mult1                                                   ; DATAA            ;                       ;
; igor_uart_top:system|igor_neural_core:neural|neuron[4]                                             ; Duplicated      ; Register Packing ; Timing optimization ; Q         ;                ; igor_uart_top:system|igor_neural_core:neural|neuron[4]~_Duplicate_1                                                                             ; Q                ;                       ;
; igor_uart_top:system|igor_neural_core:neural|neuron[4]~SCLR_LUT                                    ; Created         ; Register Packing ; Timing optimization ;           ;                ;                                                                                                                                                 ;                  ;                       ;
; igor_uart_top:system|igor_neural_core:neural|neuron[5]                                             ; Packed Register ; Register Packing ; Timing optimization ; Q         ;                ; igor_uart_top:system|igor_neural_core:neural|lpm_mult:Mult1|mult_sks:auto_generated|mac_mult1                                                   ; DATAA            ;                       ;
; igor_uart_top:system|igor_neural_core:neural|neuron[5]                                             ; Duplicated      ; Register Packing ; Timing optimization ; Q         ;                ; igor_uart_top:system|igor_neural_core:neural|neuron[5]~_Duplicate_1                                                                             ; Q                ;                       ;
; igor_uart_top:system|igor_neural_core:neural|neuron[5]~SCLR_LUT                                    ; Created         ; Register Packing ; Timing optimization ;           ;                ;                                                                                                                                                 ;                  ;                       ;
; igor_uart_top:system|igor_neural_core:neural|neuron[6]                                             ; Packed Register ; Register Packing ; Timing optimization ; Q         ;                ; igor_uart_top:system|igor_neural_core:neural|lpm_mult:Mult1|mult_sks:auto_generated|mac_mult1                                                   ; DATAA            ;                       ;
; igor_uart_top:system|igor_neural_core:neural|neuron[6]                                             ; Duplicated      ; Register Packing ; Timing optimization ; Q         ;                ; igor_uart_top:system|igor_neural_core:neural|neuron[6]~_Duplicate_1                                                                             ; Q                ;                       ;
; igor_uart_top:system|igor_neural_core:neural|neuron[6]~SCLR_LUT                                    ; Created         ; Register Packing ; Timing optimization ;           ;                ;                                                                                                                                                 ;                  ;                       ;
; igor_uart_top:system|igor_top:core|igor_rollout_tile:tiles[0].tile|candidate_index[5]              ; Packed Register ; Register Packing ; Timing optimization ; Q         ;                ; igor_uart_top:system|igor_top:core|igor_rollout_tile:tiles[0].tile|igor_kinematic_step:stepper|lpm_mult:Mult1|mult_dfs:auto_generated|mac_mult1 ; DATAA            ;                       ;
; igor_uart_top:system|igor_top:core|igor_rollout_tile:tiles[0].tile|candidate_index[5]              ; Duplicated      ; Register Packing ; Timing optimization ; Q         ;                ; igor_uart_top:system|igor_top:core|igor_rollout_tile:tiles[0].tile|candidate_index[5]~_Duplicate_1                                              ; Q                ;                       ;
; igor_uart_top:system|igor_top:core|igor_rollout_tile:tiles[0].tile|candidate_index[5]~SCLR_LUT     ; Created         ; Register Packing ; Timing optimization ;           ;                ;                                                                                                                                                 ;                  ;                       ;
; igor_uart_top:system|igor_top:core|igor_rollout_tile:tiles[0].tile|candidate_index[5]~_Duplicate_1 ; Packed Register ; Register Packing ; Timing optimization ; Q         ;                ; igor_uart_top:system|igor_top:core|igor_rollout_tile:tiles[0].tile|igor_kinematic_step:stepper|lpm_mult:Mult0|mult_dfs:auto_generated|mac_mult1 ; DATAA            ;                       ;
; igor_uart_top:system|igor_top:core|igor_rollout_tile:tiles[0].tile|candidate_index[5]~_Duplicate_1 ; Duplicated      ; Register Packing ; Timing optimization ; Q         ;                ; igor_uart_top:system|igor_top:core|igor_rollout_tile:tiles[0].tile|candidate_index[5]~_Duplicate_2                                              ; Q                ;                       ;
; igor_uart_top:system|igor_top:core|igor_rollout_tile:tiles[0].tile|candidate_index[6]              ; Packed Register ; Register Packing ; Timing optimization ; Q         ;                ; igor_uart_top:system|igor_top:core|igor_rollout_tile:tiles[0].tile|igor_kinematic_step:stepper|lpm_mult:Mult1|mult_dfs:auto_generated|mac_mult1 ; DATAA            ;                       ;
; igor_uart_top:system|igor_top:core|igor_rollout_tile:tiles[0].tile|candidate_index[6]              ; Duplicated      ; Register Packing ; Timing optimization ; Q         ;                ; igor_uart_top:system|igor_top:core|igor_rollout_tile:tiles[0].tile|candidate_index[6]~_Duplicate_1                                              ; Q                ;                       ;
; igor_uart_top:system|igor_top:core|igor_rollout_tile:tiles[0].tile|candidate_index[6]~SCLR_LUT     ; Created         ; Register Packing ; Timing optimization ;           ;                ;                                                                                                                                                 ;                  ;                       ;
; igor_uart_top:system|igor_top:core|igor_rollout_tile:tiles[0].tile|candidate_index[6]~_Duplicate_1 ; Packed Register ; Register Packing ; Timing optimization ; Q         ;                ; igor_uart_top:system|igor_top:core|igor_rollout_tile:tiles[0].tile|igor_kinematic_step:stepper|lpm_mult:Mult0|mult_dfs:auto_generated|mac_mult1 ; DATAA            ;                       ;
; igor_uart_top:system|igor_top:core|igor_rollout_tile:tiles[0].tile|candidate_index[6]~_Duplicate_1 ; Duplicated      ; Register Packing ; Timing optimization ; Q         ;                ; igor_uart_top:system|igor_top:core|igor_rollout_tile:tiles[0].tile|candidate_index[6]~_Duplicate_2                                              ; Q                ;                       ;
; igor_uart_top:system|igor_top:core|igor_rollout_tile:tiles[0].tile|candidate_index[7]              ; Packed Register ; Register Packing ; Timing optimization ; Q         ;                ; igor_uart_top:system|igor_top:core|igor_rollout_tile:tiles[0].tile|igor_kinematic_step:stepper|lpm_mult:Mult1|mult_dfs:auto_generated|mac_mult1 ; DATAA            ;                       ;
; igor_uart_top:system|igor_top:core|igor_rollout_tile:tiles[0].tile|candidate_index[7]              ; Duplicated      ; Register Packing ; Timing optimization ; Q         ;                ; igor_uart_top:system|igor_top:core|igor_rollout_tile:tiles[0].tile|candidate_index[7]~_Duplicate_1                                              ; Q                ;                       ;
; igor_uart_top:system|igor_top:core|igor_rollout_tile:tiles[0].tile|candidate_index[7]~SCLR_LUT     ; Created         ; Register Packing ; Timing optimization ;           ;                ;                                                                                                                                                 ;                  ;                       ;
; igor_uart_top:system|igor_top:core|igor_rollout_tile:tiles[0].tile|candidate_index[7]~_Duplicate_1 ; Packed Register ; Register Packing ; Timing optimization ; Q         ;                ; igor_uart_top:system|igor_top:core|igor_rollout_tile:tiles[0].tile|igor_kinematic_step:stepper|lpm_mult:Mult0|mult_dfs:auto_generated|mac_mult1 ; DATAA            ;                       ;
; igor_uart_top:system|igor_top:core|igor_rollout_tile:tiles[0].tile|candidate_index[7]~_Duplicate_1 ; Duplicated      ; Register Packing ; Timing optimization ; Q         ;                ; igor_uart_top:system|igor_top:core|igor_rollout_tile:tiles[0].tile|candidate_index[7]~_Duplicate_2                                              ; Q                ;                       ;
; igor_uart_top:system|igor_top:core|igor_rollout_tile:tiles[0].tile|candidate_index[8]              ; Packed Register ; Register Packing ; Timing optimization ; Q         ;                ; igor_uart_top:system|igor_top:core|igor_rollout_tile:tiles[0].tile|igor_kinematic_step:stepper|lpm_mult:Mult1|mult_dfs:auto_generated|mac_mult1 ; DATAA            ;                       ;
; igor_uart_top:system|igor_top:core|igor_rollout_tile:tiles[0].tile|candidate_index[8]              ; Duplicated      ; Register Packing ; Timing optimization ; Q         ;                ; igor_uart_top:system|igor_top:core|igor_rollout_tile:tiles[0].tile|candidate_index[8]~_Duplicate_1                                              ; Q                ;                       ;
; igor_uart_top:system|igor_top:core|igor_rollout_tile:tiles[0].tile|candidate_index[8]~SCLR_LUT     ; Created         ; Register Packing ; Timing optimization ;           ;                ;                                                                                                                                                 ;                  ;                       ;
; igor_uart_top:system|igor_top:core|igor_rollout_tile:tiles[0].tile|candidate_index[8]~_Duplicate_1 ; Packed Register ; Register Packing ; Timing optimization ; Q         ;                ; igor_uart_top:system|igor_top:core|igor_rollout_tile:tiles[0].tile|igor_kinematic_step:stepper|lpm_mult:Mult0|mult_dfs:auto_generated|mac_mult1 ; DATAA            ;                       ;
; igor_uart_top:system|igor_top:core|igor_rollout_tile:tiles[0].tile|candidate_index[8]~_Duplicate_1 ; Duplicated      ; Register Packing ; Timing optimization ; Q         ;                ; igor_uart_top:system|igor_top:core|igor_rollout_tile:tiles[0].tile|candidate_index[8]~_Duplicate_2                                              ; Q                ;                       ;
; igor_uart_top:system|igor_top:core|igor_rollout_tile:tiles[1].tile|candidate_index[5]              ; Packed Register ; Register Packing ; Timing optimization ; Q         ;                ; igor_uart_top:system|igor_top:core|igor_rollout_tile:tiles[1].tile|igor_kinematic_step:stepper|lpm_mult:Mult0|mult_dfs:auto_generated|mac_mult1 ; DATAA            ;                       ;
; igor_uart_top:system|igor_top:core|igor_rollout_tile:tiles[1].tile|candidate_index[5]              ; Duplicated      ; Register Packing ; Timing optimization ; Q         ;                ; igor_uart_top:system|igor_top:core|igor_rollout_tile:tiles[1].tile|candidate_index[5]~_Duplicate_1                                              ; Q                ;                       ;
; igor_uart_top:system|igor_top:core|igor_rollout_tile:tiles[1].tile|candidate_index[5]~SCLR_LUT     ; Created         ; Register Packing ; Timing optimization ;           ;                ;                                                                                                                                                 ;                  ;                       ;
; igor_uart_top:system|igor_top:core|igor_rollout_tile:tiles[1].tile|candidate_index[5]~_Duplicate_1 ; Packed Register ; Register Packing ; Timing optimization ; Q         ;                ; igor_uart_top:system|igor_top:core|igor_rollout_tile:tiles[1].tile|igor_kinematic_step:stepper|lpm_mult:Mult1|mult_dfs:auto_generated|mac_mult1 ; DATAA            ;                       ;
; igor_uart_top:system|igor_top:core|igor_rollout_tile:tiles[1].tile|candidate_index[5]~_Duplicate_1 ; Duplicated      ; Register Packing ; Timing optimization ; Q         ;                ; igor_uart_top:system|igor_top:core|igor_rollout_tile:tiles[1].tile|candidate_index[5]~_Duplicate_2                                              ; Q                ;                       ;
; igor_uart_top:system|igor_top:core|igor_rollout_tile:tiles[1].tile|candidate_index[6]              ; Packed Register ; Register Packing ; Timing optimization ; Q         ;                ; igor_uart_top:system|igor_top:core|igor_rollout_tile:tiles[1].tile|igor_kinematic_step:stepper|lpm_mult:Mult0|mult_dfs:auto_generated|mac_mult1 ; DATAA            ;                       ;
; igor_uart_top:system|igor_top:core|igor_rollout_tile:tiles[1].tile|candidate_index[6]              ; Duplicated      ; Register Packing ; Timing optimization ; Q         ;                ; igor_uart_top:system|igor_top:core|igor_rollout_tile:tiles[1].tile|candidate_index[6]~_Duplicate_1                                              ; Q                ;                       ;
; igor_uart_top:system|igor_top:core|igor_rollout_tile:tiles[1].tile|candidate_index[6]~SCLR_LUT     ; Created         ; Register Packing ; Timing optimization ;           ;                ;                                                                                                                                                 ;                  ;                       ;
; igor_uart_top:system|igor_top:core|igor_rollout_tile:tiles[1].tile|candidate_index[6]~_Duplicate_1 ; Packed Register ; Register Packing ; Timing optimization ; Q         ;                ; igor_uart_top:system|igor_top:core|igor_rollout_tile:tiles[1].tile|igor_kinematic_step:stepper|lpm_mult:Mult1|mult_dfs:auto_generated|mac_mult1 ; DATAA            ;                       ;
; igor_uart_top:system|igor_top:core|igor_rollout_tile:tiles[1].tile|candidate_index[6]~_Duplicate_1 ; Duplicated      ; Register Packing ; Timing optimization ; Q         ;                ; igor_uart_top:system|igor_top:core|igor_rollout_tile:tiles[1].tile|candidate_index[6]~_Duplicate_2                                              ; Q                ;                       ;
; igor_uart_top:system|igor_top:core|igor_rollout_tile:tiles[1].tile|candidate_index[7]              ; Packed Register ; Register Packing ; Timing optimization ; Q         ;                ; igor_uart_top:system|igor_top:core|igor_rollout_tile:tiles[1].tile|igor_kinematic_step:stepper|lpm_mult:Mult0|mult_dfs:auto_generated|mac_mult1 ; DATAA            ;                       ;
; igor_uart_top:system|igor_top:core|igor_rollout_tile:tiles[1].tile|candidate_index[7]              ; Duplicated      ; Register Packing ; Timing optimization ; Q         ;                ; igor_uart_top:system|igor_top:core|igor_rollout_tile:tiles[1].tile|candidate_index[7]~_Duplicate_1                                              ; Q                ;                       ;
; igor_uart_top:system|igor_top:core|igor_rollout_tile:tiles[1].tile|candidate_index[7]~SCLR_LUT     ; Created         ; Register Packing ; Timing optimization ;           ;                ;                                                                                                                                                 ;                  ;                       ;
; igor_uart_top:system|igor_top:core|igor_rollout_tile:tiles[1].tile|candidate_index[7]~_Duplicate_1 ; Packed Register ; Register Packing ; Timing optimization ; Q         ;                ; igor_uart_top:system|igor_top:core|igor_rollout_tile:tiles[1].tile|igor_kinematic_step:stepper|lpm_mult:Mult1|mult_dfs:auto_generated|mac_mult1 ; DATAA            ;                       ;
; igor_uart_top:system|igor_top:core|igor_rollout_tile:tiles[1].tile|candidate_index[7]~_Duplicate_1 ; Duplicated      ; Register Packing ; Timing optimization ; Q         ;                ; igor_uart_top:system|igor_top:core|igor_rollout_tile:tiles[1].tile|candidate_index[7]~_Duplicate_2                                              ; Q                ;                       ;
; igor_uart_top:system|igor_top:core|igor_rollout_tile:tiles[1].tile|candidate_index[8]              ; Packed Register ; Register Packing ; Timing optimization ; Q         ;                ; igor_uart_top:system|igor_top:core|igor_rollout_tile:tiles[1].tile|igor_kinematic_step:stepper|lpm_mult:Mult0|mult_dfs:auto_generated|mac_mult1 ; DATAA            ;                       ;
; igor_uart_top:system|igor_top:core|igor_rollout_tile:tiles[1].tile|candidate_index[8]              ; Duplicated      ; Register Packing ; Timing optimization ; Q         ;                ; igor_uart_top:system|igor_top:core|igor_rollout_tile:tiles[1].tile|candidate_index[8]~_Duplicate_1                                              ; Q                ;                       ;
; igor_uart_top:system|igor_top:core|igor_rollout_tile:tiles[1].tile|candidate_index[8]~SCLR_LUT     ; Created         ; Register Packing ; Timing optimization ;           ;                ;                                                                                                                                                 ;                  ;                       ;
; igor_uart_top:system|igor_top:core|igor_rollout_tile:tiles[1].tile|candidate_index[8]~_Duplicate_1 ; Packed Register ; Register Packing ; Timing optimization ; Q         ;                ; igor_uart_top:system|igor_top:core|igor_rollout_tile:tiles[1].tile|igor_kinematic_step:stepper|lpm_mult:Mult1|mult_dfs:auto_generated|mac_mult1 ; DATAA            ;                       ;
; igor_uart_top:system|igor_top:core|igor_rollout_tile:tiles[1].tile|candidate_index[8]~_Duplicate_1 ; Duplicated      ; Register Packing ; Timing optimization ; Q         ;                ; igor_uart_top:system|igor_top:core|igor_rollout_tile:tiles[1].tile|candidate_index[8]~_Duplicate_2                                              ; Q                ;                       ;
; igor_uart_top:system|igor_top:core|igor_rollout_tile:tiles[2].tile|candidate_index[5]              ; Packed Register ; Register Packing ; Timing optimization ; Q         ;                ; igor_uart_top:system|igor_top:core|igor_rollout_tile:tiles[2].tile|igor_kinematic_step:stepper|lpm_mult:Mult0|mult_dfs:auto_generated|mac_mult1 ; DATAA            ;                       ;
; igor_uart_top:system|igor_top:core|igor_rollout_tile:tiles[2].tile|candidate_index[5]              ; Duplicated      ; Register Packing ; Timing optimization ; Q         ;                ; igor_uart_top:system|igor_top:core|igor_rollout_tile:tiles[2].tile|candidate_index[5]~_Duplicate_1                                              ; Q                ;                       ;
; igor_uart_top:system|igor_top:core|igor_rollout_tile:tiles[2].tile|candidate_index[5]~SCLR_LUT     ; Created         ; Register Packing ; Timing optimization ;           ;                ;                                                                                                                                                 ;                  ;                       ;
; igor_uart_top:system|igor_top:core|igor_rollout_tile:tiles[2].tile|candidate_index[5]~_Duplicate_1 ; Packed Register ; Register Packing ; Timing optimization ; Q         ;                ; igor_uart_top:system|igor_top:core|igor_rollout_tile:tiles[2].tile|igor_kinematic_step:stepper|lpm_mult:Mult1|mult_dfs:auto_generated|mac_mult1 ; DATAA            ;                       ;
; igor_uart_top:system|igor_top:core|igor_rollout_tile:tiles[2].tile|candidate_index[5]~_Duplicate_1 ; Duplicated      ; Register Packing ; Timing optimization ; Q         ;                ; igor_uart_top:system|igor_top:core|igor_rollout_tile:tiles[2].tile|candidate_index[5]~_Duplicate_2                                              ; Q                ;                       ;
; igor_uart_top:system|igor_top:core|igor_rollout_tile:tiles[2].tile|candidate_index[6]              ; Packed Register ; Register Packing ; Timing optimization ; Q         ;                ; igor_uart_top:system|igor_top:core|igor_rollout_tile:tiles[2].tile|igor_kinematic_step:stepper|lpm_mult:Mult0|mult_dfs:auto_generated|mac_mult1 ; DATAA            ;                       ;
; igor_uart_top:system|igor_top:core|igor_rollout_tile:tiles[2].tile|candidate_index[6]              ; Duplicated      ; Register Packing ; Timing optimization ; Q         ;                ; igor_uart_top:system|igor_top:core|igor_rollout_tile:tiles[2].tile|candidate_index[6]~_Duplicate_1                                              ; Q                ;                       ;
; igor_uart_top:system|igor_top:core|igor_rollout_tile:tiles[2].tile|candidate_index[6]~SCLR_LUT     ; Created         ; Register Packing ; Timing optimization ;           ;                ;                                                                                                                                                 ;                  ;                       ;
; igor_uart_top:system|igor_top:core|igor_rollout_tile:tiles[2].tile|candidate_index[6]~_Duplicate_1 ; Packed Register ; Register Packing ; Timing optimization ; Q         ;                ; igor_uart_top:system|igor_top:core|igor_rollout_tile:tiles[2].tile|igor_kinematic_step:stepper|lpm_mult:Mult1|mult_dfs:auto_generated|mac_mult1 ; DATAA            ;                       ;
; igor_uart_top:system|igor_top:core|igor_rollout_tile:tiles[2].tile|candidate_index[6]~_Duplicate_1 ; Duplicated      ; Register Packing ; Timing optimization ; Q         ;                ; igor_uart_top:system|igor_top:core|igor_rollout_tile:tiles[2].tile|candidate_index[6]~_Duplicate_2                                              ; Q                ;                       ;
; igor_uart_top:system|igor_top:core|igor_rollout_tile:tiles[2].tile|candidate_index[7]              ; Packed Register ; Register Packing ; Timing optimization ; Q         ;                ; igor_uart_top:system|igor_top:core|igor_rollout_tile:tiles[2].tile|igor_kinematic_step:stepper|lpm_mult:Mult0|mult_dfs:auto_generated|mac_mult1 ; DATAA            ;                       ;
; igor_uart_top:system|igor_top:core|igor_rollout_tile:tiles[2].tile|candidate_index[7]              ; Duplicated      ; Register Packing ; Timing optimization ; Q         ;                ; igor_uart_top:system|igor_top:core|igor_rollout_tile:tiles[2].tile|candidate_index[7]~_Duplicate_1                                              ; Q                ;                       ;
; igor_uart_top:system|igor_top:core|igor_rollout_tile:tiles[2].tile|candidate_index[7]~SCLR_LUT     ; Created         ; Register Packing ; Timing optimization ;           ;                ;                                                                                                                                                 ;                  ;                       ;
; igor_uart_top:system|igor_top:core|igor_rollout_tile:tiles[2].tile|candidate_index[7]~_Duplicate_1 ; Packed Register ; Register Packing ; Timing optimization ; Q         ;                ; igor_uart_top:system|igor_top:core|igor_rollout_tile:tiles[2].tile|igor_kinematic_step:stepper|lpm_mult:Mult1|mult_dfs:auto_generated|mac_mult1 ; DATAA            ;                       ;
; igor_uart_top:system|igor_top:core|igor_rollout_tile:tiles[2].tile|candidate_index[7]~_Duplicate_1 ; Duplicated      ; Register Packing ; Timing optimization ; Q         ;                ; igor_uart_top:system|igor_top:core|igor_rollout_tile:tiles[2].tile|candidate_index[7]~_Duplicate_2                                              ; Q                ;                       ;
; igor_uart_top:system|igor_top:core|igor_rollout_tile:tiles[2].tile|candidate_index[8]              ; Packed Register ; Register Packing ; Timing optimization ; Q         ;                ; igor_uart_top:system|igor_top:core|igor_rollout_tile:tiles[2].tile|igor_kinematic_step:stepper|lpm_mult:Mult0|mult_dfs:auto_generated|mac_mult1 ; DATAA            ;                       ;
; igor_uart_top:system|igor_top:core|igor_rollout_tile:tiles[2].tile|candidate_index[8]              ; Duplicated      ; Register Packing ; Timing optimization ; Q         ;                ; igor_uart_top:system|igor_top:core|igor_rollout_tile:tiles[2].tile|candidate_index[8]~_Duplicate_1                                              ; Q                ;                       ;
; igor_uart_top:system|igor_top:core|igor_rollout_tile:tiles[2].tile|candidate_index[8]~SCLR_LUT     ; Created         ; Register Packing ; Timing optimization ;           ;                ;                                                                                                                                                 ;                  ;                       ;
; igor_uart_top:system|igor_top:core|igor_rollout_tile:tiles[2].tile|candidate_index[8]~_Duplicate_1 ; Packed Register ; Register Packing ; Timing optimization ; Q         ;                ; igor_uart_top:system|igor_top:core|igor_rollout_tile:tiles[2].tile|igor_kinematic_step:stepper|lpm_mult:Mult1|mult_dfs:auto_generated|mac_mult1 ; DATAA            ;                       ;
; igor_uart_top:system|igor_top:core|igor_rollout_tile:tiles[2].tile|candidate_index[8]~_Duplicate_1 ; Duplicated      ; Register Packing ; Timing optimization ; Q         ;                ; igor_uart_top:system|igor_top:core|igor_rollout_tile:tiles[2].tile|candidate_index[8]~_Duplicate_2                                              ; Q                ;                       ;
; igor_uart_top:system|igor_top:core|igor_rollout_tile:tiles[3].tile|candidate_index[5]              ; Packed Register ; Register Packing ; Timing optimization ; Q         ;                ; igor_uart_top:system|igor_top:core|igor_rollout_tile:tiles[3].tile|igor_kinematic_step:stepper|lpm_mult:Mult0|mult_dfs:auto_generated|mac_mult1 ; DATAA            ;                       ;
; igor_uart_top:system|igor_top:core|igor_rollout_tile:tiles[3].tile|candidate_index[5]              ; Duplicated      ; Register Packing ; Timing optimization ; Q         ;                ; igor_uart_top:system|igor_top:core|igor_rollout_tile:tiles[3].tile|candidate_index[5]~_Duplicate_1                                              ; Q                ;                       ;
; igor_uart_top:system|igor_top:core|igor_rollout_tile:tiles[3].tile|candidate_index[5]~SCLR_LUT     ; Created         ; Register Packing ; Timing optimization ;           ;                ;                                                                                                                                                 ;                  ;                       ;
; igor_uart_top:system|igor_top:core|igor_rollout_tile:tiles[3].tile|candidate_index[5]~_Duplicate_1 ; Packed Register ; Register Packing ; Timing optimization ; Q         ;                ; igor_uart_top:system|igor_top:core|igor_rollout_tile:tiles[3].tile|igor_kinematic_step:stepper|lpm_mult:Mult1|mult_dfs:auto_generated|mac_mult1 ; DATAA            ;                       ;
; igor_uart_top:system|igor_top:core|igor_rollout_tile:tiles[3].tile|candidate_index[5]~_Duplicate_1 ; Duplicated      ; Register Packing ; Timing optimization ; Q         ;                ; igor_uart_top:system|igor_top:core|igor_rollout_tile:tiles[3].tile|candidate_index[5]~_Duplicate_2                                              ; Q                ;                       ;
; igor_uart_top:system|igor_top:core|igor_rollout_tile:tiles[3].tile|candidate_index[6]              ; Packed Register ; Register Packing ; Timing optimization ; Q         ;                ; igor_uart_top:system|igor_top:core|igor_rollout_tile:tiles[3].tile|igor_kinematic_step:stepper|lpm_mult:Mult0|mult_dfs:auto_generated|mac_mult1 ; DATAA            ;                       ;
; igor_uart_top:system|igor_top:core|igor_rollout_tile:tiles[3].tile|candidate_index[6]              ; Duplicated      ; Register Packing ; Timing optimization ; Q         ;                ; igor_uart_top:system|igor_top:core|igor_rollout_tile:tiles[3].tile|candidate_index[6]~_Duplicate_1                                              ; Q                ;                       ;
; igor_uart_top:system|igor_top:core|igor_rollout_tile:tiles[3].tile|candidate_index[6]~SCLR_LUT     ; Created         ; Register Packing ; Timing optimization ;           ;                ;                                                                                                                                                 ;                  ;                       ;
; igor_uart_top:system|igor_top:core|igor_rollout_tile:tiles[3].tile|candidate_index[6]~_Duplicate_1 ; Packed Register ; Register Packing ; Timing optimization ; Q         ;                ; igor_uart_top:system|igor_top:core|igor_rollout_tile:tiles[3].tile|igor_kinematic_step:stepper|lpm_mult:Mult1|mult_dfs:auto_generated|mac_mult1 ; DATAA            ;                       ;
; igor_uart_top:system|igor_top:core|igor_rollout_tile:tiles[3].tile|candidate_index[6]~_Duplicate_1 ; Duplicated      ; Register Packing ; Timing optimization ; Q         ;                ; igor_uart_top:system|igor_top:core|igor_rollout_tile:tiles[3].tile|candidate_index[6]~_Duplicate_2                                              ; Q                ;                       ;
; igor_uart_top:system|igor_top:core|igor_rollout_tile:tiles[3].tile|candidate_index[7]              ; Packed Register ; Register Packing ; Timing optimization ; Q         ;                ; igor_uart_top:system|igor_top:core|igor_rollout_tile:tiles[3].tile|igor_kinematic_step:stepper|lpm_mult:Mult0|mult_dfs:auto_generated|mac_mult1 ; DATAA            ;                       ;
; igor_uart_top:system|igor_top:core|igor_rollout_tile:tiles[3].tile|candidate_index[7]              ; Duplicated      ; Register Packing ; Timing optimization ; Q         ;                ; igor_uart_top:system|igor_top:core|igor_rollout_tile:tiles[3].tile|candidate_index[7]~_Duplicate_1                                              ; Q                ;                       ;
; igor_uart_top:system|igor_top:core|igor_rollout_tile:tiles[3].tile|candidate_index[7]~SCLR_LUT     ; Created         ; Register Packing ; Timing optimization ;           ;                ;                                                                                                                                                 ;                  ;                       ;
; igor_uart_top:system|igor_top:core|igor_rollout_tile:tiles[3].tile|candidate_index[7]~_Duplicate_1 ; Packed Register ; Register Packing ; Timing optimization ; Q         ;                ; igor_uart_top:system|igor_top:core|igor_rollout_tile:tiles[3].tile|igor_kinematic_step:stepper|lpm_mult:Mult1|mult_dfs:auto_generated|mac_mult1 ; DATAA            ;                       ;
; igor_uart_top:system|igor_top:core|igor_rollout_tile:tiles[3].tile|candidate_index[7]~_Duplicate_1 ; Duplicated      ; Register Packing ; Timing optimization ; Q         ;                ; igor_uart_top:system|igor_top:core|igor_rollout_tile:tiles[3].tile|candidate_index[7]~_Duplicate_2                                              ; Q                ;                       ;
; igor_uart_top:system|igor_top:core|igor_rollout_tile:tiles[3].tile|candidate_index[8]              ; Packed Register ; Register Packing ; Timing optimization ; Q         ;                ; igor_uart_top:system|igor_top:core|igor_rollout_tile:tiles[3].tile|igor_kinematic_step:stepper|lpm_mult:Mult0|mult_dfs:auto_generated|mac_mult1 ; DATAA            ;                       ;
; igor_uart_top:system|igor_top:core|igor_rollout_tile:tiles[3].tile|candidate_index[8]              ; Duplicated      ; Register Packing ; Timing optimization ; Q         ;                ; igor_uart_top:system|igor_top:core|igor_rollout_tile:tiles[3].tile|candidate_index[8]~_Duplicate_1                                              ; Q                ;                       ;
; igor_uart_top:system|igor_top:core|igor_rollout_tile:tiles[3].tile|candidate_index[8]~SCLR_LUT     ; Created         ; Register Packing ; Timing optimization ;           ;                ;                                                                                                                                                 ;                  ;                       ;
; igor_uart_top:system|igor_top:core|igor_rollout_tile:tiles[3].tile|candidate_index[8]~_Duplicate_1 ; Packed Register ; Register Packing ; Timing optimization ; Q         ;                ; igor_uart_top:system|igor_top:core|igor_rollout_tile:tiles[3].tile|igor_kinematic_step:stepper|lpm_mult:Mult1|mult_dfs:auto_generated|mac_mult1 ; DATAA            ;                       ;
; igor_uart_top:system|igor_top:core|igor_rollout_tile:tiles[3].tile|candidate_index[8]~_Duplicate_1 ; Duplicated      ; Register Packing ; Timing optimization ; Q         ;                ; igor_uart_top:system|igor_top:core|igor_rollout_tile:tiles[3].tile|candidate_index[8]~_Duplicate_2                                              ; Q                ;                       ;
+----------------------------------------------------------------------------------------------------+-----------------+------------------+---------------------+-----------+----------------+-------------------------------------------------------------------------------------------------------------------------------------------------+------------------+-----------------------+


+----------------------------------------------------------------------------------------------------+
; Incremental Compilation Preservation Summary                                                       ;
+---------------------+----------------------+----------------------------+--------------------------+
; Type                ; Total [A + B]        ; From Design Partitions [A] ; From Rapid Recompile [B] ;
+---------------------+----------------------+----------------------------+--------------------------+
; Placement (by node) ;                      ;                            ;                          ;
;     -- Requested    ; 0.00 % ( 0 / 20551 ) ; 0.00 % ( 0 / 20551 )       ; 0.00 % ( 0 / 20551 )     ;
;     -- Achieved     ; 0.00 % ( 0 / 20551 ) ; 0.00 % ( 0 / 20551 )       ; 0.00 % ( 0 / 20551 )     ;
;                     ;                      ;                            ;                          ;
; Routing (by net)    ;                      ;                            ;                          ;
;     -- Requested    ; 0.00 % ( 0 / 0 )     ; 0.00 % ( 0 / 0 )           ; 0.00 % ( 0 / 0 )         ;
;     -- Achieved     ; 0.00 % ( 0 / 0 )     ; 0.00 % ( 0 / 0 )           ; 0.00 % ( 0 / 0 )         ;
+---------------------+----------------------+----------------------------+--------------------------+


+----------------------------------------------------------------------------------------------------------------------------------------------------------------------------------------+
; Incremental Compilation Partition Settings                                                                                                                                             ;
+--------------------------------+----------------+-------------------+-------------------------+------------------------+------------------------------+--------------------------------+
; Partition Name                 ; Partition Type ; Netlist Type Used ; Preservation Level Used ; Netlist Type Requested ; Preservation Level Requested ; Contents                       ;
+--------------------------------+----------------+-------------------+-------------------------+------------------------+------------------------------+--------------------------------+
; Top                            ; User-created   ; Source File       ; N/A                     ; Source File            ; N/A                          ;                                ;
; hard_block:auto_generated_inst ; Auto-generated ; Source File       ; N/A                     ; Source File            ; N/A                          ; hard_block:auto_generated_inst ;
+--------------------------------+----------------+-------------------+-------------------------+------------------------+------------------------------+--------------------------------+


+------------------------------------------------------------------------------------------------------------------------------------+
; Incremental Compilation Placement Preservation                                                                                     ;
+--------------------------------+-----------------------+-------------------------+-------------------+---------------------+-------+
; Partition Name                 ; Preservation Achieved ; Preservation Level Used ; Netlist Type Used ; Preservation Method ; Notes ;
+--------------------------------+-----------------------+-------------------------+-------------------+---------------------+-------+
; Top                            ; 0.00 % ( 0 / 20535 )  ; N/A                     ; Source File       ; N/A                 ;       ;
; hard_block:auto_generated_inst ; 0.00 % ( 0 / 16 )     ; N/A                     ; Source File       ; N/A                 ;       ;
+--------------------------------+-----------------------+-------------------------+-------------------+---------------------+-------+


+--------------+
; Pin-Out File ;
+--------------+
The pin-out file can be found in C:/Users/William Anthony/Documents/Codex/2026-09-30/files-mentioned-by-the-user-draft/outputs/MAX10_10M50DAF484C7G/quartus/output_files/igor_max10.pin.


+------------------------------------------------------------------------------+
; Fitter Resource Usage Summary                                                ;
+---------------------------------------------+--------------------------------+
; Resource                                    ; Usage                          ;
+---------------------------------------------+--------------------------------+
; Total logic elements                        ; 18,984 / 49,760 ( 38 % )       ;
;     -- Combinational with no register       ; 17445                          ;
;     -- Register only                        ; 196                            ;
;     -- Combinational with a register        ; 1343                           ;
;                                             ;                                ;
; Logic element usage by number of LUT inputs ;                                ;
;     -- 4 input functions                    ; 15625                          ;
;     -- 3 input functions                    ; 1728                           ;
;     -- <=2 input functions                  ; 1435                           ;
;     -- Register only                        ; 196                            ;
;                                             ;                                ;
; Logic elements by mode                      ;                                ;
;     -- normal mode                          ; 17090                          ;
;     -- arithmetic mode                      ; 1698                           ;
;                                             ;                                ;
; Total registers*                            ; 1,539 / 51,509 ( 3 % )         ;
;     -- Dedicated logic registers            ; 1,539 / 49,760 ( 3 % )         ;
;     -- I/O registers                        ; 0 / 1,749 ( 0 % )              ;
;                                             ;                                ;
; Total LABs:  partially or completely used   ; 1,344 / 3,110 ( 43 % )         ;
; Virtual pins                                ; 0                              ;
; I/O pins                                    ; 19 / 360 ( 5 % )               ;
;     -- Clock pins                           ; 2 / 8 ( 25 % )                 ;
;     -- Dedicated input pins                 ; 1 / 1 ( 100 % )                ;
;                                             ;                                ;
; M9Ks                                        ; 131 / 182 ( 72 % )             ;
; UFM blocks                                  ; 0 / 1 ( 0 % )                  ;
; ADC blocks                                  ; 0 / 2 ( 0 % )                  ;
; Total block memory bits                     ; 1,051,008 / 1,677,312 ( 63 % ) ;
; Total block memory implementation bits      ; 1,207,296 / 1,677,312 ( 72 % ) ;
; Embedded Multiplier 9-bit elements          ; 19 / 288 ( 7 % )               ;
; PLLs                                        ; 0 / 4 ( 0 % )                  ;
; Global signals                              ; 2                              ;
;     -- Global clocks                        ; 2 / 20 ( 10 % )                ;
; JTAGs                                       ; 0 / 1 ( 0 % )                  ;
; CRC blocks                                  ; 0 / 1 ( 0 % )                  ;
; Remote update blocks                        ; 0 / 1 ( 0 % )                  ;
; Oscillator blocks                           ; 0 / 1 ( 0 % )                  ;
; Impedance control blocks                    ; 0 / 1 ( 0 % )                  ;
; Average interconnect usage (total/H/V)      ; 8.2% / 7.5% / 9.1%             ;
; Peak interconnect usage (total/H/V)         ; 24.6% / 22.2% / 28.0%          ;
; Maximum fan-out                             ; 2224                           ;
; Highest non-global fan-out                  ; 2224                           ;
; Total fan-out                               ; 81255                          ;
; Average fan-out                             ; 3.93                           ;
+---------------------------------------------+--------------------------------+
*  Register count does not include registers inside RAM blocks or DSP blocks.



+-------------------------------------------------------------------------------------------------------+
; Fitter Partition Statistics                                                                           ;
+---------------------------------------------+------------------------+--------------------------------+
; Statistic                                   ; Top                    ; hard_block:auto_generated_inst ;
+---------------------------------------------+------------------------+--------------------------------+
; Difficulty Clustering Region                ; Low                    ; Low                            ;
;                                             ;                        ;                                ;
; Total logic elements                        ; 18984 / 49760 ( 38 % ) ; 0 / 49760 ( 0 % )              ;
;     -- Combinational with no register       ; 17445                  ; 0                              ;
;     -- Register only                        ; 196                    ; 0                              ;
;     -- Combinational with a register        ; 1343                   ; 0                              ;
;                                             ;                        ;                                ;
; Logic element usage by number of LUT inputs ;                        ;                                ;
;     -- 4 input functions                    ; 15625                  ; 0                              ;
;     -- 3 input functions                    ; 1728                   ; 0                              ;
;     -- <=2 input functions                  ; 1435                   ; 0                              ;
;     -- Register only                        ; 196                    ; 0                              ;
;                                             ;                        ;                                ;
; Logic elements by mode                      ;                        ;                                ;
;     -- normal mode                          ; 17090                  ; 0                              ;
;     -- arithmetic mode                      ; 1698                   ; 0                              ;
;                                             ;                        ;                                ;
; Total registers                             ; 1539                   ; 0                              ;
;     -- Dedicated logic registers            ; 1539 / 49760 ( 3 % )   ; 0 / 49760 ( 0 % )              ;
;     -- I/O registers                        ; 0                      ; 0                              ;
;                                             ;                        ;                                ;
; Total LABs:  partially or completely used   ; 1344 / 3110 ( 43 % )   ; 0 / 3110 ( 0 % )               ;
;                                             ;                        ;                                ;
; Virtual pins                                ; 0                      ; 0                              ;
; I/O pins                                    ; 19                     ; 0                              ;
; Embedded Multiplier 9-bit elements          ; 19 / 288 ( 7 % )       ; 0 / 288 ( 0 % )                ;
; Total memory bits                           ; 1051008                ; 0                              ;
; Total RAM block bits                        ; 1207296                ; 0                              ;
; M9K                                         ; 131 / 182 ( 71 % )     ; 0 / 182 ( 0 % )                ;
; Clock control block                         ; 2 / 24 ( 8 % )         ; 0 / 24 ( 0 % )                 ;
; User Flash Memory                           ; 1 / 1 ( 100 % )        ; 0 / 1 ( 0 % )                  ;
; Analog-to-Digital Converter                 ; 2 / 2 ( 100 % )        ; 0 / 2 ( 0 % )                  ;
;                                             ;                        ;                                ;
; Connections                                 ;                        ;                                ;
;     -- Input Connections                    ; 0                      ; 0                              ;
;     -- Registered Input Connections         ; 0                      ; 0                              ;
;     -- Output Connections                   ; 0                      ; 0                              ;
;     -- Registered Output Connections        ; 0                      ; 0                              ;
;                                             ;                        ;                                ;
; Internal Connections                        ;                        ;                                ;
;     -- Total Connections                    ; 81595                  ; 8                              ;
;     -- Registered Connections               ; 53404                  ; 0                              ;
;                                             ;                        ;                                ;
; External Connections                        ;                        ;                                ;
;     -- Top                                  ; 0                      ; 0                              ;
;     -- hard_block:auto_generated_inst       ; 0                      ; 0                              ;
;                                             ;                        ;                                ;
; Partition Interface                         ;                        ;                                ;
;     -- Input Ports                          ; 8                      ; 0                              ;
;     -- Output Ports                         ; 11                     ; 0                              ;
;     -- Bidir Ports                          ; 0                      ; 0                              ;
;                                             ;                        ;                                ;
; Registered Ports                            ;                        ;                                ;
;     -- Registered Input Ports               ; 0                      ; 0                              ;
;     -- Registered Output Ports              ; 0                      ; 0                              ;
;                                             ;                        ;                                ;
; Port Connectivity                           ;                        ;                                ;
;     -- Input Ports driven by GND            ; 0                      ; 0                              ;
;     -- Output Ports driven by GND           ; 0                      ; 0                              ;
;     -- Input Ports driven by VCC            ; 0                      ; 0                              ;
;     -- Output Ports driven by VCC           ; 0                      ; 0                              ;
;     -- Input Ports with no Source           ; 0                      ; 0                              ;
;     -- Output Ports with no Source          ; 0                      ; 0                              ;
;     -- Input Ports with no Fanout           ; 0                      ; 0                              ;
;     -- Output Ports with no Fanout          ; 0                      ; 0                              ;
+---------------------------------------------+------------------------+--------------------------------+


+---------------------------------------------------------------------------------------------------------------------------------------------------------------------------------------------------------------------------------------------------------------------------------------------------------+
; Input Pins                                                                                                                                                                                                                                                                                              ;
+---------------+-------+----------+--------------+--------------+--------------+-----------------------+--------------------+--------+----------------+---------------+-----------------+----------+--------------+-----------------------+---------------------------+----------------------+-----------+
; Name          ; Pin # ; I/O Bank ; X coordinate ; Y coordinate ; Z coordinate ; Combinational Fan-Out ; Registered Fan-Out ; Global ; Input Register ; Power Up High ; PCI I/O Enabled ; Bus Hold ; Weak Pull Up ; I/O Standard          ; Termination Control Block ; Location assigned by ; Slew Rate ;
+---------------+-------+----------+--------------+--------------+--------------+-----------------------+--------------------+--------+----------------+---------------+-----------------+----------+--------------+-----------------------+---------------------------+----------------------+-----------+
; KEY[0]        ; B8    ; 7        ; 46           ; 54           ; 28           ; 54                    ; 0                  ; no     ; no             ; no            ; yes             ; no       ; Off          ; 3.3 V Schmitt Trigger ; --                        ; User                 ; 0         ;
; KEY[1]        ; A7    ; 7        ; 49           ; 54           ; 28           ; 4                     ; 0                  ; no     ; no             ; no            ; yes             ; no       ; Off          ; 3.3 V Schmitt Trigger ; --                        ; User                 ; 0         ;
; MAX10_CLK1_50 ; P11   ; 3        ; 34           ; 0            ; 28           ; 1680                  ; 0                  ; yes    ; no             ; no            ; yes             ; no       ; Off          ; 3.3-V LVTTL           ; --                        ; User                 ; 0         ;
; SW[0]         ; C10   ; 7        ; 51           ; 54           ; 28           ; 0                     ; 0                  ; no     ; no             ; no            ; yes             ; no       ; Off          ; 3.3-V LVTTL           ; --                        ; User                 ; 0         ;
; SW[1]         ; C11   ; 7        ; 51           ; 54           ; 21           ; 0                     ; 0                  ; no     ; no             ; no            ; yes             ; no       ; Off          ; 3.3-V LVTTL           ; --                        ; User                 ; 0         ;
; SW[2]         ; D12   ; 7        ; 51           ; 54           ; 0            ; 1                     ; 0                  ; no     ; no             ; no            ; yes             ; no       ; Off          ; 3.3-V LVTTL           ; --                        ; User                 ; 0         ;
; SW[3]         ; C12   ; 7        ; 54           ; 54           ; 28           ; 1                     ; 0                  ; no     ; no             ; no            ; yes             ; no       ; Off          ; 3.3-V LVTTL           ; --                        ; User                 ; 0         ;
; UART_RX       ; V10   ; 3        ; 31           ; 0            ; 21           ; 2                     ; 0                  ; no     ; no             ; no            ; yes             ; no       ; Off          ; 3.3-V LVTTL           ; --                        ; User                 ; 0         ;
+---------------+-------+----------+--------------+--------------+--------------+-----------------------+--------------------+--------+----------------+---------------+-----------------+----------+--------------+-----------------------+---------------------------+----------------------+-----------+


+------------------------------------------------------------------------------------------------------------------------------------------------------------------------------------------------------------------------------------------------------------------------------------------------------------------------------------------------------------------------------------------------------------------------------------+
; Output Pins                                                                                                                                                                                                                                                                                                                                                                                                                        ;
+---------+-------+----------+--------------+--------------+--------------+-----------------+------------------------+---------------+-----------+-----------------+------------+---------------+----------+--------------+--------------+------------------+-------------+---------------------------+----------------------------+-----------------------------+----------------------+----------------------+---------------------+
; Name    ; Pin # ; I/O Bank ; X coordinate ; Y coordinate ; Z coordinate ; Output Register ; Output Enable Register ; Power Up High ; Slew Rate ; PCI I/O Enabled ; Open Drain ; TRI Primitive ; Bus Hold ; Weak Pull Up ; I/O Standard ; Current Strength ; Termination ; Termination Control Block ; Output Buffer Pre-emphasis ; Voltage Output Differential ; Location assigned by ; Output Enable Source ; Output Enable Group ;
+---------+-------+----------+--------------+--------------+--------------+-----------------+------------------------+---------------+-----------+-----------------+------------+---------------+----------+--------------+--------------+------------------+-------------+---------------------------+----------------------------+-----------------------------+----------------------+----------------------+---------------------+
; LEDR[0] ; A8    ; 7        ; 46           ; 54           ; 0            ; no              ; no                     ; no            ; 2         ; no              ; no         ; no            ; no       ; Off          ; 3.3-V LVTTL  ; 8mA              ; Off         ; --                        ; no                         ; no                          ; User                 ; -                    ; -                   ;
; LEDR[1] ; A9    ; 7        ; 46           ; 54           ; 21           ; no              ; no                     ; no            ; 2         ; no              ; no         ; no            ; no       ; Off          ; 3.3-V LVTTL  ; 8mA              ; Off         ; --                        ; no                         ; no                          ; User                 ; -                    ; -                   ;
; LEDR[2] ; A10   ; 7        ; 51           ; 54           ; 14           ; no              ; no                     ; no            ; 2         ; no              ; no         ; no            ; no       ; Off          ; 3.3-V LVTTL  ; 8mA              ; Off         ; --                        ; no                         ; no                          ; User                 ; -                    ; -                   ;
; LEDR[3] ; B10   ; 7        ; 46           ; 54           ; 7            ; no              ; no                     ; no            ; 2         ; no              ; no         ; no            ; no       ; Off          ; 3.3-V LVTTL  ; 8mA              ; Off         ; --                        ; no                         ; no                          ; User                 ; -                    ; -                   ;
; LEDR[4] ; D13   ; 7        ; 56           ; 54           ; 28           ; no              ; no                     ; no            ; 2         ; no              ; no         ; no            ; no       ; Off          ; 3.3-V LVTTL  ; 8mA              ; Off         ; --                        ; no                         ; no                          ; User                 ; -                    ; -                   ;
; LEDR[5] ; C13   ; 7        ; 58           ; 54           ; 21           ; no              ; no                     ; no            ; 2         ; no              ; no         ; no            ; no       ; Off          ; 3.3-V LVTTL  ; 8mA              ; Off         ; --                        ; no                         ; no                          ; User                 ; -                    ; -                   ;
; LEDR[6] ; E14   ; 7        ; 66           ; 54           ; 21           ; no              ; no                     ; no            ; 2         ; no              ; no         ; no            ; no       ; Off          ; 3.3-V LVTTL  ; 8mA              ; Off         ; --                        ; no                         ; no                          ; User                 ; -                    ; -                   ;
; LEDR[7] ; D14   ; 7        ; 56           ; 54           ; 7            ; no              ; no                     ; no            ; 2         ; no              ; no         ; no            ; no       ; Off          ; 3.3-V LVTTL  ; 8mA              ; Off         ; --                        ; no                         ; no                          ; User                 ; -                    ; -                   ;
; LEDR[8] ; A11   ; 7        ; 51           ; 54           ; 7            ; no              ; no                     ; no            ; 2         ; no              ; no         ; no            ; no       ; Off          ; 3.3-V LVTTL  ; 8mA              ; Off         ; --                        ; no                         ; no                          ; User                 ; -                    ; -                   ;
; LEDR[9] ; B11   ; 7        ; 49           ; 54           ; 7            ; no              ; no                     ; no            ; 2         ; no              ; no         ; no            ; no       ; Off          ; 3.3-V LVTTL  ; 8mA              ; Off         ; --                        ; no                         ; no                          ; User                 ; -                    ; -                   ;
; UART_TX ; W10   ; 3        ; 24           ; 0            ; 28           ; no              ; no                     ; no            ; 2         ; no              ; no         ; no            ; no       ; Off          ; 3.3-V LVTTL  ; 8mA              ; Off         ; --                        ; no                         ; no                          ; User                 ; -                    ; -                   ;
+---------+-------+----------+--------------+--------------+--------------+-----------------+------------------------+---------------+-----------+-----------------+------------+---------------+----------+--------------+--------------+------------------+-------------+---------------------------+----------------------------+-----------------------------+----------------------+----------------------+---------------------+


+-----------------------------------------------------------------------------------------------------------------------------------------+
; Dual Purpose and Dedicated Pins                                                                                                         ;
+----------+----------------------------------------------------+--------------------------------+---------------------+------------------+
; Location ; Pin Name                                           ; Reserved As                    ; User Signal Name    ; Pin Type         ;
+----------+----------------------------------------------------+--------------------------------+---------------------+------------------+
; H2       ; DIFFIO_RX_L17n, DIFFOUT_L17n, TMS, Low_Speed       ; Reserved as secondary function ; ~ALTERA_TMS~        ; Dual Purpose Pin ;
; G2       ; DIFFIO_RX_L17p, DIFFOUT_L17p, TCK, Low_Speed       ; Reserved as secondary function ; ~ALTERA_TCK~        ; Dual Purpose Pin ;
; L4       ; DIFFIO_RX_L18n, DIFFOUT_L18n, TDI, Low_Speed       ; Reserved as secondary function ; ~ALTERA_TDI~        ; Dual Purpose Pin ;
; M5       ; DIFFIO_RX_L18p, DIFFOUT_L18p, TDO, Low_Speed       ; Reserved as secondary function ; ~ALTERA_TDO~        ; Dual Purpose Pin ;
; H10      ; CONFIG_SEL, Low_Speed                              ; Reserved as secondary function ; ~ALTERA_CONFIG_SEL~ ; Dual Purpose Pin ;
; H9       ; nCONFIG, Low_Speed                                 ; Reserved as secondary function ; ~ALTERA_nCONFIG~    ; Dual Purpose Pin ;
; G9       ; DIFFIO_RX_T50p, DIFFOUT_T50p, nSTATUS, Low_Speed   ; Reserved as secondary function ; ~ALTERA_nSTATUS~    ; Dual Purpose Pin ;
; F8       ; DIFFIO_RX_T50n, DIFFOUT_T50n, CONF_DONE, Low_Speed ; Reserved as secondary function ; ~ALTERA_CONF_DONE~  ; Dual Purpose Pin ;
+----------+----------------------------------------------------+--------------------------------+---------------------+------------------+


+------------------------------------------------------------+
; I/O Bank Usage                                             ;
+----------+------------------+---------------+--------------+
; I/O Bank ; Usage            ; VCCIO Voltage ; VREF Voltage ;
+----------+------------------+---------------+--------------+
; 1A       ; 0 / 16 ( 0 % )   ; 2.5V          ; --           ;
; 1B       ; 4 / 24 ( 17 % )  ; 2.5V          ; --           ;
; 2        ; 0 / 36 ( 0 % )   ; 2.5V          ; --           ;
; 3        ; 3 / 48 ( 6 % )   ; 3.3V          ; --           ;
; 4        ; 0 / 48 ( 0 % )   ; 2.5V          ; --           ;
; 5        ; 0 / 40 ( 0 % )   ; 2.5V          ; --           ;
; 6        ; 0 / 60 ( 0 % )   ; 2.5V          ; --           ;
; 7        ; 16 / 52 ( 31 % ) ; 3.3V          ; --           ;
; 8        ; 4 / 36 ( 11 % )  ; 2.5V          ; --           ;
+----------+------------------+---------------+--------------+


+---------------------------------------------------------------------------------------------------------------------------------------------------------------------------------------+
; All Package Pins                                                                                                                                                                      ;
+----------+------------+----------+------------------------------------------------+--------+-----------------------+---------+------------+-----------------+----------+--------------+
; Location ; Pad Number ; I/O Bank ; Pin Name/Usage                                 ; Dir.   ; I/O Standard          ; Voltage ; I/O Type   ; User Assignment ; Bus Hold ; Weak Pull Up ;
+----------+------------+----------+------------------------------------------------+--------+-----------------------+---------+------------+-----------------+----------+--------------+
; A1       ;            ;          ; GND                                            ; gnd    ;                       ;         ; --         ;                 ; --       ; --           ;
; A2       ; 481        ; 8        ; RESERVED_INPUT_WITH_WEAK_PULLUP                ;        ;                       ;         ; Column I/O ;                 ; no       ; On           ;
; A3       ; 483        ; 8        ; RESERVED_INPUT_WITH_WEAK_PULLUP                ;        ;                       ;         ; Column I/O ;                 ; no       ; On           ;
; A4       ; 475        ; 8        ; RESERVED_INPUT_WITH_WEAK_PULLUP                ;        ;                       ;         ; Column I/O ;                 ; no       ; On           ;
; A5       ; 473        ; 8        ; RESERVED_INPUT_WITH_WEAK_PULLUP                ;        ;                       ;         ; Column I/O ;                 ; no       ; On           ;
; A6       ; 471        ; 8        ; RESERVED_INPUT_WITH_WEAK_PULLUP                ;        ;                       ;         ; Column I/O ;                 ; no       ; On           ;
; A7       ; 445        ; 7        ; KEY[1]                                         ; input  ; 3.3 V Schmitt Trigger ;         ; Column I/O ; Y               ; no       ; Off          ;
; A8       ; 447        ; 7        ; LEDR[0]                                        ; output ; 3.3-V LVTTL           ;         ; Column I/O ; Y               ; no       ; Off          ;
; A9       ; 449        ; 7        ; LEDR[1]                                        ; output ; 3.3-V LVTTL           ;         ; Column I/O ; Y               ; no       ; Off          ;
; A10      ; 439        ; 7        ; LEDR[2]                                        ; output ; 3.3-V LVTTL           ;         ; Column I/O ; Y               ; no       ; Off          ;
; A11      ; 437        ; 7        ; LEDR[8]                                        ; output ; 3.3-V LVTTL           ;         ; Column I/O ; Y               ; no       ; Off          ;
; A12      ; 435        ; 7        ; RESERVED_INPUT_WITH_WEAK_PULLUP                ;        ;                       ;         ; Column I/O ;                 ; no       ; On           ;
; A13      ; 433        ; 7        ; RESERVED_INPUT_WITH_WEAK_PULLUP                ;        ;                       ;         ; Column I/O ;                 ; no       ; On           ;
; A14      ; 425        ; 7        ; RESERVED_INPUT_WITH_WEAK_PULLUP                ;        ;                       ;         ; Column I/O ;                 ; no       ; On           ;
; A15      ; 421        ; 7        ; RESERVED_INPUT_WITH_WEAK_PULLUP                ;        ;                       ;         ; Column I/O ;                 ; no       ; On           ;
; A16      ; 419        ; 7        ; RESERVED_INPUT_WITH_WEAK_PULLUP                ;        ;                       ;         ; Column I/O ;                 ; no       ; On           ;
; A17      ; 407        ; 7        ; RESERVED_INPUT_WITH_WEAK_PULLUP                ;        ;                       ;         ; Column I/O ;                 ; no       ; On           ;
; A18      ; 405        ; 7        ; RESERVED_INPUT_WITH_WEAK_PULLUP                ;        ;                       ;         ; Column I/O ;                 ; no       ; On           ;
; A19      ; 403        ; 7        ; RESERVED_INPUT_WITH_WEAK_PULLUP                ;        ;                       ;         ; Column I/O ;                 ; no       ; On           ;
; A20      ; 401        ; 7        ; RESERVED_INPUT_WITH_WEAK_PULLUP                ;        ;                       ;         ; Column I/O ;                 ; no       ; On           ;
; A21      ; 371        ; 6        ; RESERVED_INPUT_WITH_WEAK_PULLUP                ;        ;                       ;         ; Row I/O    ;                 ; no       ; On           ;
; A22      ;            ;          ; GND                                            ; gnd    ;                       ;         ; --         ;                 ; --       ; --           ;
; AA1      ; 133        ; 3        ; RESERVED_INPUT_WITH_WEAK_PULLUP                ;        ;                       ;         ; Column I/O ;                 ; no       ; On           ;
; AA2      ; 135        ; 3        ; RESERVED_INPUT_WITH_WEAK_PULLUP                ;        ;                       ;         ; Column I/O ;                 ; no       ; On           ;
; AA3      ; 153        ; 3        ; RESERVED_INPUT_WITH_WEAK_PULLUP                ;        ;                       ;         ; Column I/O ;                 ; --       ; --           ;
; AA4      ;            ;          ; GND                                            ; gnd    ;                       ;         ; --         ;                 ; --       ; --           ;
; AA5      ; 157        ; 3        ; RESERVED_INPUT_WITH_WEAK_PULLUP                ;        ;                       ;         ; Column I/O ;                 ; no       ; On           ;
; AA6      ; 156        ; 3        ; RESERVED_INPUT_WITH_WEAK_PULLUP                ;        ;                       ;         ; Column I/O ;                 ; no       ; On           ;
; AA7      ; 158        ; 3        ; RESERVED_INPUT_WITH_WEAK_PULLUP                ;        ;                       ;         ; Column I/O ;                 ; no       ; On           ;
; AA8      ; 165        ; 3        ; RESERVED_INPUT_WITH_WEAK_PULLUP                ;        ;                       ;         ; Column I/O ;                 ; no       ; On           ;
; AA9      ; 169        ; 3        ; RESERVED_INPUT_WITH_WEAK_PULLUP                ;        ;                       ;         ; Column I/O ;                 ; no       ; On           ;
; AA10     ; 170        ; 3        ; RESERVED_INPUT_WITH_WEAK_PULLUP                ;        ;                       ;         ; Column I/O ;                 ; no       ; On           ;
; AA11     ; 180        ; 4        ; RESERVED_INPUT_WITH_WEAK_PULLUP                ;        ;                       ;         ; Column I/O ;                 ; no       ; On           ;
; AA12     ; 182        ; 4        ; RESERVED_INPUT_WITH_WEAK_PULLUP                ;        ;                       ;         ; Column I/O ;                 ; no       ; On           ;
; AA13     ; 197        ; 4        ; RESERVED_INPUT_WITH_WEAK_PULLUP                ;        ;                       ;         ; Column I/O ;                 ; --       ; --           ;
; AA14     ; 201        ; 4        ; RESERVED_INPUT_WITH_WEAK_PULLUP                ;        ;                       ;         ; Column I/O ;                 ; no       ; On           ;
; AA15     ; 205        ; 4        ; RESERVED_INPUT_WITH_WEAK_PULLUP                ;        ;                       ;         ; Column I/O ;                 ; no       ; On           ;
; AA16     ; 211        ; 4        ; RESERVED_INPUT_WITH_WEAK_PULLUP                ;        ;                       ;         ; Column I/O ;                 ; no       ; On           ;
; AA17     ; 212        ; 4        ; RESERVED_INPUT_WITH_WEAK_PULLUP                ;        ;                       ;         ; Column I/O ;                 ; no       ; On           ;
; AA18     ;            ;          ; GND                                            ; gnd    ;                       ;         ; --         ;                 ; --       ; --           ;
; AA19     ; 217        ; 4        ; RESERVED_INPUT_WITH_WEAK_PULLUP                ;        ;                       ;         ; Column I/O ;                 ; no       ; On           ;
; AA20     ; 227        ; 4        ; RESERVED_INPUT_WITH_WEAK_PULLUP                ;        ;                       ;         ; Column I/O ;                 ; no       ; On           ;
; AA21     ; 245        ; 5        ; RESERVED_INPUT_WITH_WEAK_PULLUP                ;        ;                       ;         ; Row I/O    ;                 ; no       ; On           ;
; AA22     ; 247        ; 5        ; RESERVED_INPUT_WITH_WEAK_PULLUP                ;        ;                       ;         ; Row I/O    ;                 ; no       ; On           ;
; AB1      ;            ;          ; GND                                            ; gnd    ;                       ;         ; --         ;                 ; --       ; --           ;
; AB2      ; 145        ; 3        ; RESERVED_INPUT_WITH_WEAK_PULLUP                ;        ;                       ;         ; Column I/O ;                 ; no       ; On           ;
; AB3      ; 147        ; 3        ; RESERVED_INPUT_WITH_WEAK_PULLUP                ;        ;                       ;         ; Column I/O ;                 ; no       ; On           ;
; AB4      ; 155        ; 3        ; RESERVED_INPUT_WITH_WEAK_PULLUP                ;        ;                       ;         ; Column I/O ;                 ; no       ; On           ;
; AB5      ; 159        ; 3        ; RESERVED_INPUT_WITH_WEAK_PULLUP                ;        ;                       ;         ; Column I/O ;                 ; no       ; On           ;
; AB6      ; 161        ; 3        ; RESERVED_INPUT_WITH_WEAK_PULLUP                ;        ;                       ;         ; Column I/O ;                 ; no       ; On           ;
; AB7      ; 163        ; 3        ; RESERVED_INPUT_WITH_WEAK_PULLUP                ;        ;                       ;         ; Column I/O ;                 ; no       ; On           ;
; AB8      ; 167        ; 3        ; RESERVED_INPUT_WITH_WEAK_PULLUP                ;        ;                       ;         ; Column I/O ;                 ; no       ; On           ;
; AB9      ; 171        ; 3        ; RESERVED_INPUT_WITH_WEAK_PULLUP                ;        ;                       ;         ; Column I/O ;                 ; no       ; On           ;
; AB10     ; 177        ; 4        ; RESERVED_INPUT_WITH_WEAK_PULLUP                ;        ;                       ;         ; Column I/O ;                 ; no       ; On           ;
; AB11     ; 179        ; 4        ; RESERVED_INPUT_WITH_WEAK_PULLUP                ;        ;                       ;         ; Column I/O ;                 ; no       ; On           ;
; AB12     ; 181        ; 4        ; RESERVED_INPUT_WITH_WEAK_PULLUP                ;        ;                       ;         ; Column I/O ;                 ; no       ; On           ;
; AB13     ; 183        ; 4        ; RESERVED_INPUT_WITH_WEAK_PULLUP                ;        ;                       ;         ; Column I/O ;                 ; no       ; On           ;
; AB14     ; 199        ; 4        ; RESERVED_INPUT_WITH_WEAK_PULLUP                ;        ;                       ;         ; Column I/O ;                 ; no       ; On           ;
; AB15     ; 203        ; 4        ; RESERVED_INPUT_WITH_WEAK_PULLUP                ;        ;                       ;         ; Column I/O ;                 ; no       ; On           ;
; AB16     ; 209        ; 4        ; RESERVED_INPUT_WITH_WEAK_PULLUP                ;        ;                       ;         ; Column I/O ;                 ; no       ; On           ;
; AB17     ; 241        ; 4        ; RESERVED_INPUT_WITH_WEAK_PULLUP                ;        ;                       ;         ; Column I/O ;                 ; no       ; On           ;
; AB18     ; 243        ; 4        ; RESERVED_INPUT_WITH_WEAK_PULLUP                ;        ;                       ;         ; Column I/O ;                 ; no       ; On           ;
; AB19     ; 213        ; 4        ; RESERVED_INPUT_WITH_WEAK_PULLUP                ;        ;                       ;         ; Column I/O ;                 ; no       ; On           ;
; AB20     ; 215        ; 4        ; RESERVED_INPUT_WITH_WEAK_PULLUP                ;        ;                       ;         ; Column I/O ;                 ; no       ; On           ;
; AB21     ; 225        ; 4        ; RESERVED_INPUT_WITH_WEAK_PULLUP                ;        ;                       ;         ; Column I/O ;                 ; no       ; On           ;
; AB22     ;            ;          ; GND                                            ; gnd    ;                       ;         ; --         ;                 ; --       ; --           ;
; B1       ; 495        ; 8        ; RESERVED_INPUT_WITH_WEAK_PULLUP                ;        ;                       ;         ; Column I/O ;                 ; no       ; On           ;
; B2       ; 493        ; 8        ; RESERVED_INPUT_WITH_WEAK_PULLUP                ;        ;                       ;         ; Column I/O ;                 ; no       ; On           ;
; B3       ; 484        ; 8        ; RESERVED_INPUT_WITH_WEAK_PULLUP                ;        ;                       ;         ; Column I/O ;                 ; no       ; On           ;
; B4       ; 486        ; 8        ; RESERVED_INPUT_WITH_WEAK_PULLUP                ;        ;                       ;         ; Column I/O ;                 ; no       ; On           ;
; B5       ; 485        ; 8        ; RESERVED_INPUT_WITH_WEAK_PULLUP                ;        ;                       ;         ; Column I/O ;                 ; no       ; On           ;
; B6       ;            ;          ; GND                                            ; gnd    ;                       ;         ; --         ;                 ; --       ; --           ;
; B7       ; 469        ; 8        ; RESERVED_INPUT_WITH_WEAK_PULLUP                ;        ;                       ;         ; Column I/O ;                 ; no       ; On           ;
; B8       ; 451        ; 7        ; KEY[0]                                         ; input  ; 3.3 V Schmitt Trigger ;         ; Column I/O ; Y               ; no       ; Off          ;
; B9       ;            ;          ; GND                                            ; gnd    ;                       ;         ; --         ;                 ; --       ; --           ;
; B10      ; 448        ; 7        ; LEDR[3]                                        ; output ; 3.3-V LVTTL           ;         ; Column I/O ; Y               ; no       ; Off          ;
; B11      ; 443        ; 7        ; LEDR[9]                                        ; output ; 3.3-V LVTTL           ;         ; Column I/O ; Y               ; no       ; Off          ;
; B12      ; 441        ; 7        ; RESERVED_INPUT_WITH_WEAK_PULLUP                ;        ;                       ;         ; Column I/O ;                 ; no       ; On           ;
; B13      ;            ;          ; GND                                            ; gnd    ;                       ;         ; --         ;                 ; --       ; --           ;
; B14      ; 427        ; 7        ; RESERVED_INPUT_WITH_WEAK_PULLUP                ;        ;                       ;         ; Column I/O ;                 ; no       ; On           ;
; B15      ; 423        ; 7        ; RESERVED_INPUT_WITH_WEAK_PULLUP                ;        ;                       ;         ; Column I/O ;                 ; --       ; --           ;
; B16      ; 417        ; 7        ; RESERVED_INPUT_WITH_WEAK_PULLUP                ;        ;                       ;         ; Column I/O ;                 ; no       ; On           ;
; B17      ; 402        ; 7        ; RESERVED_INPUT_WITH_WEAK_PULLUP                ;        ;                       ;         ; Column I/O ;                 ; no       ; On           ;
; B18      ;            ;          ; GND                                            ; gnd    ;                       ;         ; --         ;                 ; --       ; --           ;
; B19      ; 399        ; 7        ; RESERVED_INPUT_WITH_WEAK_PULLUP                ;        ;                       ;         ; Column I/O ;                 ; no       ; On           ;
; B20      ; 369        ; 6        ; RESERVED_INPUT_WITH_WEAK_PULLUP                ;        ;                       ;         ; Row I/O    ;                 ; no       ; On           ;
; B21      ; 367        ; 6        ; RESERVED_INPUT_WITH_WEAK_PULLUP                ;        ;                       ;         ; Row I/O    ;                 ; no       ; On           ;
; B22      ; 365        ; 6        ; RESERVED_INPUT_WITH_WEAK_PULLUP                ;        ;                       ;         ; Row I/O    ;                 ; no       ; On           ;
; C1       ; 33         ; 1B       ; RESERVED_INPUT_WITH_WEAK_PULLUP                ;        ;                       ;         ; Row I/O    ;                 ; --       ; --           ;
; C2       ; 499        ; 8        ; RESERVED_INPUT_WITH_WEAK_PULLUP                ;        ;                       ;         ; Column I/O ;                 ; no       ; On           ;
; C3       ; 497        ; 8        ; RESERVED_INPUT_WITH_WEAK_PULLUP                ;        ;                       ;         ; Column I/O ;                 ; no       ; On           ;
; C4       ; 487        ; 8        ; RESERVED_INPUT_WITH_WEAK_PULLUP                ;        ;                       ;         ; Column I/O ;                 ; no       ; On           ;
; C5       ; 489        ; 8        ; RESERVED_INPUT_WITH_WEAK_PULLUP                ;        ;                       ;         ; Column I/O ;                 ; no       ; On           ;
; C6       ; 477        ; 8        ; RESERVED_INPUT_WITH_WEAK_PULLUP                ;        ;                       ;         ; Column I/O ;                 ; no       ; On           ;
; C7       ; 467        ; 8        ; RESERVED_INPUT_WITH_WEAK_PULLUP                ;        ;                       ;         ; Column I/O ;                 ; no       ; On           ;
; C8       ; 465        ; 8        ; RESERVED_INPUT_WITH_WEAK_PULLUP                ;        ;                       ;         ; Column I/O ;                 ; no       ; On           ;
; C9       ; 450        ; 7        ; RESERVED_INPUT_WITH_WEAK_PULLUP                ;        ;                       ;         ; Column I/O ;                 ; no       ; On           ;
; C10      ; 442        ; 7        ; SW[0]                                          ; input  ; 3.3-V LVTTL           ;         ; Column I/O ; Y               ; no       ; Off          ;
; C11      ; 440        ; 7        ; SW[1]                                          ; input  ; 3.3-V LVTTL           ;         ; Column I/O ; Y               ; no       ; Off          ;
; C12      ; 436        ; 7        ; SW[3]                                          ; input  ; 3.3-V LVTTL           ;         ; Column I/O ; Y               ; no       ; Off          ;
; C13      ; 426        ; 7        ; LEDR[5]                                        ; output ; 3.3-V LVTTL           ;         ; Column I/O ; Y               ; no       ; Off          ;
; C14      ; 424        ; 7        ; RESERVED_INPUT_WITH_WEAK_PULLUP                ;        ;                       ;         ; Column I/O ;                 ; no       ; On           ;
; C15      ; 418        ; 7        ; RESERVED_INPUT_WITH_WEAK_PULLUP                ;        ;                       ;         ; Column I/O ;                 ; no       ; On           ;
; C16      ; 416        ; 7        ; RESERVED_INPUT_WITH_WEAK_PULLUP                ;        ;                       ;         ; Column I/O ;                 ; no       ; On           ;
; C17      ; 391        ; 7        ; RESERVED_INPUT_WITH_WEAK_PULLUP                ;        ;                       ;         ; Column I/O ;                 ; no       ; On           ;
; C18      ; 400        ; 7        ; RESERVED_INPUT_WITH_WEAK_PULLUP                ;        ;                       ;         ; Column I/O ;                 ; no       ; On           ;
; C19      ; 397        ; 7        ; RESERVED_INPUT_WITH_WEAK_PULLUP                ;        ;                       ;         ; Column I/O ;                 ; no       ; On           ;
; C20      ; 357        ; 6        ; RESERVED_INPUT_WITH_WEAK_PULLUP                ;        ;                       ;         ; Row I/O    ;                 ; no       ; On           ;
; C21      ; 347        ; 6        ; RESERVED_INPUT_WITH_WEAK_PULLUP                ;        ;                       ;         ; Row I/O    ;                 ; no       ; On           ;
; C22      ; 343        ; 6        ; RESERVED_INPUT_WITH_WEAK_PULLUP                ;        ;                       ;         ; Row I/O    ;                 ; no       ; On           ;
; D1       ; 35         ; 1B       ; RESERVED_INPUT_WITH_WEAK_PULLUP                ;        ;                       ;         ; Row I/O    ;                 ; no       ; On           ;
; D2       ; 31         ; 1B       ; RESERVED_INPUT_WITH_WEAK_PULLUP                ;        ;                       ;         ; Row I/O    ;                 ; no       ; On           ;
; D3       ; 29         ; 1B       ; RESERVED_INPUT_WITH_WEAK_PULLUP                ;        ;                       ;         ; Row I/O    ;                 ; no       ; On           ;
; D4       ;            ;          ; GND                                            ; gnd    ;                       ;         ; --         ;                 ; --       ; --           ;
; D5       ; 491        ; 8        ; RESERVED_INPUT_WITH_WEAK_PULLUP                ;        ;                       ;         ; Column I/O ;                 ; no       ; On           ;
; D6       ; 496        ; 8        ; RESERVED_INPUT_WITH_WEAK_PULLUP                ;        ;                       ;         ; Column I/O ;                 ; no       ; On           ;
; D7       ; 479        ; 8        ; RESERVED_INPUT_WITH_WEAK_PULLUP                ;        ;                       ;         ; Column I/O ;                 ; --       ; --           ;
; D8       ; 472        ; 8        ; RESERVED_INPUT_WITH_WEAK_PULLUP                ;        ;                       ;         ; Column I/O ;                 ; no       ; On           ;
; D9       ; 474        ; 8        ; RESERVED_INPUT_WITH_WEAK_PULLUP                ;        ;                       ;         ; Column I/O ;                 ; no       ; On           ;
; D10      ; 476        ; 8        ; RESERVED_INPUT_WITH_WEAK_PULLUP                ;        ;                       ;         ; Column I/O ;                 ; no       ; On           ;
; D11      ;            ;          ; GND                                            ; gnd    ;                       ;         ; --         ;                 ; --       ; --           ;
; D12      ; 438        ; 7        ; SW[2]                                          ; input  ; 3.3-V LVTTL           ;         ; Column I/O ; Y               ; no       ; Off          ;
; D13      ; 431        ; 7        ; LEDR[4]                                        ; output ; 3.3-V LVTTL           ;         ; Column I/O ; Y               ; no       ; Off          ;
; D14      ; 428        ; 7        ; LEDR[7]                                        ; output ; 3.3-V LVTTL           ;         ; Column I/O ; Y               ; no       ; Off          ;
; D15      ; 404        ; 7        ; RESERVED_INPUT_WITH_WEAK_PULLUP                ;        ;                       ;         ; Column I/O ;                 ; no       ; On           ;
; D16      ;            ;          ; GND                                            ; gnd    ;                       ;         ; --         ;                 ; --       ; --           ;
; D17      ; 389        ; 7        ; RESERVED_INPUT_WITH_WEAK_PULLUP                ;        ;                       ;         ; Column I/O ;                 ; no       ; On           ;
; D18      ; 385        ; 6        ; RESERVED_INPUT_WITH_WEAK_PULLUP                ;        ;                       ;         ; Row I/O    ;                 ; no       ; On           ;
; D19      ; 359        ; 6        ; RESERVED_INPUT_WITH_WEAK_PULLUP                ;        ;                       ;         ; Row I/O    ;                 ; no       ; On           ;
; D20      ;            ;          ; GND                                            ; gnd    ;                       ;         ; --         ;                 ; --       ; --           ;
; D21      ; 345        ; 6        ; RESERVED_INPUT_WITH_WEAK_PULLUP                ;        ;                       ;         ; Row I/O    ;                 ; --       ; --           ;
; D22      ; 341        ; 6        ; RESERVED_INPUT_WITH_WEAK_PULLUP                ;        ;                       ;         ; Row I/O    ;                 ; no       ; On           ;
; E1       ; 41         ; 1B       ; RESERVED_INPUT_WITH_WEAK_PULLUP                ;        ;                       ;         ; Row I/O    ;                 ; no       ; On           ;
; E2       ;            ;          ; GND                                            ; gnd    ;                       ;         ; --         ;                 ; --       ; --           ;
; E3       ; 3          ; 1A       ; RESERVED_INPUT_WITH_WEAK_PULLUP                ;        ;                       ;         ; Row I/O    ;                 ; no       ; On           ;
; E4       ; 1          ; 1A       ; RESERVED_INPUT_WITH_WEAK_PULLUP                ;        ;                       ;         ; Row I/O    ;                 ; no       ; On           ;
; E5       ;            ;          ; NC                                             ;        ;                       ;         ; --         ;                 ; --       ; --           ;
; E6       ; 498        ; 8        ; RESERVED_INPUT_WITH_WEAK_PULLUP                ;        ;                       ;         ; Column I/O ;                 ; no       ; On           ;
; E7       ;            ;          ; GND                                            ; gnd    ;                       ;         ; --         ;                 ; --       ; --           ;
; E8       ; 488        ; 8        ; RESERVED_INPUT_WITH_WEAK_PULLUP                ;        ;                       ;         ; Column I/O ;                 ; no       ; On           ;
; E9       ; 478        ; 8        ; RESERVED_INPUT_WITH_WEAK_PULLUP                ;        ;                       ;         ; Column I/O ;                 ; no       ; On           ;
; E10      ; 466        ; 8        ; RESERVED_INPUT_WITH_WEAK_PULLUP                ;        ;                       ;         ; Column I/O ;                 ; no       ; On           ;
; E11      ; 464        ; 8        ; RESERVED_INPUT_WITH_WEAK_PULLUP                ;        ;                       ;         ; Column I/O ;                 ; no       ; On           ;
; E12      ; 429        ; 7        ; RESERVED_INPUT_WITH_WEAK_PULLUP                ;        ;                       ;         ; Column I/O ;                 ; no       ; On           ;
; E13      ; 430        ; 7        ; RESERVED_INPUT_WITH_WEAK_PULLUP                ;        ;                       ;         ; Column I/O ;                 ; no       ; On           ;
; E14      ; 406        ; 7        ; LEDR[6]                                        ; output ; 3.3-V LVTTL           ;         ; Column I/O ; Y               ; no       ; Off          ;
; E15      ; 390        ; 7        ; RESERVED_INPUT_WITH_WEAK_PULLUP                ;        ;                       ;         ; Column I/O ;                 ; no       ; On           ;
; E16      ; 388        ; 7        ; RESERVED_INPUT_WITH_WEAK_PULLUP                ;        ;                       ;         ; Column I/O ;                 ; no       ; On           ;
; E17      ; 366        ; 6        ; RESERVED_INPUT_WITH_WEAK_PULLUP                ;        ;                       ;         ; Row I/O    ;                 ; no       ; On           ;
; E18      ; 387        ; 6        ; RESERVED_INPUT_WITH_WEAK_PULLUP                ;        ;                       ;         ; Row I/O    ;                 ; no       ; On           ;
; E19      ; 352        ; 6        ; RESERVED_INPUT_WITH_WEAK_PULLUP                ;        ;                       ;         ; Row I/O    ;                 ; no       ; On           ;
; E20      ; 355        ; 6        ; RESERVED_INPUT_WITH_WEAK_PULLUP                ;        ;                       ;         ; Row I/O    ;                 ; no       ; On           ;
; E21      ; 335        ; 6        ; RESERVED_INPUT_WITH_WEAK_PULLUP                ;        ;                       ;         ; Row I/O    ;                 ; no       ; On           ;
; E22      ; 333        ; 6        ; RESERVED_INPUT_WITH_WEAK_PULLUP                ;        ;                       ;         ; Row I/O    ;                 ; no       ; On           ;
; F1       ; 47         ; 1B       ; RESERVED_INPUT_WITH_WEAK_PULLUP                ;        ;                       ;         ; Row I/O    ;                 ; no       ; On           ;
; F2       ; 43         ; 1B       ; RESERVED_INPUT_WITH_WEAK_PULLUP                ;        ;                       ;         ; Row I/O    ;                 ; no       ; On           ;
; F3       ; 7          ; 1A       ; RESERVED_INPUT_WITH_WEAK_PULLUP                ;        ;                       ;         ; Row I/O    ;                 ; no       ; On           ;
; F4       ; 2          ; 1A       ; RESERVED_INPUT_WITH_WEAK_PULLUP                ;        ;                       ;         ; Row I/O    ;                 ; no       ; On           ;
; F5       ; 0          ; 1A       ; RESERVED_INPUT_WITH_WEAK_PULLUP                ;        ;                       ;         ; Row I/O    ;                 ; no       ; On           ;
; F6       ;            ;          ; NC                                             ;        ;                       ;         ; --         ;                 ; --       ; --           ;
; F7       ; 490        ; 8        ; RESERVED_INPUT_WITH_WEAK_PULLUP                ;        ;                       ;         ; Column I/O ;                 ; no       ; On           ;
; F8       ; 494        ; 8        ; ~ALTERA_CONF_DONE~ / RESERVED_INPUT            ; input  ; 2.5 V Schmitt Trigger ;         ; Column I/O ; N               ; no       ; Off          ;
; F9       ;            ; 8        ; VCCIO8                                         ; power  ;                       ; 2.5V    ; --         ;                 ; --       ; --           ;
; F10      ;            ;          ; GND                                            ; gnd    ;                       ;         ; --         ;                 ; --       ; --           ;
; F11      ;            ; 8        ; VCCIO8                                         ; power  ;                       ; 2.5V    ; --         ;                 ; --       ; --           ;
; F12      ;            ; 7        ; VCCIO7                                         ; power  ;                       ; 3.3V    ; --         ;                 ; --       ; --           ;
; F13      ;            ;          ; GND                                            ; gnd    ;                       ;         ; --         ;                 ; --       ; --           ;
; F14      ;            ; 7        ; VCCIO7                                         ; power  ;                       ; 3.3V    ; --         ;                 ; --       ; --           ;
; F15      ; 398        ; 7        ; RESERVED_INPUT_WITH_WEAK_PULLUP                ;        ;                       ;         ; Column I/O ;                 ; no       ; On           ;
; F16      ; 396        ; 7        ; RESERVED_INPUT_WITH_WEAK_PULLUP                ;        ;                       ;         ; Column I/O ;                 ; no       ; On           ;
; F17      ; 364        ; 6        ; RESERVED_INPUT_WITH_WEAK_PULLUP                ;        ;                       ;         ; Row I/O    ;                 ; no       ; On           ;
; F18      ; 354        ; 6        ; RESERVED_INPUT_WITH_WEAK_PULLUP                ;        ;                       ;         ; Row I/O    ;                 ; no       ; On           ;
; F19      ; 353        ; 6        ; RESERVED_INPUT_WITH_WEAK_PULLUP                ;        ;                       ;         ; Row I/O    ;                 ; no       ; On           ;
; F20      ; 342        ; 6        ; RESERVED_INPUT_WITH_WEAK_PULLUP                ;        ;                       ;         ; Row I/O    ;                 ; no       ; On           ;
; F21      ; 340        ; 6        ; RESERVED_INPUT_WITH_WEAK_PULLUP                ;        ;                       ;         ; Row I/O    ;                 ; no       ; On           ;
; F22      ; 331        ; 6        ; RESERVED_INPUT_WITH_WEAK_PULLUP                ;        ;                       ;         ; Row I/O    ;                 ; no       ; On           ;
; G1       ; 45         ; 1B       ; RESERVED_INPUT_WITH_WEAK_PULLUP                ;        ;                       ;         ; Row I/O    ;                 ; no       ; On           ;
; G2       ; 34         ; 1B       ; ~ALTERA_TCK~ / RESERVED_INPUT                  ; input  ; 2.5 V Schmitt Trigger ;         ; Row I/O    ; N               ; no       ; Off          ;
; G3       ; 11         ; 1A       ; RESERVED_INPUT_WITH_WEAK_PULLUP                ;        ;                       ;         ; Row I/O    ;                 ; no       ; On           ;
; G4       ; 5          ; 1A       ; RESERVED_INPUT_WITH_WEAK_PULLUP                ;        ;                       ;         ; Row I/O    ;                 ; no       ; On           ;
; G5       ;            ;          ; ANAIN1                                         ;        ;                       ;         ; --         ;                 ; --       ; --           ;
; G6       ;            ;          ; GND                                            ; gnd    ;                       ;         ; --         ;                 ; --       ; --           ;
; G7       ;            ;          ; VCCD_PLL3                                      ; power  ;                       ; 1.2V    ; --         ;                 ; --       ; --           ;
; G8       ;            ;          ; GND                                            ; gnd    ;                       ;         ; --         ;                 ; --       ; --           ;
; G9       ; 492        ; 8        ; ~ALTERA_nSTATUS~ / RESERVED_INPUT              ; input  ; 2.5 V Schmitt Trigger ;         ; Column I/O ; N               ; no       ; Off          ;
; G10      ;            ; 8        ; VCCIO8                                         ; power  ;                       ; 2.5V    ; --         ;                 ; --       ; --           ;
; G11      ;            ; 8        ; VCCIO8                                         ; power  ;                       ; 2.5V    ; --         ;                 ; --       ; --           ;
; G12      ;            ; 7        ; VCCIO7                                         ; power  ;                       ; 3.3V    ; --         ;                 ; --       ; --           ;
; G13      ;            ; 7        ; VCCIO7                                         ; power  ;                       ; 3.3V    ; --         ;                 ; --       ; --           ;
; G14      ;            ; 7        ; VCCIO7                                         ; power  ;                       ; 3.3V    ; --         ;                 ; --       ; --           ;
; G15      ;            ;          ; GND                                            ; gnd    ;                       ;         ; --         ;                 ; --       ; --           ;
; G16      ;            ;          ; VCCD_PLL2                                      ; power  ;                       ; 1.2V    ; --         ;                 ; --       ; --           ;
; G17      ; 386        ; 6        ; RESERVED_INPUT_WITH_WEAK_PULLUP                ;        ;                       ;         ; Row I/O    ;                 ; no       ; On           ;
; G18      ;            ;          ; GND                                            ; gnd    ;                       ;         ; --         ;                 ; --       ; --           ;
; G19      ; 330        ; 6        ; RESERVED_INPUT_WITH_WEAK_PULLUP                ;        ;                       ;         ; Row I/O    ;                 ; no       ; On           ;
; G20      ; 328        ; 6        ; RESERVED_INPUT_WITH_WEAK_PULLUP                ;        ;                       ;         ; Row I/O    ;                 ; no       ; On           ;
; G21      ;            ;          ; GND                                            ; gnd    ;                       ;         ; --         ;                 ; --       ; --           ;
; G22      ; 329        ; 6        ; RESERVED_INPUT_WITH_WEAK_PULLUP                ;        ;                       ;         ; Row I/O    ;                 ; no       ; On           ;
; H1       ; 44         ; 1B       ; RESERVED_INPUT_WITH_WEAK_PULLUP                ;        ;                       ;         ; Row I/O    ;                 ; no       ; On           ;
; H2       ; 32         ; 1B       ; ~ALTERA_TMS~ / RESERVED_INPUT_WITH_WEAK_PULLUP ; input  ; 2.5 V Schmitt Trigger ;         ; Row I/O    ; N               ; no       ; On           ;
; H3       ; 10         ; 1A       ; RESERVED_INPUT_WITH_WEAK_PULLUP                ;        ;                       ;         ; Row I/O    ;                 ; no       ; On           ;
; H4       ; 9          ; 1A       ; RESERVED_INPUT_WITH_WEAK_PULLUP                ;        ;                       ;         ; Row I/O    ;                 ; no       ; On           ;
; H5       ;            ;          ; REFGND                                         ;        ;                       ;         ; --         ;                 ; --       ; --           ;
; H6       ;            ;          ; ADC_VREF                                       ;        ;                       ;         ; --         ;                 ; --       ; --           ;
; H7       ;            ; --       ; VCCA_ADC                                       ; power  ;                       ; 2.5V    ; --         ;                 ; --       ; --           ;
; H8       ;            ; --       ; VCCA3                                          ; power  ;                       ; 2.5V    ; --         ;                 ; --       ; --           ;
; H9       ; 482        ; 8        ; ~ALTERA_nCONFIG~ / RESERVED_INPUT              ; input  ; 2.5 V Schmitt Trigger ;         ; Column I/O ; N               ; no       ; Off          ;
; H10      ; 480        ; 8        ; ~ALTERA_CONFIG_SEL~ / RESERVED_INPUT           ; input  ; 2.5 V                 ;         ; Column I/O ; N               ; no       ; Off          ;
; H11      ; 470        ; 8        ; RESERVED_INPUT_WITH_WEAK_PULLUP                ;        ;                       ;         ; Column I/O ;                 ; no       ; On           ;
; H12      ; 444        ; 7        ; RESERVED_INPUT_WITH_WEAK_PULLUP                ;        ;                       ;         ; Column I/O ;                 ; no       ; On           ;
; H13      ; 432        ; 7        ; RESERVED_INPUT_WITH_WEAK_PULLUP                ;        ;                       ;         ; Column I/O ;                 ; no       ; On           ;
; H14      ; 420        ; 7        ; RESERVED_INPUT_WITH_WEAK_PULLUP                ;        ;                       ;         ; Column I/O ;                 ; no       ; On           ;
; H15      ;            ; --       ; VCCA2                                          ; power  ;                       ; 2.5V    ; --         ;                 ; --       ; --           ;
; H16      ;            ; 6        ; VCCIO6                                         ; power  ;                       ; 2.5V    ; --         ;                 ; --       ; --           ;
; H17      ; 384        ; 6        ; RESERVED_INPUT_WITH_WEAK_PULLUP                ;        ;                       ;         ; Row I/O    ;                 ; no       ; On           ;
; H18      ; 374        ; 6        ; RESERVED_INPUT_WITH_WEAK_PULLUP                ;        ;                       ;         ; Row I/O    ;                 ; no       ; On           ;
; H19      ; 372        ; 6        ; RESERVED_INPUT_WITH_WEAK_PULLUP                ;        ;                       ;         ; Row I/O    ;                 ; no       ; On           ;
; H20      ; 375        ; 6        ; RESERVED_INPUT_WITH_WEAK_PULLUP                ;        ;                       ;         ; Row I/O    ;                 ; no       ; On           ;
; H21      ; 323        ; 6        ; RESERVED_INPUT_WITH_WEAK_PULLUP                ;        ;                       ;         ; Row I/O    ;                 ; no       ; On           ;
; H22      ; 321        ; 6        ; RESERVED_INPUT_WITH_WEAK_PULLUP                ;        ;                       ;         ; Row I/O    ;                 ; no       ; On           ;
; J1       ; 46         ; 1B       ; RESERVED_INPUT_WITH_WEAK_PULLUP                ;        ;                       ;         ; Row I/O    ;                 ; no       ; On           ;
; J2       ;            ;          ; GND                                            ; gnd    ;                       ;         ; --         ;                 ; --       ; --           ;
; J3       ; 15         ; 1A       ; RESERVED_INPUT_WITH_WEAK_PULLUP                ;        ;                       ;         ; Row I/O    ;                 ; no       ; On           ;
; J4       ; 8          ; 1A       ; RESERVED_INPUT_WITH_WEAK_PULLUP                ;        ;                       ;         ; Row I/O    ;                 ; no       ; On           ;
; J5       ;            ;          ; ANAIN2                                         ;        ;                       ;         ; --         ;                 ; --       ; --           ;
; J6       ;            ;          ; GND                                            ; gnd    ;                       ;         ; --         ;                 ; --       ; --           ;
; J7       ;            ;          ; VCCINT                                         ; power  ;                       ; 1.2V    ; --         ;                 ; --       ; --           ;
; J8       ; 4          ; 1A       ; RESERVED_INPUT_WITH_WEAK_PULLUP                ;        ;                       ;         ; Row I/O    ;                 ; no       ; On           ;
; J9       ; 6          ; 1A       ; RESERVED_INPUT_WITH_WEAK_PULLUP                ;        ;                       ;         ; Row I/O    ;                 ; no       ; On           ;
; J10      ; 468        ; 8        ; RESERVED_INPUT_WITH_WEAK_PULLUP                ;        ;                       ;         ; Column I/O ;                 ; no       ; On           ;
; J11      ; 446        ; 7        ; RESERVED_INPUT_WITH_WEAK_PULLUP                ;        ;                       ;         ; Column I/O ;                 ; no       ; On           ;
; J12      ; 434        ; 7        ; RESERVED_INPUT_WITH_WEAK_PULLUP                ;        ;                       ;         ; Column I/O ;                 ; no       ; On           ;
; J13      ; 422        ; 7        ; RESERVED_INPUT_WITH_WEAK_PULLUP                ;        ;                       ;         ; Column I/O ;                 ; no       ; On           ;
; J14      ; 368        ; 6        ; RESERVED_INPUT_WITH_WEAK_PULLUP                ;        ;                       ;         ; Row I/O    ;                 ; no       ; On           ;
; J15      ; 370        ; 6        ; RESERVED_INPUT_WITH_WEAK_PULLUP                ;        ;                       ;         ; Row I/O    ;                 ; no       ; On           ;
; J16      ;            ;          ; GND                                            ; gnd    ;                       ;         ; --         ;                 ; --       ; --           ;
; J17      ;            ; 6        ; VCCIO6                                         ; power  ;                       ; 2.5V    ; --         ;                 ; --       ; --           ;
; J18      ; 362        ; 6        ; RESERVED_INPUT_WITH_WEAK_PULLUP                ;        ;                       ;         ; Row I/O    ;                 ; no       ; On           ;
; J19      ;            ;          ; GND                                            ; gnd    ;                       ;         ; --         ;                 ; --       ; --           ;
; J20      ; 373        ; 6        ; RESERVED_INPUT_WITH_WEAK_PULLUP                ;        ;                       ;         ; Row I/O    ;                 ; no       ; On           ;
; J21      ; 327        ; 6        ; RESERVED_INPUT_WITH_WEAK_PULLUP                ;        ;                       ;         ; Row I/O    ;                 ; no       ; On           ;
; J22      ; 325        ; 6        ; RESERVED_INPUT_WITH_WEAK_PULLUP                ;        ;                       ;         ; Row I/O    ;                 ; no       ; On           ;
; K1       ; 49         ; 1B       ; RESERVED_INPUT_WITH_WEAK_PULLUP                ;        ;                       ;         ; Row I/O    ;                 ; no       ; On           ;
; K2       ; 37         ; 1B       ; RESERVED_INPUT_WITH_WEAK_PULLUP                ;        ;                       ;         ; Row I/O    ;                 ; no       ; On           ;
; K3       ;            ;          ; GND                                            ; gnd    ;                       ;         ; --         ;                 ; --       ; --           ;
; K4       ; 13         ; 1A       ; RESERVED_INPUT_WITH_WEAK_PULLUP                ;        ;                       ;         ; Row I/O    ;                 ; no       ; On           ;
; K5       ; 12         ; 1A       ; RESERVED_INPUT_WITH_WEAK_PULLUP                ;        ;                       ;         ; Row I/O    ;                 ; no       ; On           ;
; K6       ; 14         ; 1A       ; RESERVED_INPUT_WITH_WEAK_PULLUP                ;        ;                       ;         ; Row I/O    ;                 ; no       ; On           ;
; K7       ;            ; 1A       ; VCCIO1A                                        ; power  ;                       ; 2.5V    ; --         ;                 ; --       ; --           ;
; K8       ; 28         ; 1B       ; RESERVED_INPUT_WITH_WEAK_PULLUP                ;        ;                       ;         ; Row I/O    ;                 ; no       ; On           ;
; K9       ; 30         ; 1B       ; RESERVED_INPUT_WITH_WEAK_PULLUP                ;        ;                       ;         ; Row I/O    ;                 ; no       ; On           ;
; K10      ;            ;          ; GND                                            ; gnd    ;                       ;         ; --         ;                 ; --       ; --           ;
; K11      ;            ; --       ; VCC                                            ; power  ;                       ; 1.2V    ; --         ;                 ; --       ; --           ;
; K12      ;            ;          ; GND                                            ; gnd    ;                       ;         ; --         ;                 ; --       ; --           ;
; K13      ;            ; --       ; VCC                                            ; power  ;                       ; 1.2V    ; --         ;                 ; --       ; --           ;
; K14      ; 356        ; 6        ; RESERVED_INPUT_WITH_WEAK_PULLUP                ;        ;                       ;         ; Row I/O    ;                 ; no       ; On           ;
; K15      ; 358        ; 6        ; RESERVED_INPUT_WITH_WEAK_PULLUP                ;        ;                       ;         ; Row I/O    ;                 ; no       ; On           ;
; K16      ;            ; 6        ; VCCIO6                                         ; power  ;                       ; 2.5V    ; --         ;                 ; --       ; --           ;
; K17      ;            ; 6        ; VCCIO6                                         ; power  ;                       ; 2.5V    ; --         ;                 ; --       ; --           ;
; K18      ; 360        ; 6        ; RESERVED_INPUT_WITH_WEAK_PULLUP                ;        ;                       ;         ; Row I/O    ;                 ; no       ; On           ;
; K19      ; 361        ; 6        ; RESERVED_INPUT_WITH_WEAK_PULLUP                ;        ;                       ;         ; Row I/O    ;                 ; no       ; On           ;
; K20      ; 363        ; 6        ; RESERVED_INPUT_WITH_WEAK_PULLUP                ;        ;                       ;         ; Row I/O    ;                 ; no       ; On           ;
; K21      ; 326        ; 6        ; RESERVED_INPUT_WITH_WEAK_PULLUP                ;        ;                       ;         ; Row I/O    ;                 ; no       ; On           ;
; K22      ; 324        ; 6        ; RESERVED_INPUT_WITH_WEAK_PULLUP                ;        ;                       ;         ; Row I/O    ;                 ; no       ; On           ;
; L1       ; 51         ; 1B       ; RESERVED_INPUT_WITH_WEAK_PULLUP                ;        ;                       ;         ; Row I/O    ;                 ; no       ; On           ;
; L2       ; 39         ; 1B       ; RESERVED_INPUT_WITH_WEAK_PULLUP                ;        ;                       ;         ; Row I/O    ;                 ; no       ; On           ;
; L3       ;            ;          ; DNU                                            ;        ;                       ;         ; --         ;                 ; --       ; --           ;
; L4       ; 36         ; 1B       ; ~ALTERA_TDI~ / RESERVED_INPUT_WITH_WEAK_PULLUP ; input  ; 2.5 V Schmitt Trigger ;         ; Row I/O    ; N               ; no       ; On           ;
; L5       ;            ;          ; GND                                            ; gnd    ;                       ;         ; --         ;                 ; --       ; --           ;
; L6       ;            ; 1A       ; VCCIO1A                                        ; power  ;                       ; 2.5V    ; --         ;                 ; --       ; --           ;
; L7       ;            ; 1B       ; VCCIO1B                                        ; power  ;                       ; 2.5V    ; --         ;                 ; --       ; --           ;
; L8       ; 40         ; 1B       ; RESERVED_INPUT_WITH_WEAK_PULLUP                ;        ;                       ;         ; Row I/O    ;                 ; no       ; On           ;
; L9       ; 42         ; 1B       ; RESERVED_INPUT_WITH_WEAK_PULLUP                ;        ;                       ;         ; Row I/O    ;                 ; no       ; On           ;
; L10      ;            ; --       ; VCC                                            ; power  ;                       ; 1.2V    ; --         ;                 ; --       ; --           ;
; L11      ;            ; --       ; VCC                                            ; power  ;                       ; 1.2V    ; --         ;                 ; --       ; --           ;
; L12      ;            ; --       ; VCC                                            ; power  ;                       ; 1.2V    ; --         ;                 ; --       ; --           ;
; L13      ;            ;          ; GND                                            ; gnd    ;                       ;         ; --         ;                 ; --       ; --           ;
; L14      ; 344        ; 6        ; RESERVED_INPUT_WITH_WEAK_PULLUP                ;        ;                       ;         ; Row I/O    ;                 ; no       ; On           ;
; L15      ; 346        ; 6        ; RESERVED_INPUT_WITH_WEAK_PULLUP                ;        ;                       ;         ; Row I/O    ;                 ; no       ; On           ;
; L16      ;            ; 6        ; VCCIO6                                         ; power  ;                       ; 2.5V    ; --         ;                 ; --       ; --           ;
; L17      ;            ;          ; GND                                            ; gnd    ;                       ;         ; --         ;                 ; --       ; --           ;
; L18      ; 350        ; 6        ; RESERVED_INPUT_WITH_WEAK_PULLUP                ;        ;                       ;         ; Row I/O    ;                 ; no       ; On           ;
; L19      ; 349        ; 6        ; RESERVED_INPUT_WITH_WEAK_PULLUP                ;        ;                       ;         ; Row I/O    ;                 ; no       ; On           ;
; L20      ; 351        ; 6        ; RESERVED_INPUT_WITH_WEAK_PULLUP                ;        ;                       ;         ; Row I/O    ;                 ; no       ; On           ;
; L21      ;            ;          ; GND                                            ; gnd    ;                       ;         ; --         ;                 ; --       ; --           ;
; L22      ; 314        ; 5        ; RESERVED_INPUT_WITH_WEAK_PULLUP                ;        ;                       ;         ; Row I/O    ;                 ; no       ; On           ;
; M1       ; 79         ; 2        ; RESERVED_INPUT_WITH_WEAK_PULLUP                ;        ;                       ;         ; Row I/O    ;                 ; no       ; On           ;
; M2       ; 77         ; 2        ; RESERVED_INPUT_WITH_WEAK_PULLUP                ;        ;                       ;         ; Row I/O    ;                 ; --       ; --           ;
; M3       ; 50         ; 1B       ; RESERVED_INPUT_WITH_WEAK_PULLUP                ;        ;                       ;         ; Row I/O    ;                 ; no       ; On           ;
; M4       ; 48         ; 1B       ; RESERVED_INPUT_WITH_WEAK_PULLUP                ;        ;                       ;         ; Row I/O    ;                 ; no       ; On           ;
; M5       ; 38         ; 1B       ; ~ALTERA_TDO~                                   ; output ; 2.5 V                 ;         ; Row I/O    ; N               ; no       ; Off          ;
; M6       ;            ; 1B       ; VCCIO1B                                        ; power  ;                       ; 2.5V    ; --         ;                 ; --       ; --           ;
; M7       ;            ;          ; GND                                            ; gnd    ;                       ;         ; --         ;                 ; --       ; --           ;
; M8       ; 72         ; 2        ; RESERVED_INPUT_WITH_WEAK_PULLUP                ;        ;                       ;         ; Row I/O    ;                 ; no       ; On           ;
; M9       ; 74         ; 2        ; RESERVED_INPUT_WITH_WEAK_PULLUP                ;        ;                       ;         ; Row I/O    ;                 ; no       ; On           ;
; M10      ;            ;          ; GND                                            ; gnd    ;                       ;         ; --         ;                 ; --       ; --           ;
; M11      ;            ; --       ; VCC                                            ; power  ;                       ; 1.2V    ; --         ;                 ; --       ; --           ;
; M12      ;            ; --       ; VCC                                            ; power  ;                       ; 1.2V    ; --         ;                 ; --       ; --           ;
; M13      ;            ; --       ; VCC                                            ; power  ;                       ; 1.2V    ; --         ;                 ; --       ; --           ;
; M14      ; 334        ; 6        ; RESERVED_INPUT_WITH_WEAK_PULLUP                ;        ;                       ;         ; Row I/O    ;                 ; no       ; On           ;
; M15      ; 332        ; 6        ; RESERVED_INPUT_WITH_WEAK_PULLUP                ;        ;                       ;         ; Row I/O    ;                 ; no       ; On           ;
; M16      ;            ;          ; GND                                            ; gnd    ;                       ;         ; --         ;                 ; --       ; --           ;
; M17      ;            ; 6        ; VCCIO6                                         ; power  ;                       ; 2.5V    ; --         ;                 ; --       ; --           ;
; M18      ; 348        ; 6        ; RESERVED_INPUT_WITH_WEAK_PULLUP                ;        ;                       ;         ; Row I/O    ;                 ; no       ; On           ;
; M19      ;            ;          ; GND                                            ; gnd    ;                       ;         ; --         ;                 ; --       ; --           ;
; M20      ; 337        ; 6        ; RESERVED_INPUT_WITH_WEAK_PULLUP                ;        ;                       ;         ; Row I/O    ;                 ; no       ; On           ;
; M21      ; 312        ; 5        ; RESERVED_INPUT_WITH_WEAK_PULLUP                ;        ;                       ;         ; Row I/O    ;                 ; no       ; On           ;
; M22      ; 315        ; 5        ; RESERVED_INPUT_WITH_WEAK_PULLUP                ;        ;                       ;         ; Row I/O    ;                 ; no       ; On           ;
; N1       ; 87         ; 2        ; RESERVED_INPUT_WITH_WEAK_PULLUP                ;        ;                       ;         ; Row I/O    ;                 ; no       ; On           ;
; N2       ; 75         ; 2        ; RESERVED_INPUT_WITH_WEAK_PULLUP                ;        ;                       ;         ; Row I/O    ;                 ; no       ; On           ;
; N3       ; 73         ; 2        ; RESERVED_INPUT_WITH_WEAK_PULLUP                ;        ;                       ;         ; Row I/O    ;                 ; no       ; On           ;
; N4       ; 56         ; 2        ; RESERVED_INPUT_WITH_WEAK_PULLUP                ;        ;                       ;         ; Row I/O    ;                 ; no       ; On           ;
; N5       ; 58         ; 2        ; RESERVED_INPUT_WITH_WEAK_PULLUP                ;        ;                       ;         ; Row I/O    ;                 ; no       ; On           ;
; N6       ;            ; 2        ; VCCIO2                                         ; power  ;                       ; 2.5V    ; --         ;                 ; --       ; --           ;
; N7       ;            ; 2        ; VCCIO2                                         ; power  ;                       ; 2.5V    ; --         ;                 ; --       ; --           ;
; N8       ; 84         ; 2        ; RESERVED_INPUT_WITH_WEAK_PULLUP                ;        ;                       ;         ; Row I/O    ;                 ; no       ; On           ;
; N9       ; 86         ; 2        ; RESERVED_INPUT_WITH_WEAK_PULLUP                ;        ;                       ;         ; Row I/O    ;                 ; no       ; On           ;
; N10      ;            ; --       ; VCC                                            ; power  ;                       ; 1.2V    ; --         ;                 ; --       ; --           ;
; N11      ;            ;          ; GND                                            ; gnd    ;                       ;         ; --         ;                 ; --       ; --           ;
; N12      ;            ; --       ; VCC                                            ; power  ;                       ; 1.2V    ; --         ;                 ; --       ; --           ;
; N13      ;            ;          ; GND                                            ; gnd    ;                       ;         ; --         ;                 ; --       ; --           ;
; N14      ; 320        ; 6        ; RESERVED_INPUT_WITH_WEAK_PULLUP                ;        ;                       ;         ; Row I/O    ;                 ; no       ; On           ;
; N15      ; 322        ; 6        ; RESERVED_INPUT_WITH_WEAK_PULLUP                ;        ;                       ;         ; Row I/O    ;                 ; no       ; On           ;
; N16      ;            ; 5        ; VCCIO5                                         ; power  ;                       ; 2.5V    ; --         ;                 ; --       ; --           ;
; N17      ;            ; 6        ; VCCIO6                                         ; power  ;                       ; 2.5V    ; --         ;                 ; --       ; --           ;
; N18      ; 336        ; 6        ; RESERVED_INPUT_WITH_WEAK_PULLUP                ;        ;                       ;         ; Row I/O    ;                 ; no       ; On           ;
; N19      ; 338        ; 6        ; RESERVED_INPUT_WITH_WEAK_PULLUP                ;        ;                       ;         ; Row I/O    ;                 ; no       ; On           ;
; N20      ; 339        ; 6        ; RESERVED_INPUT_WITH_WEAK_PULLUP                ;        ;                       ;         ; Row I/O    ;                 ; no       ; On           ;
; N21      ; 313        ; 5        ; RESERVED_INPUT_WITH_WEAK_PULLUP                ;        ;                       ;         ; Row I/O    ;                 ; no       ; On           ;
; N22      ; 307        ; 5        ; RESERVED_INPUT_WITH_WEAK_PULLUP                ;        ;                       ;         ; Row I/O    ;                 ; no       ; On           ;
; P1       ; 85         ; 2        ; RESERVED_INPUT_WITH_WEAK_PULLUP                ;        ;                       ;         ; Row I/O    ;                 ; no       ; On           ;
; P2       ;            ;          ; GND                                            ; gnd    ;                       ;         ; --         ;                 ; --       ; --           ;
; P3       ; 76         ; 2        ; RESERVED_INPUT_WITH_WEAK_PULLUP                ;        ;                       ;         ; Row I/O    ;                 ; no       ; On           ;
; P4       ; 57         ; 2        ; RESERVED_INPUT_WITH_WEAK_PULLUP                ;        ;                       ;         ; Row I/O    ;                 ; no       ; On           ;
; P5       ; 59         ; 2        ; RESERVED_INPUT_WITH_WEAK_PULLUP                ;        ;                       ;         ; Row I/O    ;                 ; no       ; On           ;
; P6       ;            ;          ; GND                                            ; gnd    ;                       ;         ; --         ;                 ; --       ; --           ;
; P7       ;            ; 2        ; VCCIO2                                         ; power  ;                       ; 2.5V    ; --         ;                 ; --       ; --           ;
; P8       ; 96         ; 2        ; RESERVED_INPUT_WITH_WEAK_PULLUP                ;        ;                       ;         ; Row I/O    ;                 ; no       ; On           ;
; P9       ; 142        ; 3        ; RESERVED_INPUT_WITH_WEAK_PULLUP                ;        ;                       ;         ; Column I/O ;                 ; no       ; On           ;
; P10      ; 154        ; 3        ; RESERVED_INPUT_WITH_WEAK_PULLUP                ;        ;                       ;         ; Column I/O ;                 ; no       ; On           ;
; P11      ; 166        ; 3        ; MAX10_CLK1_50                                  ; input  ; 3.3-V LVTTL           ;         ; Column I/O ; Y               ; no       ; Off          ;
; P12      ; 178        ; 4        ; RESERVED_INPUT_WITH_WEAK_PULLUP                ;        ;                       ;         ; Column I/O ;                 ; no       ; On           ;
; P13      ; 198        ; 4        ; RESERVED_INPUT_WITH_WEAK_PULLUP                ;        ;                       ;         ; Column I/O ;                 ; no       ; On           ;
; P14      ; 306        ; 5        ; RESERVED_INPUT_WITH_WEAK_PULLUP                ;        ;                       ;         ; Row I/O    ;                 ; no       ; On           ;
; P15      ; 304        ; 5        ; RESERVED_INPUT_WITH_WEAK_PULLUP                ;        ;                       ;         ; Row I/O    ;                 ; no       ; On           ;
; P16      ;            ; 5        ; VCCIO5                                         ; power  ;                       ; 2.5V    ; --         ;                 ; --       ; --           ;
; P17      ;            ;          ; GND                                            ; gnd    ;                       ;         ; --         ;                 ; --       ; --           ;
; P18      ; 310        ; 5        ; RESERVED_INPUT_WITH_WEAK_PULLUP                ;        ;                       ;         ; Row I/O    ;                 ; no       ; On           ;
; P19      ; 309        ; 5        ; RESERVED_INPUT_WITH_WEAK_PULLUP                ;        ;                       ;         ; Row I/O    ;                 ; no       ; On           ;
; P20      ; 311        ; 5        ; RESERVED_INPUT_WITH_WEAK_PULLUP                ;        ;                       ;         ; Row I/O    ;                 ; no       ; On           ;
; P21      ; 305        ; 5        ; RESERVED_INPUT_WITH_WEAK_PULLUP                ;        ;                       ;         ; Row I/O    ;                 ; no       ; On           ;
; P22      ; 303        ; 5        ; RESERVED_INPUT_WITH_WEAK_PULLUP                ;        ;                       ;         ; Row I/O    ;                 ; --       ; --           ;
; R1       ; 121        ; 2        ; RESERVED_INPUT_WITH_WEAK_PULLUP                ;        ;                       ;         ; Row I/O    ;                 ; no       ; On           ;
; R2       ; 123        ; 2        ; RESERVED_INPUT_WITH_WEAK_PULLUP                ;        ;                       ;         ; Row I/O    ;                 ; no       ; On           ;
; R3       ; 78         ; 2        ; RESERVED_INPUT_WITH_WEAK_PULLUP                ;        ;                       ;         ; Row I/O    ;                 ; no       ; On           ;
; R4       ; 80         ; 2        ; RESERVED_INPUT_WITH_WEAK_PULLUP                ;        ;                       ;         ; Row I/O    ;                 ; no       ; On           ;
; R5       ; 82         ; 2        ; RESERVED_INPUT_WITH_WEAK_PULLUP                ;        ;                       ;         ; Row I/O    ;                 ; no       ; On           ;
; R6       ;            ; 2        ; VCCIO2                                         ; power  ;                       ; 2.5V    ; --         ;                 ; --       ; --           ;
; R7       ; 98         ; 2        ; RESERVED_INPUT_WITH_WEAK_PULLUP                ;        ;                       ;         ; Row I/O    ;                 ; no       ; On           ;
; R8       ;            ; --       ; VCCA1                                          ; power  ;                       ; 2.5V    ; --         ;                 ; --       ; --           ;
; R9       ; 140        ; 3        ; RESERVED_INPUT_WITH_WEAK_PULLUP                ;        ;                       ;         ; Column I/O ;                 ; no       ; On           ;
; R10      ; 152        ; 3        ; RESERVED_INPUT_WITH_WEAK_PULLUP                ;        ;                       ;         ; Column I/O ;                 ; no       ; On           ;
; R11      ; 164        ; 3        ; RESERVED_INPUT_WITH_WEAK_PULLUP                ;        ;                       ;         ; Column I/O ;                 ; no       ; On           ;
; R12      ; 176        ; 4        ; RESERVED_INPUT_WITH_WEAK_PULLUP                ;        ;                       ;         ; Column I/O ;                 ; no       ; On           ;
; R13      ; 196        ; 4        ; RESERVED_INPUT_WITH_WEAK_PULLUP                ;        ;                       ;         ; Column I/O ;                 ; no       ; On           ;
; R14      ; 294        ; 5        ; RESERVED_INPUT_WITH_WEAK_PULLUP                ;        ;                       ;         ; Row I/O    ;                 ; no       ; On           ;
; R15      ; 292        ; 5        ; RESERVED_INPUT_WITH_WEAK_PULLUP                ;        ;                       ;         ; Row I/O    ;                 ; no       ; On           ;
; R16      ;            ; 5        ; VCCIO5                                         ; power  ;                       ; 2.5V    ; --         ;                 ; --       ; --           ;
; R17      ;            ; 5        ; VCCIO5                                         ; power  ;                       ; 2.5V    ; --         ;                 ; --       ; --           ;
; R18      ; 308        ; 5        ; RESERVED_INPUT_WITH_WEAK_PULLUP                ;        ;                       ;         ; Row I/O    ;                 ; no       ; On           ;
; R19      ;            ;          ; GND                                            ; gnd    ;                       ;         ; --         ;                 ; --       ; --           ;
; R20      ; 299        ; 5        ; RESERVED_INPUT_WITH_WEAK_PULLUP                ;        ;                       ;         ; Row I/O    ;                 ; no       ; On           ;
; R21      ;            ;          ; GND                                            ; gnd    ;                       ;         ; --         ;                 ; --       ; --           ;
; R22      ; 301        ; 5        ; RESERVED_INPUT_WITH_WEAK_PULLUP                ;        ;                       ;         ; Row I/O    ;                 ; no       ; On           ;
; T1       ; 81         ; 2        ; RESERVED_INPUT_WITH_WEAK_PULLUP                ;        ;                       ;         ; Row I/O    ;                 ; no       ; On           ;
; T2       ; 83         ; 2        ; RESERVED_INPUT_WITH_WEAK_PULLUP                ;        ;                       ;         ; Row I/O    ;                 ; no       ; On           ;
; T3       ; 88         ; 2        ; RESERVED_INPUT_WITH_WEAK_PULLUP                ;        ;                       ;         ; Row I/O    ;                 ; no       ; On           ;
; T4       ;            ;          ; GND                                            ; gnd    ;                       ;         ; --         ;                 ; --       ; --           ;
; T5       ; 120        ; 2        ; RESERVED_INPUT_WITH_WEAK_PULLUP                ;        ;                       ;         ; Row I/O    ;                 ; no       ; On           ;
; T6       ; 122        ; 2        ; RESERVED_INPUT_WITH_WEAK_PULLUP                ;        ;                       ;         ; Row I/O    ;                 ; no       ; On           ;
; T7       ;            ;          ; VCCD_PLL1                                      ; power  ;                       ; 1.2V    ; --         ;                 ; --       ; --           ;
; T8       ;            ;          ; GND                                            ; gnd    ;                       ;         ; --         ;                 ; --       ; --           ;
; T9       ;            ; 3        ; VCCIO3                                         ; power  ;                       ; 3.3V    ; --         ;                 ; --       ; --           ;
; T10      ;            ; 3        ; VCCIO3                                         ; power  ;                       ; 3.3V    ; --         ;                 ; --       ; --           ;
; T11      ;            ; 3        ; VCCIO3                                         ; power  ;                       ; 3.3V    ; --         ;                 ; --       ; --           ;
; T12      ;            ; 4        ; VCCIO4                                         ; power  ;                       ; 2.5V    ; --         ;                 ; --       ; --           ;
; T13      ;            ; 4        ; VCCIO4                                         ; power  ;                       ; 2.5V    ; --         ;                 ; --       ; --           ;
; T14      ;            ;          ; GND                                            ; gnd    ;                       ;         ; --         ;                 ; --       ; --           ;
; T15      ;            ; --       ; VCCA4                                          ; power  ;                       ; 2.5V    ; --         ;                 ; --       ; --           ;
; T16      ;            ;          ; GND                                            ; gnd    ;                       ;         ; --         ;                 ; --       ; --           ;
; T17      ;            ; 5        ; VCCIO5                                         ; power  ;                       ; 2.5V    ; --         ;                 ; --       ; --           ;
; T18      ; 298        ; 5        ; RESERVED_INPUT_WITH_WEAK_PULLUP                ;        ;                       ;         ; Row I/O    ;                 ; no       ; On           ;
; T19      ; 296        ; 5        ; RESERVED_INPUT_WITH_WEAK_PULLUP                ;        ;                       ;         ; Row I/O    ;                 ; no       ; On           ;
; T20      ; 297        ; 5        ; RESERVED_INPUT_WITH_WEAK_PULLUP                ;        ;                       ;         ; Row I/O    ;                 ; no       ; On           ;
; T21      ; 293        ; 5        ; RESERVED_INPUT_WITH_WEAK_PULLUP                ;        ;                       ;         ; Row I/O    ;                 ; no       ; On           ;
; T22      ; 295        ; 5        ; RESERVED_INPUT_WITH_WEAK_PULLUP                ;        ;                       ;         ; Row I/O    ;                 ; no       ; On           ;
; U1       ; 89         ; 2        ; RESERVED_INPUT_WITH_WEAK_PULLUP                ;        ;                       ;         ; Row I/O    ;                 ; no       ; On           ;
; U2       ; 90         ; 2        ; RESERVED_INPUT_WITH_WEAK_PULLUP                ;        ;                       ;         ; Row I/O    ;                 ; no       ; On           ;
; U3       ; 93         ; 2        ; RESERVED_INPUT_WITH_WEAK_PULLUP                ;        ;                       ;         ; Row I/O    ;                 ; no       ; On           ;
; U4       ; 92         ; 2        ; RESERVED_INPUT_WITH_WEAK_PULLUP                ;        ;                       ;         ; Row I/O    ;                 ; no       ; On           ;
; U5       ; 94         ; 2        ; RESERVED_INPUT_WITH_WEAK_PULLUP                ;        ;                       ;         ; Row I/O    ;                 ; no       ; On           ;
; U6       ; 128        ; 3        ; RESERVED_INPUT_WITH_WEAK_PULLUP                ;        ;                       ;         ; Column I/O ;                 ; no       ; On           ;
; U7       ; 130        ; 3        ; RESERVED_INPUT_WITH_WEAK_PULLUP                ;        ;                       ;         ; Column I/O ;                 ; no       ; On           ;
; U8       ;            ; 3        ; VCCIO3                                         ; power  ;                       ; 3.3V    ; --         ;                 ; --       ; --           ;
; U9       ;            ; 3        ; VCCIO3                                         ; power  ;                       ; 3.3V    ; --         ;                 ; --       ; --           ;
; U10      ;            ;          ; GND                                            ; gnd    ;                       ;         ; --         ;                 ; --       ; --           ;
; U11      ;            ; 4        ; VCCIO4                                         ; power  ;                       ; 2.5V    ; --         ;                 ; --       ; --           ;
; U12      ;            ; 4        ; VCCIO4                                         ; power  ;                       ; 2.5V    ; --         ;                 ; --       ; --           ;
; U13      ;            ;          ; GND                                            ; gnd    ;                       ;         ; --         ;                 ; --       ; --           ;
; U14      ;            ; 4        ; VCCIO4                                         ; power  ;                       ; 2.5V    ; --         ;                 ; --       ; --           ;
; U15      ; 208        ; 4        ; RESERVED_INPUT_WITH_WEAK_PULLUP                ;        ;                       ;         ; Column I/O ;                 ; no       ; On           ;
; U16      ;            ;          ; VCCD_PLL4                                      ; power  ;                       ; 1.2V    ; --         ;                 ; --       ; --           ;
; U17      ; 246        ; 5        ; RESERVED_INPUT_WITH_WEAK_PULLUP                ;        ;                       ;         ; Row I/O    ;                 ; no       ; On           ;
; U18      ; 244        ; 5        ; RESERVED_INPUT_WITH_WEAK_PULLUP                ;        ;                       ;         ; Row I/O    ;                 ; no       ; On           ;
; U19      ; 282        ; 5        ; RESERVED_INPUT_WITH_WEAK_PULLUP                ;        ;                       ;         ; Row I/O    ;                 ; no       ; On           ;
; U20      ; 290        ; 5        ; RESERVED_INPUT_WITH_WEAK_PULLUP                ;        ;                       ;         ; Row I/O    ;                 ; no       ; On           ;
; U21      ; 300        ; 5        ; RESERVED_INPUT_WITH_WEAK_PULLUP                ;        ;                       ;         ; Row I/O    ;                 ; no       ; On           ;
; U22      ; 302        ; 5        ; RESERVED_INPUT_WITH_WEAK_PULLUP                ;        ;                       ;         ; Row I/O    ;                 ; no       ; On           ;
; V1       ; 91         ; 2        ; RESERVED_INPUT_WITH_WEAK_PULLUP                ;        ;                       ;         ; Row I/O    ;                 ; no       ; On           ;
; V2       ;            ;          ; GND                                            ; gnd    ;                       ;         ; --         ;                 ; --       ; --           ;
; V3       ; 95         ; 2        ; RESERVED_INPUT_WITH_WEAK_PULLUP                ;        ;                       ;         ; Row I/O    ;                 ; no       ; On           ;
; V4       ; 125        ; 3        ; RESERVED_INPUT_WITH_WEAK_PULLUP                ;        ;                       ;         ; Column I/O ;                 ; no       ; On           ;
; V5       ; 127        ; 3        ; RESERVED_INPUT_WITH_WEAK_PULLUP                ;        ;                       ;         ; Column I/O ;                 ; no       ; On           ;
; V6       ;            ;          ; GND                                            ; gnd    ;                       ;         ; --         ;                 ; --       ; --           ;
; V7       ; 136        ; 3        ; RESERVED_INPUT_WITH_WEAK_PULLUP                ;        ;                       ;         ; Column I/O ;                 ; no       ; On           ;
; V8       ; 138        ; 3        ; RESERVED_INPUT_WITH_WEAK_PULLUP                ;        ;                       ;         ; Column I/O ;                 ; no       ; On           ;
; V9       ; 160        ; 3        ; RESERVED_INPUT_WITH_WEAK_PULLUP                ;        ;                       ;         ; Column I/O ;                 ; no       ; On           ;
; V10      ; 162        ; 3        ; UART_RX                                        ; input  ; 3.3-V LVTTL           ;         ; Column I/O ; Y               ; no       ; Off          ;
; V11      ; 172        ; 4        ; RESERVED_INPUT_WITH_WEAK_PULLUP                ;        ;                       ;         ; Column I/O ;                 ; no       ; On           ;
; V12      ; 174        ; 4        ; RESERVED_INPUT_WITH_WEAK_PULLUP                ;        ;                       ;         ; Column I/O ;                 ; no       ; On           ;
; V13      ; 192        ; 4        ; RESERVED_INPUT_WITH_WEAK_PULLUP                ;        ;                       ;         ; Column I/O ;                 ; no       ; On           ;
; V14      ; 204        ; 4        ; RESERVED_INPUT_WITH_WEAK_PULLUP                ;        ;                       ;         ; Column I/O ;                 ; no       ; On           ;
; V15      ; 216        ; 4        ; RESERVED_INPUT_WITH_WEAK_PULLUP                ;        ;                       ;         ; Column I/O ;                 ; no       ; On           ;
; V16      ; 210        ; 4        ; RESERVED_INPUT_WITH_WEAK_PULLUP                ;        ;                       ;         ; Column I/O ;                 ; no       ; On           ;
; V17      ; 242        ; 4        ; RESERVED_INPUT_WITH_WEAK_PULLUP                ;        ;                       ;         ; Column I/O ;                 ; no       ; On           ;
; V18      ; 280        ; 5        ; RESERVED_INPUT_WITH_WEAK_PULLUP                ;        ;                       ;         ; Row I/O    ;                 ; no       ; On           ;
; V19      ;            ;          ; GND                                            ; gnd    ;                       ;         ; --         ;                 ; --       ; --           ;
; V20      ; 288        ; 5        ; RESERVED_INPUT_WITH_WEAK_PULLUP                ;        ;                       ;         ; Row I/O    ;                 ; no       ; On           ;
; V21      ; 289        ; 5        ; RESERVED_INPUT_WITH_WEAK_PULLUP                ;        ;                       ;         ; Row I/O    ;                 ; no       ; On           ;
; V22      ; 291        ; 5        ; RESERVED_INPUT_WITH_WEAK_PULLUP                ;        ;                       ;         ; Row I/O    ;                 ; no       ; On           ;
; W1       ; 97         ; 2        ; RESERVED_INPUT_WITH_WEAK_PULLUP                ;        ;                       ;         ; Row I/O    ;                 ; no       ; On           ;
; W2       ; 99         ; 2        ; RESERVED_INPUT_WITH_WEAK_PULLUP                ;        ;                       ;         ; Row I/O    ;                 ; no       ; On           ;
; W3       ; 134        ; 3        ; RESERVED_INPUT_WITH_WEAK_PULLUP                ;        ;                       ;         ; Column I/O ;                 ; no       ; On           ;
; W4       ; 132        ; 3        ; RESERVED_INPUT_WITH_WEAK_PULLUP                ;        ;                       ;         ; Column I/O ;                 ; no       ; On           ;
; W5       ; 124        ; 3        ; RESERVED_INPUT_WITH_WEAK_PULLUP                ;        ;                       ;         ; Column I/O ;                 ; no       ; On           ;
; W6       ; 126        ; 3        ; RESERVED_INPUT_WITH_WEAK_PULLUP                ;        ;                       ;         ; Column I/O ;                 ; no       ; On           ;
; W7       ; 148        ; 3        ; RESERVED_INPUT_WITH_WEAK_PULLUP                ;        ;                       ;         ; Column I/O ;                 ; no       ; On           ;
; W8       ; 150        ; 3        ; RESERVED_INPUT_WITH_WEAK_PULLUP                ;        ;                       ;         ; Column I/O ;                 ; no       ; On           ;
; W9       ; 144        ; 3        ; RESERVED_INPUT_WITH_WEAK_PULLUP                ;        ;                       ;         ; Column I/O ;                 ; no       ; On           ;
; W10      ; 146        ; 3        ; UART_TX                                        ; output ; 3.3-V LVTTL           ;         ; Column I/O ; Y               ; no       ; Off          ;
; W11      ; 173        ; 4        ; RESERVED_INPUT_WITH_WEAK_PULLUP                ;        ;                       ;         ; Column I/O ;                 ; no       ; On           ;
; W12      ; 193        ; 4        ; RESERVED_INPUT_WITH_WEAK_PULLUP                ;        ;                       ;         ; Column I/O ;                 ; no       ; On           ;
; W13      ; 195        ; 4        ; RESERVED_INPUT_WITH_WEAK_PULLUP                ;        ;                       ;         ; Column I/O ;                 ; no       ; On           ;
; W14      ; 194        ; 4        ; RESERVED_INPUT_WITH_WEAK_PULLUP                ;        ;                       ;         ; Column I/O ;                 ; no       ; On           ;
; W15      ; 206        ; 4        ; RESERVED_INPUT_WITH_WEAK_PULLUP                ;        ;                       ;         ; Column I/O ;                 ; no       ; On           ;
; W16      ; 218        ; 4        ; RESERVED_INPUT_WITH_WEAK_PULLUP                ;        ;                       ;         ; Column I/O ;                 ; no       ; On           ;
; W17      ; 240        ; 4        ; RESERVED_INPUT_WITH_WEAK_PULLUP                ;        ;                       ;         ; Column I/O ;                 ; no       ; On           ;
; W18      ; 226        ; 4        ; RESERVED_INPUT_WITH_WEAK_PULLUP                ;        ;                       ;         ; Column I/O ;                 ; no       ; On           ;
; W19      ; 284        ; 5        ; RESERVED_INPUT_WITH_WEAK_PULLUP                ;        ;                       ;         ; Row I/O    ;                 ; no       ; On           ;
; W20      ; 286        ; 5        ; RESERVED_INPUT_WITH_WEAK_PULLUP                ;        ;                       ;         ; Row I/O    ;                 ; no       ; On           ;
; W21      ;            ;          ; GND                                            ; gnd    ;                       ;         ; --         ;                 ; --       ; --           ;
; W22      ; 283        ; 5        ; RESERVED_INPUT_WITH_WEAK_PULLUP                ;        ;                       ;         ; Row I/O    ;                 ; no       ; On           ;
; Y1       ; 129        ; 3        ; RESERVED_INPUT_WITH_WEAK_PULLUP                ;        ;                       ;         ; Column I/O ;                 ; no       ; On           ;
; Y2       ; 131        ; 3        ; RESERVED_INPUT_WITH_WEAK_PULLUP                ;        ;                       ;         ; Column I/O ;                 ; no       ; On           ;
; Y3       ; 149        ; 3        ; RESERVED_INPUT_WITH_WEAK_PULLUP                ;        ;                       ;         ; Column I/O ;                 ; no       ; On           ;
; Y4       ; 151        ; 3        ; RESERVED_INPUT_WITH_WEAK_PULLUP                ;        ;                       ;         ; Column I/O ;                 ; no       ; On           ;
; Y5       ; 137        ; 3        ; RESERVED_INPUT_WITH_WEAK_PULLUP                ;        ;                       ;         ; Column I/O ;                 ; no       ; On           ;
; Y6       ; 139        ; 3        ; RESERVED_INPUT_WITH_WEAK_PULLUP                ;        ;                       ;         ; Column I/O ;                 ; no       ; On           ;
; Y7       ; 141        ; 3        ; RESERVED_INPUT_WITH_WEAK_PULLUP                ;        ;                       ;         ; Column I/O ;                 ; no       ; On           ;
; Y8       ; 143        ; 3        ; RESERVED_INPUT_WITH_WEAK_PULLUP                ;        ;                       ;         ; Column I/O ;                 ; no       ; On           ;
; Y9       ;            ;          ; GND                                            ; gnd    ;                       ;         ; --         ;                 ; --       ; --           ;
; Y10      ; 168        ; 3        ; RESERVED_INPUT_WITH_WEAK_PULLUP                ;        ;                       ;         ; Column I/O ;                 ; no       ; On           ;
; Y11      ; 175        ; 4        ; RESERVED_INPUT_WITH_WEAK_PULLUP                ;        ;                       ;         ; Column I/O ;                 ; no       ; On           ;
; Y12      ;            ;          ; GND                                            ; gnd    ;                       ;         ; --         ;                 ; --       ; --           ;
; Y13      ; 200        ; 4        ; RESERVED_INPUT_WITH_WEAK_PULLUP                ;        ;                       ;         ; Column I/O ;                 ; no       ; On           ;
; Y14      ; 202        ; 4        ; RESERVED_INPUT_WITH_WEAK_PULLUP                ;        ;                       ;         ; Column I/O ;                 ; no       ; On           ;
; Y15      ;            ;          ; GND                                            ; gnd    ;                       ;         ; --         ;                 ; --       ; --           ;
; Y16      ; 207        ; 4        ; RESERVED_INPUT_WITH_WEAK_PULLUP                ;        ;                       ;         ; Column I/O ;                 ; no       ; On           ;
; Y17      ; 214        ; 4        ; RESERVED_INPUT_WITH_WEAK_PULLUP                ;        ;                       ;         ; Column I/O ;                 ; no       ; On           ;
; Y18      ; 219        ; 4        ; RESERVED_INPUT_WITH_WEAK_PULLUP                ;        ;                       ;         ; Column I/O ;                 ; no       ; On           ;
; Y19      ; 224        ; 4        ; RESERVED_INPUT_WITH_WEAK_PULLUP                ;        ;                       ;         ; Column I/O ;                 ; no       ; On           ;
; Y20      ; 285        ; 5        ; RESERVED_INPUT_WITH_WEAK_PULLUP                ;        ;                       ;         ; Row I/O    ;                 ; no       ; On           ;
; Y21      ; 287        ; 5        ; RESERVED_INPUT_WITH_WEAK_PULLUP                ;        ;                       ;         ; Row I/O    ;                 ; no       ; On           ;
; Y22      ; 281        ; 5        ; RESERVED_INPUT_WITH_WEAK_PULLUP                ;        ;                       ;         ; Row I/O    ;                 ; no       ; On           ;
+----------+------------+----------+------------------------------------------------+--------+-----------------------+---------+------------+-----------------+----------+--------------+
Note: Pin directions (input, output or bidir) are based on device operating in user mode.


+-----------------------------------+
; I/O Assignment Warnings           ;
+----------+------------------------+
; Pin Name ; Reason                 ;
+----------+------------------------+
; UART_TX  ; Missing drive strength ;
; LEDR[0]  ; Missing drive strength ;
; LEDR[1]  ; Missing drive strength ;
; LEDR[2]  ; Missing drive strength ;
; LEDR[3]  ; Missing drive strength ;
; LEDR[4]  ; Missing drive strength ;
; LEDR[5]  ; Missing drive strength ;
; LEDR[6]  ; Missing drive strength ;
; LEDR[7]  ; Missing drive strength ;
; LEDR[8]  ; Missing drive strength ;
; LEDR[9]  ; Missing drive strength ;
+----------+------------------------+


+-----------------------------------------------------------------------------------------------------------------------------------------------------------------------------------------------------------------------------------------------------------------------------------------------------------------------------------------------------------------------------------------------------------------------------------------------------------------------------------------------+
; Fitter Resource Utilization by Entity                                                                                                                                                                                                                                                                                                                                                                                                                                                         ;
+--------------------------------------------------+-------------+---------------------------+---------------+-------------+------+------------+--------------+---------+-----------+------+--------------+--------------+-------------------+------------------+------------+--------------------------------------------------------------------------------------------------------------------------------------------------------------------+------------------------------+--------------+
; Compilation Hierarchy Node                       ; Logic Cells ; Dedicated Logic Registers ; I/O Registers ; Memory Bits ; M9Ks ; UFM Blocks ; DSP Elements ; DSP 9x9 ; DSP 18x18 ; Pins ; Virtual Pins ; LUT-Only LCs ; Register-Only LCs ; LUT/Register LCs ; ADC blocks ; Full Hierarchy Name                                                                                                                                                ; Entity Name                  ; Library Name ;
+--------------------------------------------------+-------------+---------------------------+---------------+-------------+------+------------+--------------+---------+-----------+------+--------------+--------------+-------------------+------------------+------------+--------------------------------------------------------------------------------------------------------------------------------------------------------------------+------------------------------+--------------+
; |igor_de10_lite_top                              ; 18984 (62)  ; 1539 (52)                 ; 0 (0)         ; 1051008     ; 131  ; 1          ; 19           ; 1       ; 9         ; 19   ; 0            ; 17445 (10)   ; 196 (1)           ; 1343 (51)        ; 0          ; |igor_de10_lite_top                                                                                                                                                ; igor_de10_lite_top           ; work         ;
;    |igor_uart_top:system|                        ; 18922 (91)  ; 1487 (7)                  ; 0 (0)         ; 1051008     ; 131  ; 0          ; 19           ; 1       ; 9         ; 0    ; 0            ; 17435 (84)   ; 195 (3)           ; 1292 (43)        ; 0          ; |igor_de10_lite_top|igor_uart_top:system                                                                                                                           ; igor_uart_top                ; work         ;
;       |igor_neural_core:neural|                  ; 7239 (503)  ; 360 (348)                 ; 0 (0)         ; 2432        ; 3    ; 0          ; 3            ; 1       ; 1         ; 0    ; 0            ; 6879 (155)   ; 70 (70)           ; 290 (278)        ; 0          ; |igor_de10_lite_top|igor_uart_top:system|igor_neural_core:neural                                                                                                   ; igor_neural_core             ; work         ;
;          |altsyncram:h1_rtl_0|                   ; 0 (0)       ; 0 (0)                     ; 0 (0)         ; 1024        ; 1    ; 0          ; 0            ; 0       ; 0         ; 0    ; 0            ; 0 (0)        ; 0 (0)             ; 0 (0)            ; 0          ; |igor_de10_lite_top|igor_uart_top:system|igor_neural_core:neural|altsyncram:h1_rtl_0                                                                               ; altsyncram                   ; work         ;
;             |altsyncram_k7g1:auto_generated|     ; 0 (0)       ; 0 (0)                     ; 0 (0)         ; 1024        ; 1    ; 0          ; 0            ; 0       ; 0         ; 0    ; 0            ; 0 (0)        ; 0 (0)             ; 0 (0)            ; 0          ; |igor_de10_lite_top|igor_uart_top:system|igor_neural_core:neural|altsyncram:h1_rtl_0|altsyncram_k7g1:auto_generated                                                ; altsyncram_k7g1              ; work         ;
;          |altsyncram:h2_rtl_0|                   ; 0 (0)       ; 0 (0)                     ; 0 (0)         ; 1024        ; 1    ; 0          ; 0            ; 0       ; 0         ; 0    ; 0            ; 0 (0)        ; 0 (0)             ; 0 (0)            ; 0          ; |igor_de10_lite_top|igor_uart_top:system|igor_neural_core:neural|altsyncram:h2_rtl_0                                                                               ; altsyncram                   ; work         ;
;             |altsyncram_k7g1:auto_generated|     ; 0 (0)       ; 0 (0)                     ; 0 (0)         ; 1024        ; 1    ; 0          ; 0            ; 0       ; 0         ; 0    ; 0            ; 0 (0)        ; 0 (0)             ; 0 (0)            ; 0          ; |igor_de10_lite_top|igor_uart_top:system|igor_neural_core:neural|altsyncram:h2_rtl_0|altsyncram_k7g1:auto_generated                                                ; altsyncram_k7g1              ; work         ;
;          |altsyncram:inputs_rtl_0|               ; 0 (0)       ; 0 (0)                     ; 0 (0)         ; 384         ; 1    ; 0          ; 0            ; 0       ; 0         ; 0    ; 0            ; 0 (0)        ; 0 (0)             ; 0 (0)            ; 0          ; |igor_de10_lite_top|igor_uart_top:system|igor_neural_core:neural|altsyncram:inputs_rtl_0                                                                           ; altsyncram                   ; work         ;
;             |altsyncram_a7g1:auto_generated|     ; 0 (0)       ; 0 (0)                     ; 0 (0)         ; 384         ; 1    ; 0          ; 0            ; 0       ; 0         ; 0    ; 0            ; 0 (0)        ; 0 (0)             ; 0 (0)            ; 0          ; |igor_de10_lite_top|igor_uart_top:system|igor_neural_core:neural|altsyncram:inputs_rtl_0|altsyncram_a7g1:auto_generated                                            ; altsyncram_a7g1              ; work         ;
;          |igor_neural_rom:weights|               ; 6736 (6736) ; 12 (12)                   ; 0 (0)         ; 0           ; 0    ; 0          ; 0            ; 0       ; 0         ; 0    ; 0            ; 6724 (6724)  ; 0 (0)             ; 12 (12)          ; 0          ; |igor_de10_lite_top|igor_uart_top:system|igor_neural_core:neural|igor_neural_rom:weights                                                                           ; igor_neural_rom              ; work         ;
;          |lpm_mult:Mult0|                        ; 0 (0)       ; 0 (0)                     ; 0 (0)         ; 0           ; 0    ; 0          ; 2            ; 0       ; 1         ; 0    ; 0            ; 0 (0)        ; 0 (0)             ; 0 (0)            ; 0          ; |igor_de10_lite_top|igor_uart_top:system|igor_neural_core:neural|lpm_mult:Mult0                                                                                    ; lpm_mult                     ; work         ;
;             |mult_qgs:auto_generated|            ; 0 (0)       ; 0 (0)                     ; 0 (0)         ; 0           ; 0    ; 0          ; 2            ; 0       ; 1         ; 0    ; 0            ; 0 (0)        ; 0 (0)             ; 0 (0)            ; 0          ; |igor_de10_lite_top|igor_uart_top:system|igor_neural_core:neural|lpm_mult:Mult0|mult_qgs:auto_generated                                                            ; mult_qgs                     ; work         ;
;          |lpm_mult:Mult1|                        ; 0 (0)       ; 0 (0)                     ; 0 (0)         ; 0           ; 0    ; 0          ; 1            ; 1       ; 0         ; 0    ; 0            ; 0 (0)        ; 0 (0)             ; 0 (0)            ; 0          ; |igor_de10_lite_top|igor_uart_top:system|igor_neural_core:neural|lpm_mult:Mult1                                                                                    ; lpm_mult                     ; work         ;
;             |mult_sks:auto_generated|            ; 0 (0)       ; 0 (0)                     ; 0 (0)         ; 0           ; 0    ; 0          ; 1            ; 1       ; 0         ; 0    ; 0            ; 0 (0)        ; 0 (0)             ; 0 (0)            ; 0          ; |igor_de10_lite_top|igor_uart_top:system|igor_neural_core:neural|lpm_mult:Mult1|mult_sks:auto_generated                                                            ; mult_sks                     ; work         ;
;       |igor_neural_rom:inspection_rom|           ; 6728 (6728) ; 12 (12)                   ; 0 (0)         ; 0           ; 0    ; 0          ; 0            ; 0       ; 0         ; 0    ; 0            ; 6707 (6707)  ; 0 (0)             ; 21 (21)          ; 0          ; |igor_de10_lite_top|igor_uart_top:system|igor_neural_rom:inspection_rom                                                                                            ; igor_neural_rom              ; work         ;
;       |igor_top:core|                            ; 4456 (146)  ; 843 (93)                  ; 0 (0)         ; 1048576     ; 128  ; 0          ; 16           ; 0       ; 8         ; 0    ; 0            ; 3609 (54)    ; 85 (9)            ; 762 (82)         ; 0          ; |igor_de10_lite_top|igor_uart_top:system|igor_top:core                                                                                                             ; igor_top                     ; work         ;
;          |igor_best_candidate_selector:selector| ; 305 (305)   ; 0 (0)                     ; 0 (0)         ; 0           ; 0    ; 0          ; 0            ; 0       ; 0         ; 0    ; 0            ; 254 (254)    ; 0 (0)             ; 51 (51)          ; 0          ; |igor_de10_lite_top|igor_uart_top:system|igor_top:core|igor_best_candidate_selector:selector                                                                       ; igor_best_candidate_selector ; work         ;
;          |igor_config_registers:cfg|             ; 33 (33)     ; 22 (22)                   ; 0 (0)         ; 0           ; 0    ; 0          ; 0            ; 0       ; 0         ; 0    ; 0            ; 10 (10)      ; 7 (7)             ; 16 (16)          ; 0          ; |igor_de10_lite_top|igor_uart_top:system|igor_top:core|igor_config_registers:cfg                                                                                   ; igor_config_registers        ; work         ;
;          |igor_costmap_bank:tiles[0].memory|     ; 22 (0)      ; 2 (0)                     ; 0 (0)         ; 262144      ; 32   ; 0          ; 0            ; 0       ; 0         ; 0    ; 0            ; 20 (0)       ; 2 (0)             ; 0 (0)            ; 0          ; |igor_de10_lite_top|igor_uart_top:system|igor_top:core|igor_costmap_bank:tiles[0].memory                                                                           ; igor_costmap_bank            ; work         ;
;             |altsyncram:memory_rtl_0|            ; 22 (0)      ; 2 (0)                     ; 0 (0)         ; 262144      ; 32   ; 0          ; 0            ; 0       ; 0         ; 0    ; 0            ; 20 (0)       ; 2 (0)             ; 0 (0)            ; 0          ; |igor_de10_lite_top|igor_uart_top:system|igor_top:core|igor_costmap_bank:tiles[0].memory|altsyncram:memory_rtl_0                                                   ; altsyncram                   ; work         ;
;                |altsyncram_jdi1:auto_generated|  ; 22 (2)      ; 2 (2)                     ; 0 (0)         ; 262144      ; 32   ; 0          ; 0            ; 0       ; 0         ; 0    ; 0            ; 20 (0)       ; 2 (2)             ; 0 (0)            ; 0          ; |igor_de10_lite_top|igor_uart_top:system|igor_top:core|igor_costmap_bank:tiles[0].memory|altsyncram:memory_rtl_0|altsyncram_jdi1:auto_generated                    ; altsyncram_jdi1              ; work         ;
;                   |decode_c7a:decode2|           ; 4 (4)       ; 0 (0)                     ; 0 (0)         ; 0           ; 0    ; 0          ; 0            ; 0       ; 0         ; 0    ; 0            ; 4 (4)        ; 0 (0)             ; 0 (0)            ; 0          ; |igor_de10_lite_top|igor_uart_top:system|igor_top:core|igor_costmap_bank:tiles[0].memory|altsyncram:memory_rtl_0|altsyncram_jdi1:auto_generated|decode_c7a:decode2 ; decode_c7a                   ; work         ;
;                   |mux_s1b:mux3|                 ; 16 (16)     ; 0 (0)                     ; 0 (0)         ; 0           ; 0    ; 0          ; 0            ; 0       ; 0         ; 0    ; 0            ; 16 (16)      ; 0 (0)             ; 0 (0)            ; 0          ; |igor_de10_lite_top|igor_uart_top:system|igor_top:core|igor_costmap_bank:tiles[0].memory|altsyncram:memory_rtl_0|altsyncram_jdi1:auto_generated|mux_s1b:mux3       ; mux_s1b                      ; work         ;
;          |igor_costmap_bank:tiles[1].memory|     ; 16 (0)      ; 2 (0)                     ; 0 (0)         ; 262144      ; 32   ; 0          ; 0            ; 0       ; 0         ; 0    ; 0            ; 14 (0)       ; 0 (0)             ; 2 (0)            ; 0          ; |igor_de10_lite_top|igor_uart_top:system|igor_top:core|igor_costmap_bank:tiles[1].memory                                                                           ; igor_costmap_bank            ; work         ;
;             |altsyncram:memory_rtl_0|            ; 16 (0)      ; 2 (0)                     ; 0 (0)         ; 262144      ; 32   ; 0          ; 0            ; 0       ; 0         ; 0    ; 0            ; 14 (0)       ; 0 (0)             ; 2 (0)            ; 0          ; |igor_de10_lite_top|igor_uart_top:system|igor_top:core|igor_costmap_bank:tiles[1].memory|altsyncram:memory_rtl_0                                                   ; altsyncram                   ; work         ;
;                |altsyncram_jdi1:auto_generated|  ; 16 (2)      ; 2 (2)                     ; 0 (0)         ; 262144      ; 32   ; 0          ; 0            ; 0       ; 0         ; 0    ; 0            ; 14 (0)       ; 0 (0)             ; 2 (0)            ; 0          ; |igor_de10_lite_top|igor_uart_top:system|igor_top:core|igor_costmap_bank:tiles[1].memory|altsyncram:memory_rtl_0|altsyncram_jdi1:auto_generated                    ; altsyncram_jdi1              ; work         ;
;                   |mux_s1b:mux3|                 ; 16 (16)     ; 0 (0)                     ; 0 (0)         ; 0           ; 0    ; 0          ; 0            ; 0       ; 0         ; 0    ; 0            ; 14 (14)      ; 0 (0)             ; 2 (2)            ; 0          ; |igor_de10_lite_top|igor_uart_top:system|igor_top:core|igor_costmap_bank:tiles[1].memory|altsyncram:memory_rtl_0|altsyncram_jdi1:auto_generated|mux_s1b:mux3       ; mux_s1b                      ; work         ;
;          |igor_costmap_bank:tiles[2].memory|     ; 16 (0)      ; 2 (0)                     ; 0 (0)         ; 262144      ; 32   ; 0          ; 0            ; 0       ; 0         ; 0    ; 0            ; 14 (0)       ; 0 (0)             ; 2 (0)            ; 0          ; |igor_de10_lite_top|igor_uart_top:system|igor_top:core|igor_costmap_bank:tiles[2].memory                                                                           ; igor_costmap_bank            ; work         ;
;             |altsyncram:memory_rtl_0|            ; 16 (0)      ; 2 (0)                     ; 0 (0)         ; 262144      ; 32   ; 0          ; 0            ; 0       ; 0         ; 0    ; 0            ; 14 (0)       ; 0 (0)             ; 2 (0)            ; 0          ; |igor_de10_lite_top|igor_uart_top:system|igor_top:core|igor_costmap_bank:tiles[2].memory|altsyncram:memory_rtl_0                                                   ; altsyncram                   ; work         ;
;                |altsyncram_jdi1:auto_generated|  ; 16 (2)      ; 2 (2)                     ; 0 (0)         ; 262144      ; 32   ; 0          ; 0            ; 0       ; 0         ; 0    ; 0            ; 14 (0)       ; 0 (0)             ; 2 (0)            ; 0          ; |igor_de10_lite_top|igor_uart_top:system|igor_top:core|igor_costmap_bank:tiles[2].memory|altsyncram:memory_rtl_0|altsyncram_jdi1:auto_generated                    ; altsyncram_jdi1              ; work         ;
;                   |mux_s1b:mux3|                 ; 16 (16)     ; 0 (0)                     ; 0 (0)         ; 0           ; 0    ; 0          ; 0            ; 0       ; 0         ; 0    ; 0            ; 14 (14)      ; 0 (0)             ; 2 (2)            ; 0          ; |igor_de10_lite_top|igor_uart_top:system|igor_top:core|igor_costmap_bank:tiles[2].memory|altsyncram:memory_rtl_0|altsyncram_jdi1:auto_generated|mux_s1b:mux3       ; mux_s1b                      ; work         ;
;          |igor_costmap_bank:tiles[3].memory|     ; 18 (0)      ; 2 (0)                     ; 0 (0)         ; 262144      ; 32   ; 0          ; 0            ; 0       ; 0         ; 0    ; 0            ; 16 (0)       ; 2 (0)             ; 0 (0)            ; 0          ; |igor_de10_lite_top|igor_uart_top:system|igor_top:core|igor_costmap_bank:tiles[3].memory                                                                           ; igor_costmap_bank            ; work         ;
;             |altsyncram:memory_rtl_0|            ; 18 (0)      ; 2 (0)                     ; 0 (0)         ; 262144      ; 32   ; 0          ; 0            ; 0       ; 0         ; 0    ; 0            ; 16 (0)       ; 2 (0)             ; 0 (0)            ; 0          ; |igor_de10_lite_top|igor_uart_top:system|igor_top:core|igor_costmap_bank:tiles[3].memory|altsyncram:memory_rtl_0                                                   ; altsyncram                   ; work         ;
;                |altsyncram_jdi1:auto_generated|  ; 18 (2)      ; 2 (2)                     ; 0 (0)         ; 262144      ; 32   ; 0          ; 0            ; 0       ; 0         ; 0    ; 0            ; 16 (0)       ; 2 (2)             ; 0 (0)            ; 0          ; |igor_de10_lite_top|igor_uart_top:system|igor_top:core|igor_costmap_bank:tiles[3].memory|altsyncram:memory_rtl_0|altsyncram_jdi1:auto_generated                    ; altsyncram_jdi1              ; work         ;
;                   |mux_s1b:mux3|                 ; 16 (16)     ; 0 (0)                     ; 0 (0)         ; 0           ; 0    ; 0          ; 0            ; 0       ; 0         ; 0    ; 0            ; 16 (16)      ; 0 (0)             ; 0 (0)            ; 0          ; |igor_de10_lite_top|igor_uart_top:system|igor_top:core|igor_costmap_bank:tiles[3].memory|altsyncram:memory_rtl_0|altsyncram_jdi1:auto_generated|mux_s1b:mux3       ; mux_s1b                      ; work         ;
;          |igor_costmap_manager:maps|             ; 154 (154)   ; 115 (115)                 ; 0 (0)         ; 0           ; 0    ; 0          ; 0            ; 0       ; 0         ; 0    ; 0            ; 39 (39)      ; 32 (32)           ; 83 (83)          ; 0          ; |igor_de10_lite_top|igor_uart_top:system|igor_top:core|igor_costmap_manager:maps                                                                                   ; igor_costmap_manager         ; work         ;
;          |igor_rollout_tile:tiles[0].tile|       ; 693 (452)   ; 148 (148)                 ; 0 (0)         ; 0           ; 0    ; 0          ; 4            ; 0       ; 2         ; 0    ; 0            ; 545 (304)    ; 7 (7)             ; 141 (141)        ; 0          ; |igor_de10_lite_top|igor_uart_top:system|igor_top:core|igor_rollout_tile:tiles[0].tile                                                                             ; igor_rollout_tile            ; work         ;
;             |igor_candidate_generator:gen|       ; 47 (47)     ; 0 (0)                     ; 0 (0)         ; 0           ; 0    ; 0          ; 0            ; 0       ; 0         ; 0    ; 0            ; 47 (47)      ; 0 (0)             ; 0 (0)            ; 0          ; |igor_de10_lite_top|igor_uart_top:system|igor_top:core|igor_rollout_tile:tiles[0].tile|igor_candidate_generator:gen                                                ; igor_candidate_generator     ; work         ;
;             |igor_kinematic_step:stepper|        ; 161 (51)    ; 0 (0)                     ; 0 (0)         ; 0           ; 0    ; 0          ; 4            ; 0       ; 2         ; 0    ; 0            ; 161 (51)     ; 0 (0)             ; 0 (0)            ; 0          ; |igor_de10_lite_top|igor_uart_top:system|igor_top:core|igor_rollout_tile:tiles[0].tile|igor_kinematic_step:stepper                                                 ; igor_kinematic_step          ; work         ;
;                |igor_trig_lut:c|                 ; 58 (58)     ; 0 (0)                     ; 0 (0)         ; 0           ; 0    ; 0          ; 0            ; 0       ; 0         ; 0    ; 0            ; 58 (58)      ; 0 (0)             ; 0 (0)            ; 0          ; |igor_de10_lite_top|igor_uart_top:system|igor_top:core|igor_rollout_tile:tiles[0].tile|igor_kinematic_step:stepper|igor_trig_lut:c                                 ; igor_trig_lut                ; work         ;
;                |igor_trig_lut:s|                 ; 52 (52)     ; 0 (0)                     ; 0 (0)         ; 0           ; 0    ; 0          ; 0            ; 0       ; 0         ; 0    ; 0            ; 52 (52)      ; 0 (0)             ; 0 (0)            ; 0          ; |igor_de10_lite_top|igor_uart_top:system|igor_top:core|igor_rollout_tile:tiles[0].tile|igor_kinematic_step:stepper|igor_trig_lut:s                                 ; igor_trig_lut                ; work         ;
;                |lpm_mult:Mult0|                  ; 0 (0)       ; 0 (0)                     ; 0 (0)         ; 0           ; 0    ; 0          ; 2            ; 0       ; 1         ; 0    ; 0            ; 0 (0)        ; 0 (0)             ; 0 (0)            ; 0          ; |igor_de10_lite_top|igor_uart_top:system|igor_top:core|igor_rollout_tile:tiles[0].tile|igor_kinematic_step:stepper|lpm_mult:Mult0                                  ; lpm_mult                     ; work         ;
;                   |mult_dfs:auto_generated|      ; 0 (0)       ; 0 (0)                     ; 0 (0)         ; 0           ; 0    ; 0          ; 2            ; 0       ; 1         ; 0    ; 0            ; 0 (0)        ; 0 (0)             ; 0 (0)            ; 0          ; |igor_de10_lite_top|igor_uart_top:system|igor_top:core|igor_rollout_tile:tiles[0].tile|igor_kinematic_step:stepper|lpm_mult:Mult0|mult_dfs:auto_generated          ; mult_dfs                     ; work         ;
;                |lpm_mult:Mult1|                  ; 0 (0)       ; 0 (0)                     ; 0 (0)         ; 0           ; 0    ; 0          ; 2            ; 0       ; 1         ; 0    ; 0            ; 0 (0)        ; 0 (0)             ; 0 (0)            ; 0          ; |igor_de10_lite_top|igor_uart_top:system|igor_top:core|igor_rollout_tile:tiles[0].tile|igor_kinematic_step:stepper|lpm_mult:Mult1                                  ; lpm_mult                     ; work         ;
;                   |mult_dfs:auto_generated|      ; 0 (0)       ; 0 (0)                     ; 0 (0)         ; 0           ; 0    ; 0          ; 2            ; 0       ; 1         ; 0    ; 0            ; 0 (0)        ; 0 (0)             ; 0 (0)            ; 0          ; |igor_de10_lite_top|igor_uart_top:system|igor_top:core|igor_rollout_tile:tiles[0].tile|igor_kinematic_step:stepper|lpm_mult:Mult1|mult_dfs:auto_generated          ; mult_dfs                     ; work         ;
;             |igor_score_accumulator:acc|         ; 33 (33)     ; 0 (0)                     ; 0 (0)         ; 0           ; 0    ; 0          ; 0            ; 0       ; 0         ; 0    ; 0            ; 33 (33)      ; 0 (0)             ; 0 (0)            ; 0          ; |igor_de10_lite_top|igor_uart_top:system|igor_top:core|igor_rollout_tile:tiles[0].tile|igor_score_accumulator:acc                                                  ; igor_score_accumulator       ; work         ;
;          |igor_rollout_tile:tiles[1].tile|       ; 1073 (464)  ; 152 (152)                 ; 0 (0)         ; 0           ; 0    ; 0          ; 4            ; 0       ; 2         ; 0    ; 0            ; 921 (312)    ; 7 (7)             ; 145 (145)        ; 0          ; |igor_de10_lite_top|igor_uart_top:system|igor_top:core|igor_rollout_tile:tiles[1].tile                                                                             ; igor_rollout_tile            ; work         ;
;             |igor_candidate_generator:gen|       ; 49 (49)     ; 0 (0)                     ; 0 (0)         ; 0           ; 0    ; 0          ; 0            ; 0       ; 0         ; 0    ; 0            ; 49 (49)      ; 0 (0)             ; 0 (0)            ; 0          ; |igor_de10_lite_top|igor_uart_top:system|igor_top:core|igor_rollout_tile:tiles[1].tile|igor_candidate_generator:gen                                                ; igor_candidate_generator     ; work         ;
;             |igor_kinematic_step:stepper|        ; 527 (51)    ; 0 (0)                     ; 0 (0)         ; 0           ; 0    ; 0          ; 4            ; 0       ; 2         ; 0    ; 0            ; 527 (51)     ; 0 (0)             ; 0 (0)            ; 0          ; |igor_de10_lite_top|igor_uart_top:system|igor_top:core|igor_rollout_tile:tiles[1].tile|igor_kinematic_step:stepper                                                 ; igor_kinematic_step          ; work         ;
;                |igor_trig_lut:c|                 ; 265 (265)   ; 0 (0)                     ; 0 (0)         ; 0           ; 0    ; 0          ; 0            ; 0       ; 0         ; 0    ; 0            ; 265 (265)    ; 0 (0)             ; 0 (0)            ; 0          ; |igor_de10_lite_top|igor_uart_top:system|igor_top:core|igor_rollout_tile:tiles[1].tile|igor_kinematic_step:stepper|igor_trig_lut:c                                 ; igor_trig_lut                ; work         ;
;                |igor_trig_lut:s|                 ; 211 (211)   ; 0 (0)                     ; 0 (0)         ; 0           ; 0    ; 0          ; 0            ; 0       ; 0         ; 0    ; 0            ; 211 (211)    ; 0 (0)             ; 0 (0)            ; 0          ; |igor_de10_lite_top|igor_uart_top:system|igor_top:core|igor_rollout_tile:tiles[1].tile|igor_kinematic_step:stepper|igor_trig_lut:s                                 ; igor_trig_lut                ; work         ;
;                |lpm_mult:Mult0|                  ; 0 (0)       ; 0 (0)                     ; 0 (0)         ; 0           ; 0    ; 0          ; 2            ; 0       ; 1         ; 0    ; 0            ; 0 (0)        ; 0 (0)             ; 0 (0)            ; 0          ; |igor_de10_lite_top|igor_uart_top:system|igor_top:core|igor_rollout_tile:tiles[1].tile|igor_kinematic_step:stepper|lpm_mult:Mult0                                  ; lpm_mult                     ; work         ;
;                   |mult_dfs:auto_generated|      ; 0 (0)       ; 0 (0)                     ; 0 (0)         ; 0           ; 0    ; 0          ; 2            ; 0       ; 1         ; 0    ; 0            ; 0 (0)        ; 0 (0)             ; 0 (0)            ; 0          ; |igor_de10_lite_top|igor_uart_top:system|igor_top:core|igor_rollout_tile:tiles[1].tile|igor_kinematic_step:stepper|lpm_mult:Mult0|mult_dfs:auto_generated          ; mult_dfs                     ; work         ;
;                |lpm_mult:Mult1|                  ; 0 (0)       ; 0 (0)                     ; 0 (0)         ; 0           ; 0    ; 0          ; 2            ; 0       ; 1         ; 0    ; 0            ; 0 (0)        ; 0 (0)             ; 0 (0)            ; 0          ; |igor_de10_lite_top|igor_uart_top:system|igor_top:core|igor_rollout_tile:tiles[1].tile|igor_kinematic_step:stepper|lpm_mult:Mult1                                  ; lpm_mult                     ; work         ;
;                   |mult_dfs:auto_generated|      ; 0 (0)       ; 0 (0)                     ; 0 (0)         ; 0           ; 0    ; 0          ; 2            ; 0       ; 1         ; 0    ; 0            ; 0 (0)        ; 0 (0)             ; 0 (0)            ; 0          ; |igor_de10_lite_top|igor_uart_top:system|igor_top:core|igor_rollout_tile:tiles[1].tile|igor_kinematic_step:stepper|lpm_mult:Mult1|mult_dfs:auto_generated          ; mult_dfs                     ; work         ;
;             |igor_score_accumulator:acc|         ; 33 (33)     ; 0 (0)                     ; 0 (0)         ; 0           ; 0    ; 0          ; 0            ; 0       ; 0         ; 0    ; 0            ; 33 (33)      ; 0 (0)             ; 0 (0)            ; 0          ; |igor_de10_lite_top|igor_uart_top:system|igor_top:core|igor_rollout_tile:tiles[1].tile|igor_score_accumulator:acc                                                  ; igor_score_accumulator       ; work         ;
;          |igor_rollout_tile:tiles[2].tile|       ; 864 (463)   ; 151 (151)                 ; 0 (0)         ; 0           ; 0    ; 0          ; 4            ; 0       ; 2         ; 0    ; 0            ; 713 (312)    ; 10 (10)           ; 141 (141)        ; 0          ; |igor_de10_lite_top|igor_uart_top:system|igor_top:core|igor_rollout_tile:tiles[2].tile                                                                             ; igor_rollout_tile            ; work         ;
;             |igor_candidate_generator:gen|       ; 45 (45)     ; 0 (0)                     ; 0 (0)         ; 0           ; 0    ; 0          ; 0            ; 0       ; 0         ; 0    ; 0            ; 45 (45)      ; 0 (0)             ; 0 (0)            ; 0          ; |igor_de10_lite_top|igor_uart_top:system|igor_top:core|igor_rollout_tile:tiles[2].tile|igor_candidate_generator:gen                                                ; igor_candidate_generator     ; work         ;
;             |igor_kinematic_step:stepper|        ; 323 (51)    ; 0 (0)                     ; 0 (0)         ; 0           ; 0    ; 0          ; 4            ; 0       ; 2         ; 0    ; 0            ; 323 (51)     ; 0 (0)             ; 0 (0)            ; 0          ; |igor_de10_lite_top|igor_uart_top:system|igor_top:core|igor_rollout_tile:tiles[2].tile|igor_kinematic_step:stepper                                                 ; igor_kinematic_step          ; work         ;
;                |igor_trig_lut:c|                 ; 142 (142)   ; 0 (0)                     ; 0 (0)         ; 0           ; 0    ; 0          ; 0            ; 0       ; 0         ; 0    ; 0            ; 142 (142)    ; 0 (0)             ; 0 (0)            ; 0          ; |igor_de10_lite_top|igor_uart_top:system|igor_top:core|igor_rollout_tile:tiles[2].tile|igor_kinematic_step:stepper|igor_trig_lut:c                                 ; igor_trig_lut                ; work         ;
;                |igor_trig_lut:s|                 ; 130 (130)   ; 0 (0)                     ; 0 (0)         ; 0           ; 0    ; 0          ; 0            ; 0       ; 0         ; 0    ; 0            ; 130 (130)    ; 0 (0)             ; 0 (0)            ; 0          ; |igor_de10_lite_top|igor_uart_top:system|igor_top:core|igor_rollout_tile:tiles[2].tile|igor_kinematic_step:stepper|igor_trig_lut:s                                 ; igor_trig_lut                ; work         ;
;                |lpm_mult:Mult0|                  ; 0 (0)       ; 0 (0)                     ; 0 (0)         ; 0           ; 0    ; 0          ; 2            ; 0       ; 1         ; 0    ; 0            ; 0 (0)        ; 0 (0)             ; 0 (0)            ; 0          ; |igor_de10_lite_top|igor_uart_top:system|igor_top:core|igor_rollout_tile:tiles[2].tile|igor_kinematic_step:stepper|lpm_mult:Mult0                                  ; lpm_mult                     ; work         ;
;                   |mult_dfs:auto_generated|      ; 0 (0)       ; 0 (0)                     ; 0 (0)         ; 0           ; 0    ; 0          ; 2            ; 0       ; 1         ; 0    ; 0            ; 0 (0)        ; 0 (0)             ; 0 (0)            ; 0          ; |igor_de10_lite_top|igor_uart_top:system|igor_top:core|igor_rollout_tile:tiles[2].tile|igor_kinematic_step:stepper|lpm_mult:Mult0|mult_dfs:auto_generated          ; mult_dfs                     ; work         ;
;                |lpm_mult:Mult1|                  ; 0 (0)       ; 0 (0)                     ; 0 (0)         ; 0           ; 0    ; 0          ; 2            ; 0       ; 1         ; 0    ; 0            ; 0 (0)        ; 0 (0)             ; 0 (0)            ; 0          ; |igor_de10_lite_top|igor_uart_top:system|igor_top:core|igor_rollout_tile:tiles[2].tile|igor_kinematic_step:stepper|lpm_mult:Mult1                                  ; lpm_mult                     ; work         ;
;                   |mult_dfs:auto_generated|      ; 0 (0)       ; 0 (0)                     ; 0 (0)         ; 0           ; 0    ; 0          ; 2            ; 0       ; 1         ; 0    ; 0            ; 0 (0)        ; 0 (0)             ; 0 (0)            ; 0          ; |igor_de10_lite_top|igor_uart_top:system|igor_top:core|igor_rollout_tile:tiles[2].tile|igor_kinematic_step:stepper|lpm_mult:Mult1|mult_dfs:auto_generated          ; mult_dfs                     ; work         ;
;             |igor_score_accumulator:acc|         ; 33 (33)     ; 0 (0)                     ; 0 (0)         ; 0           ; 0    ; 0          ; 0            ; 0       ; 0         ; 0    ; 0            ; 33 (33)      ; 0 (0)             ; 0 (0)            ; 0          ; |igor_de10_lite_top|igor_uart_top:system|igor_top:core|igor_rollout_tile:tiles[2].tile|igor_score_accumulator:acc                                                  ; igor_score_accumulator       ; work         ;
;          |igor_rollout_tile:tiles[3].tile|       ; 1084 (464)  ; 154 (154)                 ; 0 (0)         ; 0           ; 0    ; 0          ; 4            ; 0       ; 2         ; 0    ; 0            ; 916 (310)    ; 9 (9)             ; 159 (145)        ; 0          ; |igor_de10_lite_top|igor_uart_top:system|igor_top:core|igor_rollout_tile:tiles[3].tile                                                                             ; igor_rollout_tile            ; work         ;
;             |igor_candidate_generator:gen|       ; 61 (61)     ; 0 (0)                     ; 0 (0)         ; 0           ; 0    ; 0          ; 0            ; 0       ; 0         ; 0    ; 0            ; 47 (47)      ; 0 (0)             ; 14 (14)          ; 0          ; |igor_de10_lite_top|igor_uart_top:system|igor_top:core|igor_rollout_tile:tiles[3].tile|igor_candidate_generator:gen                                                ; igor_candidate_generator     ; work         ;
;             |igor_kinematic_step:stepper|        ; 526 (51)    ; 0 (0)                     ; 0 (0)         ; 0           ; 0    ; 0          ; 4            ; 0       ; 2         ; 0    ; 0            ; 526 (51)     ; 0 (0)             ; 0 (0)            ; 0          ; |igor_de10_lite_top|igor_uart_top:system|igor_top:core|igor_rollout_tile:tiles[3].tile|igor_kinematic_step:stepper                                                 ; igor_kinematic_step          ; work         ;
;                |igor_trig_lut:c|                 ; 264 (264)   ; 0 (0)                     ; 0 (0)         ; 0           ; 0    ; 0          ; 0            ; 0       ; 0         ; 0    ; 0            ; 264 (264)    ; 0 (0)             ; 0 (0)            ; 0          ; |igor_de10_lite_top|igor_uart_top:system|igor_top:core|igor_rollout_tile:tiles[3].tile|igor_kinematic_step:stepper|igor_trig_lut:c                                 ; igor_trig_lut                ; work         ;
;                |igor_trig_lut:s|                 ; 211 (211)   ; 0 (0)                     ; 0 (0)         ; 0           ; 0    ; 0          ; 0            ; 0       ; 0         ; 0    ; 0            ; 211 (211)    ; 0 (0)             ; 0 (0)            ; 0          ; |igor_de10_lite_top|igor_uart_top:system|igor_top:core|igor_rollout_tile:tiles[3].tile|igor_kinematic_step:stepper|igor_trig_lut:s                                 ; igor_trig_lut                ; work         ;
;                |lpm_mult:Mult0|                  ; 0 (0)       ; 0 (0)                     ; 0 (0)         ; 0           ; 0    ; 0          ; 2            ; 0       ; 1         ; 0    ; 0            ; 0 (0)        ; 0 (0)             ; 0 (0)            ; 0          ; |igor_de10_lite_top|igor_uart_top:system|igor_top:core|igor_rollout_tile:tiles[3].tile|igor_kinematic_step:stepper|lpm_mult:Mult0                                  ; lpm_mult                     ; work         ;
;                   |mult_dfs:auto_generated|      ; 0 (0)       ; 0 (0)                     ; 0 (0)         ; 0           ; 0    ; 0          ; 2            ; 0       ; 1         ; 0    ; 0            ; 0 (0)        ; 0 (0)             ; 0 (0)            ; 0          ; |igor_de10_lite_top|igor_uart_top:system|igor_top:core|igor_rollout_tile:tiles[3].tile|igor_kinematic_step:stepper|lpm_mult:Mult0|mult_dfs:auto_generated          ; mult_dfs                     ; work         ;
;                |lpm_mult:Mult1|                  ; 0 (0)       ; 0 (0)                     ; 0 (0)         ; 0           ; 0    ; 0          ; 2            ; 0       ; 1         ; 0    ; 0            ; 0 (0)        ; 0 (0)             ; 0 (0)            ; 0          ; |igor_de10_lite_top|igor_uart_top:system|igor_top:core|igor_rollout_tile:tiles[3].tile|igor_kinematic_step:stepper|lpm_mult:Mult1                                  ; lpm_mult                     ; work         ;
;                   |mult_dfs:auto_generated|      ; 0 (0)       ; 0 (0)                     ; 0 (0)         ; 0           ; 0    ; 0          ; 2            ; 0       ; 1         ; 0    ; 0            ; 0 (0)        ; 0 (0)             ; 0 (0)            ; 0          ; |igor_de10_lite_top|igor_uart_top:system|igor_top:core|igor_rollout_tile:tiles[3].tile|igor_kinematic_step:stepper|lpm_mult:Mult1|mult_dfs:auto_generated          ; mult_dfs                     ; work         ;
;             |igor_score_accumulator:acc|         ; 33 (33)     ; 0 (0)                     ; 0 (0)         ; 0           ; 0    ; 0          ; 0            ; 0       ; 0         ; 0    ; 0            ; 33 (33)      ; 0 (0)             ; 0 (0)            ; 0          ; |igor_de10_lite_top|igor_uart_top:system|igor_top:core|igor_rollout_tile:tiles[3].tile|igor_score_accumulator:acc                                                  ; igor_score_accumulator       ; work         ;
;          |igor_safety_security_gate:gate|        ; 96 (96)     ; 0 (0)                     ; 0 (0)         ; 0           ; 0    ; 0          ; 0            ; 0       ; 0         ; 0    ; 0            ; 93 (93)      ; 0 (0)             ; 3 (3)            ; 0          ; |igor_de10_lite_top|igor_uart_top:system|igor_top:core|igor_safety_security_gate:gate                                                                              ; igor_safety_security_gate    ; work         ;
;       |igor_uart_protocol:serial|                ; 421 (288)   ; 265 (192)                 ; 0 (0)         ; 0           ; 0    ; 0          ; 0            ; 0       ; 0         ; 0    ; 0            ; 156 (96)     ; 37 (32)           ; 228 (163)        ; 0          ; |igor_de10_lite_top|igor_uart_top:system|igor_uart_protocol:serial                                                                                                 ; igor_uart_protocol           ; work         ;
;          |igor_uart_rx:receiver|                 ; 90 (90)     ; 43 (43)                   ; 0 (0)         ; 0           ; 0    ; 0          ; 0            ; 0       ; 0         ; 0    ; 0            ; 47 (47)      ; 5 (5)             ; 38 (38)          ; 0          ; |igor_de10_lite_top|igor_uart_top:system|igor_uart_protocol:serial|igor_uart_rx:receiver                                                                           ; igor_uart_rx                 ; work         ;
;          |igor_uart_tx:transmitter|              ; 43 (43)     ; 30 (30)                   ; 0 (0)         ; 0           ; 0    ; 0          ; 0            ; 0       ; 0         ; 0    ; 0            ; 13 (13)      ; 0 (0)             ; 30 (30)          ; 0          ; |igor_de10_lite_top|igor_uart_top:system|igor_uart_protocol:serial|igor_uart_tx:transmitter                                                                        ; igor_uart_tx                 ; work         ;
+--------------------------------------------------+-------------+---------------------------+---------------+-------------+------+------------+--------------+---------+-----------+------+--------------+--------------+-------------------+------------------+------------+--------------------------------------------------------------------------------------------------------------------------------------------------------------------+------------------------------+--------------+
Note: For table entries with two numbers listed, the numbers in parentheses indicate the number of resources of the given type used by the specific entity alone. The numbers listed outside of parentheses indicate the total resources of the given type used by the specific entity and all of its sub-entities in the hierarchy.


+-----------------------------------------------------------------------------------------------+
; Delay Chain Summary                                                                           ;
+---------------+----------+---------------+---------------+-----------------------+-----+------+
; Name          ; Pin Type ; Pad to Core 0 ; Pad to Core 1 ; Pad to Input Register ; TCO ; TCOE ;
+---------------+----------+---------------+---------------+-----------------------+-----+------+
; SW[0]         ; Input    ; --            ; --            ; --                    ; --  ; --   ;
; SW[1]         ; Input    ; --            ; --            ; --                    ; --  ; --   ;
; UART_TX       ; Output   ; --            ; --            ; --                    ; --  ; --   ;
; LEDR[0]       ; Output   ; --            ; --            ; --                    ; --  ; --   ;
; LEDR[1]       ; Output   ; --            ; --            ; --                    ; --  ; --   ;
; LEDR[2]       ; Output   ; --            ; --            ; --                    ; --  ; --   ;
; LEDR[3]       ; Output   ; --            ; --            ; --                    ; --  ; --   ;
; LEDR[4]       ; Output   ; --            ; --            ; --                    ; --  ; --   ;
; LEDR[5]       ; Output   ; --            ; --            ; --                    ; --  ; --   ;
; LEDR[6]       ; Output   ; --            ; --            ; --                    ; --  ; --   ;
; LEDR[7]       ; Output   ; --            ; --            ; --                    ; --  ; --   ;
; LEDR[8]       ; Output   ; --            ; --            ; --                    ; --  ; --   ;
; LEDR[9]       ; Output   ; --            ; --            ; --                    ; --  ; --   ;
; KEY[1]        ; Input    ; (6) 868 ps    ; --            ; --                    ; --  ; --   ;
; MAX10_CLK1_50 ; Input    ; (0) 0 ps      ; --            ; --                    ; --  ; --   ;
; KEY[0]        ; Input    ; (6) 868 ps    ; --            ; --                    ; --  ; --   ;
; SW[3]         ; Input    ; (6) 868 ps    ; --            ; --                    ; --  ; --   ;
; SW[2]         ; Input    ; --            ; (6) 868 ps    ; --                    ; --  ; --   ;
; UART_RX       ; Input    ; --            ; (0) 0 ps      ; --                    ; --  ; --   ;
+---------------+----------+---------------+---------------+-----------------------+-----+------+


+-------------------------------------------------------------------------------------------------------------------------+
; Pad To Core Delay Chain Fanout                                                                                          ;
+-------------------------------------------------------------------------------------------+-------------------+---------+
; Source Pin / Fanout                                                                       ; Pad To Core Index ; Setting ;
+-------------------------------------------------------------------------------------------+-------------------+---------+
; SW[0]                                                                                     ;                   ;         ;
; SW[1]                                                                                     ;                   ;         ;
; KEY[1]                                                                                    ;                   ;         ;
;      - igor_uart_top:system|igor_top:core|igor_safety_security_gate:gate|fault_code[3]~6  ; 0                 ; 6       ;
;      - igor_uart_top:system|igor_top:core|igor_safety_security_gate:gate|fault_code[0]~13 ; 0                 ; 6       ;
;      - igor_uart_top:system|igor_top:core|igor_safety_security_gate:gate|fault_code[1]~20 ; 0                 ; 6       ;
;      - igor_uart_top:system|igor_top:core|igor_safety_security_gate:gate|fault_code[3]~21 ; 0                 ; 6       ;
; MAX10_CLK1_50                                                                             ;                   ;         ;
; KEY[0]                                                                                    ;                   ;         ;
;      - igor_uart_top:system|reset_sync[0]                                                 ; 0                 ; 6       ;
;      - igor_uart_top:system|reset_sync[1]                                                 ; 0                 ; 6       ;
;      - heartbeat[25]                                                                      ; 0                 ; 6       ;
;      - activity[0]                                                                        ; 0                 ; 6       ;
;      - activity[1]                                                                        ; 0                 ; 6       ;
;      - activity[2]                                                                        ; 0                 ; 6       ;
;      - activity[3]                                                                        ; 0                 ; 6       ;
;      - activity[4]                                                                        ; 0                 ; 6       ;
;      - activity[5]                                                                        ; 0                 ; 6       ;
;      - activity[6]                                                                        ; 0                 ; 6       ;
;      - activity[7]                                                                        ; 0                 ; 6       ;
;      - activity[8]                                                                        ; 0                 ; 6       ;
;      - activity[9]                                                                        ; 0                 ; 6       ;
;      - activity[10]                                                                       ; 0                 ; 6       ;
;      - activity[11]                                                                       ; 0                 ; 6       ;
;      - activity[12]                                                                       ; 0                 ; 6       ;
;      - activity[13]                                                                       ; 0                 ; 6       ;
;      - activity[14]                                                                       ; 0                 ; 6       ;
;      - activity[15]                                                                       ; 0                 ; 6       ;
;      - activity[16]                                                                       ; 0                 ; 6       ;
;      - activity[17]                                                                       ; 0                 ; 6       ;
;      - activity[18]                                                                       ; 0                 ; 6       ;
;      - activity[19]                                                                       ; 0                 ; 6       ;
;      - activity[20]                                                                       ; 0                 ; 6       ;
;      - activity[21]                                                                       ; 0                 ; 6       ;
;      - activity[22]                                                                       ; 0                 ; 6       ;
;      - heartbeat[24]                                                                      ; 0                 ; 6       ;
;      - heartbeat[23]                                                                      ; 0                 ; 6       ;
;      - heartbeat[22]                                                                      ; 0                 ; 6       ;
;      - heartbeat[21]                                                                      ; 0                 ; 6       ;
;      - heartbeat[20]                                                                      ; 0                 ; 6       ;
;      - heartbeat[19]                                                                      ; 0                 ; 6       ;
;      - heartbeat[18]                                                                      ; 0                 ; 6       ;
;      - heartbeat[17]                                                                      ; 0                 ; 6       ;
;      - heartbeat[16]                                                                      ; 0                 ; 6       ;
;      - heartbeat[15]                                                                      ; 0                 ; 6       ;
;      - heartbeat[14]                                                                      ; 0                 ; 6       ;
;      - heartbeat[13]                                                                      ; 0                 ; 6       ;
;      - heartbeat[12]                                                                      ; 0                 ; 6       ;
;      - heartbeat[11]                                                                      ; 0                 ; 6       ;
;      - heartbeat[10]                                                                      ; 0                 ; 6       ;
;      - heartbeat[9]                                                                       ; 0                 ; 6       ;
;      - heartbeat[8]                                                                       ; 0                 ; 6       ;
;      - heartbeat[7]                                                                       ; 0                 ; 6       ;
;      - heartbeat[6]                                                                       ; 0                 ; 6       ;
;      - heartbeat[5]                                                                       ; 0                 ; 6       ;
;      - heartbeat[4]                                                                       ; 0                 ; 6       ;
;      - heartbeat[3]                                                                       ; 0                 ; 6       ;
;      - heartbeat[2]                                                                       ; 0                 ; 6       ;
;      - heartbeat[1]                                                                       ; 0                 ; 6       ;
;      - heartbeat[0]                                                                       ; 0                 ; 6       ;
;      - rx_sync                                                                            ; 0                 ; 6       ;
;      - rx_previous                                                                        ; 0                 ; 6       ;
;      - rx_meta                                                                            ; 0                 ; 6       ;
; SW[3]                                                                                     ;                   ;         ;
;      - igor_uart_top:system|sw_meta[3]~feeder                                             ; 0                 ; 6       ;
; SW[2]                                                                                     ;                   ;         ;
;      - igor_uart_top:system|sw_meta[2]                                                    ; 1                 ; 6       ;
; UART_RX                                                                                   ;                   ;         ;
;      - rx_meta~0                                                                          ; 1                 ; 0       ;
;      - igor_uart_top:system|igor_uart_protocol:serial|igor_uart_rx:receiver|meta~0        ; 1                 ; 0       ;
+-------------------------------------------------------------------------------------------+-------------------+---------+


+-----------------------------------------------------------------------------------------------------------------------------------------------------------------------------------------------------------------------------------------------------------------------------------------------------------+
; Control Signals                                                                                                                                                                                                                                                                                           ;
+-----------------------------------------------------------------------------------------------------------------------------------------------------------------+--------------------+---------+---------------------------+--------+----------------------+------------------+---------------------------+
; Name                                                                                                                                                            ; Location           ; Fan-Out ; Usage                     ; Global ; Global Resource Used ; Global Line Name ; Enable Signal Source Name ;
+-----------------------------------------------------------------------------------------------------------------------------------------------------------------+--------------------+---------+---------------------------+--------+----------------------+------------------+---------------------------+
; KEY[0]                                                                                                                                                          ; PIN_B8             ; 54      ; Async. clear              ; no     ; --                   ; --               ; --                        ;
; MAX10_CLK1_50                                                                                                                                                   ; PIN_P11            ; 1680    ; Clock                     ; yes    ; Global Clock         ; GCLK19           ; --                        ;
; activity[3]~25                                                                                                                                                  ; LCCOMB_X44_Y36_N8  ; 23      ; Clock enable              ; no     ; --                   ; --               ; --                        ;
; always0~0                                                                                                                                                       ; LCCOMB_X42_Y32_N26 ; 24      ; Sync. load                ; no     ; --                   ; --               ; --                        ;
; igor_uart_top:system|igor_neural_core:neural|Add6~12                                                                                                            ; LCCOMB_X51_Y28_N6  ; 41      ; Clock enable              ; no     ; --                   ; --               ; --                        ;
; igor_uart_top:system|igor_neural_core:neural|Selector12~0                                                                                                       ; LCCOMB_X37_Y26_N10 ; 36      ; Sync. clear               ; no     ; --                   ; --               ; --                        ;
; igor_uart_top:system|igor_neural_core:neural|WideOr7~0                                                                                                          ; LCCOMB_X51_Y28_N2  ; 13      ; Clock enable              ; no     ; --                   ; --               ; --                        ;
; igor_uart_top:system|igor_neural_core:neural|comb~1                                                                                                             ; LCCOMB_X47_Y28_N24 ; 3       ; Write enable              ; no     ; --                   ; --               ; --                        ;
; igor_uart_top:system|igor_neural_core:neural|comb~2                                                                                                             ; LCCOMB_X38_Y27_N2  ; 3       ; Write enable              ; no     ; --                   ; --               ; --                        ;
; igor_uart_top:system|igor_neural_core:neural|comb~3                                                                                                             ; LCCOMB_X47_Y28_N6  ; 3       ; Write enable              ; no     ; --                   ; --               ; --                        ;
; igor_uart_top:system|igor_neural_core:neural|h1~23                                                                                                              ; LCCOMB_X49_Y28_N16 ; 15      ; Clock enable              ; no     ; --                   ; --               ; --                        ;
; igor_uart_top:system|igor_neural_core:neural|h2~21                                                                                                              ; LCCOMB_X51_Y28_N30 ; 15      ; Clock enable              ; no     ; --                   ; --               ; --                        ;
; igor_uart_top:system|igor_neural_core:neural|inputs~18                                                                                                          ; LCCOMB_X38_Y27_N30 ; 16      ; Clock enable              ; no     ; --                   ; --               ; --                        ;
; igor_uart_top:system|igor_neural_core:neural|layer[0]~0                                                                                                         ; LCCOMB_X47_Y28_N28 ; 2       ; Clock enable              ; no     ; --                   ; --               ; --                        ;
; igor_uart_top:system|igor_neural_core:neural|neuron[0]~12                                                                                                       ; LCCOMB_X47_Y28_N12 ; 9       ; Clock enable              ; no     ; --                   ; --               ; --                        ;
; igor_uart_top:system|igor_neural_core:neural|operand[12]~28                                                                                                     ; LCCOMB_X49_Y28_N20 ; 16      ; Sync. load                ; no     ; --                   ; --               ; --                        ;
; igor_uart_top:system|igor_neural_core:neural|outputs~80                                                                                                         ; LCCOMB_X49_Y28_N4  ; 16      ; Clock enable              ; no     ; --                   ; --               ; --                        ;
; igor_uart_top:system|igor_neural_core:neural|outputs~81                                                                                                         ; LCCOMB_X49_Y28_N30 ; 16      ; Clock enable              ; no     ; --                   ; --               ; --                        ;
; igor_uart_top:system|igor_neural_core:neural|outputs~82                                                                                                         ; LCCOMB_X49_Y28_N28 ; 16      ; Clock enable              ; no     ; --                   ; --               ; --                        ;
; igor_uart_top:system|igor_neural_core:neural|outputs~83                                                                                                         ; LCCOMB_X49_Y28_N14 ; 16      ; Clock enable              ; no     ; --                   ; --               ; --                        ;
; igor_uart_top:system|igor_neural_core:neural|state.0100                                                                                                         ; FF_X51_Y28_N9      ; 31      ; Clock enable, Sync. load  ; no     ; --                   ; --               ; --                        ;
; igor_uart_top:system|igor_neural_core:neural|state.0111                                                                                                         ; FF_X50_Y28_N9      ; 11      ; Sync. clear               ; no     ; --                   ; --               ; --                        ;
; igor_uart_top:system|igor_top:core|Selector2~0                                                                                                                  ; LCCOMB_X43_Y16_N10 ; 33      ; Clock enable              ; no     ; --                   ; --               ; --                        ;
; igor_uart_top:system|igor_top:core|abort_run                                                                                                                    ; LCCOMB_X29_Y12_N4  ; 396     ; Clock enable, Sync. clear ; no     ; --                   ; --               ; --                        ;
; igor_uart_top:system|igor_top:core|elapsed[11]~12                                                                                                               ; LCCOMB_X45_Y17_N0  ; 32      ; Clock enable              ; no     ; --                   ; --               ; --                        ;
; igor_uart_top:system|igor_top:core|igor_config_registers:cfg|max_dv[0]~0                                                                                        ; LCCOMB_X38_Y20_N20 ; 19      ; Clock enable              ; no     ; --                   ; --               ; --                        ;
; igor_uart_top:system|igor_top:core|igor_costmap_bank:tiles[0].memory|altsyncram:memory_rtl_0|altsyncram_jdi1:auto_generated|decode_c7a:decode2|w_anode279w[2]~0 ; LCCOMB_X38_Y18_N0  ; 32      ; Write enable              ; no     ; --                   ; --               ; --                        ;
; igor_uart_top:system|igor_top:core|igor_costmap_bank:tiles[0].memory|altsyncram:memory_rtl_0|altsyncram_jdi1:auto_generated|decode_c7a:decode2|w_anode292w[2]~0 ; LCCOMB_X38_Y18_N22 ; 32      ; Write enable              ; no     ; --                   ; --               ; --                        ;
; igor_uart_top:system|igor_top:core|igor_costmap_bank:tiles[0].memory|altsyncram:memory_rtl_0|altsyncram_jdi1:auto_generated|decode_c7a:decode2|w_anode300w[2]   ; LCCOMB_X38_Y18_N16 ; 32      ; Write enable              ; no     ; --                   ; --               ; --                        ;
; igor_uart_top:system|igor_top:core|igor_costmap_bank:tiles[0].memory|altsyncram:memory_rtl_0|altsyncram_jdi1:auto_generated|decode_c7a:decode2|w_anode308w[2]~0 ; LCCOMB_X38_Y18_N30 ; 32      ; Write enable              ; no     ; --                   ; --               ; --                        ;
; igor_uart_top:system|igor_top:core|igor_costmap_manager:maps|age[23]~91                                                                                         ; LCCOMB_X36_Y24_N0  ; 32      ; Clock enable              ; no     ; --                   ; --               ; --                        ;
; igor_uart_top:system|igor_top:core|igor_costmap_manager:maps|age~81                                                                                             ; LCCOMB_X37_Y22_N22 ; 66      ; Clock enable, Sync. load  ; no     ; --                   ; --               ; --                        ;
; igor_uart_top:system|igor_top:core|igor_costmap_manager:maps|count~54                                                                                           ; LCCOMB_X37_Y22_N14 ; 15      ; Clock enable              ; no     ; --                   ; --               ; --                        ;
; igor_uart_top:system|igor_top:core|igor_costmap_manager:maps|pending_sequence[31]~0                                                                             ; LCCOMB_X37_Y22_N0  ; 34      ; Clock enable              ; no     ; --                   ; --               ; --                        ;
; igor_uart_top:system|igor_top:core|igor_rollout_tile:tiles[0].tile|best_score[31]~3                                                                             ; LCCOMB_X36_Y9_N8   ; 39      ; Clock enable              ; no     ; --                   ; --               ; --                        ;
; igor_uart_top:system|igor_top:core|igor_rollout_tile:tiles[0].tile|candidate_index[8]~26                                                                        ; LCCOMB_X42_Y8_N6   ; 9       ; Clock enable              ; no     ; --                   ; --               ; --                        ;
; igor_uart_top:system|igor_top:core|igor_rollout_tile:tiles[0].tile|state.FINISH                                                                                 ; FF_X42_Y5_N3       ; 13      ; Sync. clear               ; no     ; --                   ; --               ; --                        ;
; igor_uart_top:system|igor_top:core|igor_rollout_tile:tiles[0].tile|state.SCORE                                                                                  ; FF_X41_Y5_N3       ; 45      ; Sync. load                ; no     ; --                   ; --               ; --                        ;
; igor_uart_top:system|igor_top:core|igor_rollout_tile:tiles[0].tile|state.STEP                                                                                   ; FF_X42_Y5_N1       ; 59      ; Sync. load                ; no     ; --                   ; --               ; --                        ;
; igor_uart_top:system|igor_top:core|igor_rollout_tile:tiles[0].tile|y[14]~0                                                                                      ; LCCOMB_X42_Y5_N4   ; 2       ; Clock enable              ; no     ; --                   ; --               ; --                        ;
; igor_uart_top:system|igor_top:core|igor_rollout_tile:tiles[1].tile|best_score[31]~8                                                                             ; LCCOMB_X41_Y9_N10  ; 40      ; Clock enable              ; no     ; --                   ; --               ; --                        ;
; igor_uart_top:system|igor_top:core|igor_rollout_tile:tiles[1].tile|candidate_index[8]~27                                                                        ; LCCOMB_X42_Y12_N8  ; 9       ; Clock enable              ; no     ; --                   ; --               ; --                        ;
; igor_uart_top:system|igor_top:core|igor_rollout_tile:tiles[1].tile|state.FINISH                                                                                 ; FF_X42_Y12_N17     ; 13      ; Sync. clear               ; no     ; --                   ; --               ; --                        ;
; igor_uart_top:system|igor_top:core|igor_rollout_tile:tiles[1].tile|state.SCORE                                                                                  ; FF_X42_Y12_N31     ; 45      ; Sync. load                ; no     ; --                   ; --               ; --                        ;
; igor_uart_top:system|igor_top:core|igor_rollout_tile:tiles[1].tile|state.STEP                                                                                   ; FF_X42_Y12_N1      ; 61      ; Sync. load                ; no     ; --                   ; --               ; --                        ;
; igor_uart_top:system|igor_top:core|igor_rollout_tile:tiles[1].tile|x[14]~0                                                                                      ; LCCOMB_X43_Y6_N26  ; 2       ; Clock enable              ; no     ; --                   ; --               ; --                        ;
; igor_uart_top:system|igor_top:core|igor_rollout_tile:tiles[2].tile|best_score[31]~8                                                                             ; LCCOMB_X29_Y12_N20 ; 40      ; Clock enable              ; no     ; --                   ; --               ; --                        ;
; igor_uart_top:system|igor_top:core|igor_rollout_tile:tiles[2].tile|candidate_index[8]~27                                                                        ; LCCOMB_X42_Y12_N22 ; 9       ; Clock enable              ; no     ; --                   ; --               ; --                        ;
; igor_uart_top:system|igor_top:core|igor_rollout_tile:tiles[2].tile|state.FINISH                                                                                 ; FF_X31_Y15_N21     ; 13      ; Sync. clear               ; no     ; --                   ; --               ; --                        ;
; igor_uart_top:system|igor_top:core|igor_rollout_tile:tiles[2].tile|state.SCORE                                                                                  ; FF_X31_Y15_N3      ; 45      ; Sync. load                ; no     ; --                   ; --               ; --                        ;
; igor_uart_top:system|igor_top:core|igor_rollout_tile:tiles[2].tile|state.STEP                                                                                   ; FF_X29_Y13_N17     ; 60      ; Sync. load                ; no     ; --                   ; --               ; --                        ;
; igor_uart_top:system|igor_top:core|igor_rollout_tile:tiles[2].tile|y[14]~0                                                                                      ; LCCOMB_X26_Y14_N24 ; 2       ; Clock enable              ; no     ; --                   ; --               ; --                        ;
; igor_uart_top:system|igor_top:core|igor_rollout_tile:tiles[3].tile|best_score[31]~8                                                                             ; LCCOMB_X31_Y10_N24 ; 41      ; Clock enable              ; no     ; --                   ; --               ; --                        ;
; igor_uart_top:system|igor_top:core|igor_rollout_tile:tiles[3].tile|candidate_index[1]~26                                                                        ; LCCOMB_X35_Y8_N12  ; 2       ; Clock enable              ; no     ; --                   ; --               ; --                        ;
; igor_uart_top:system|igor_top:core|igor_rollout_tile:tiles[3].tile|candidate_index[8]~27                                                                        ; LCCOMB_X35_Y8_N30  ; 9       ; Clock enable              ; no     ; --                   ; --               ; --                        ;
; igor_uart_top:system|igor_top:core|igor_rollout_tile:tiles[3].tile|state.FINISH                                                                                 ; FF_X29_Y9_N11      ; 13      ; Sync. clear               ; no     ; --                   ; --               ; --                        ;
; igor_uart_top:system|igor_top:core|igor_rollout_tile:tiles[3].tile|state.SCORE                                                                                  ; FF_X29_Y9_N23      ; 45      ; Sync. load                ; no     ; --                   ; --               ; --                        ;
; igor_uart_top:system|igor_top:core|igor_rollout_tile:tiles[3].tile|state.STEP                                                                                   ; FF_X35_Y8_N25      ; 61      ; Sync. load                ; no     ; --                   ; --               ; --                        ;
; igor_uart_top:system|igor_top:core|igor_rollout_tile:tiles[3].tile|y[14]~0                                                                                      ; LCCOMB_X30_Y6_N20  ; 2       ; Clock enable              ; no     ; --                   ; --               ; --                        ;
; igor_uart_top:system|igor_top:core|previous_v[0]~0                                                                                                              ; LCCOMB_X37_Y17_N4  ; 11      ; Clock enable              ; no     ; --                   ; --               ; --                        ;
; igor_uart_top:system|igor_top:core|run_previous_v[3]~1                                                                                                          ; LCCOMB_X40_Y20_N26 ; 12      ; Clock enable              ; no     ; --                   ; --               ; --                        ;
; igor_uart_top:system|igor_uart_protocol:serial|always1~8                                                                                                        ; LCCOMB_X41_Y21_N18 ; 12      ; Clock enable              ; no     ; --                   ; --               ; --                        ;
; igor_uart_top:system|igor_uart_protocol:serial|crc[3]~5                                                                                                         ; LCCOMB_X38_Y22_N22 ; 3       ; Clock enable              ; no     ; --                   ; --               ; --                        ;
; igor_uart_top:system|igor_uart_protocol:serial|crc[7]~1                                                                                                         ; LCCOMB_X39_Y22_N2  ; 5       ; Clock enable              ; no     ; --                   ; --               ; --                        ;
; igor_uart_top:system|igor_uart_protocol:serial|igor_uart_rx:receiver|valid                                                                                      ; FF_X39_Y24_N9      ; 41      ; Sync. clear               ; no     ; --                   ; --               ; --                        ;
; igor_uart_top:system|igor_uart_protocol:serial|igor_uart_rx:receiver|valid~0                                                                                    ; LCCOMB_X39_Y24_N8  ; 9       ; Clock enable              ; no     ; --                   ; --               ; --                        ;
; igor_uart_top:system|igor_uart_protocol:serial|igor_uart_tx:transmitter|busy                                                                                    ; FF_X41_Y21_N21     ; 21      ; Sync. load                ; no     ; --                   ; --               ; --                        ;
; igor_uart_top:system|igor_uart_protocol:serial|igor_uart_tx:transmitter|count[3]~18                                                                             ; LCCOMB_X41_Y21_N28 ; 16      ; Sync. load                ; no     ; --                   ; --               ; --                        ;
; igor_uart_top:system|igor_uart_protocol:serial|igor_uart_tx:transmitter|count[3]~19                                                                             ; LCCOMB_X41_Y21_N10 ; 16      ; Clock enable              ; no     ; --                   ; --               ; --                        ;
; igor_uart_top:system|igor_uart_protocol:serial|igor_uart_tx:transmitter|shift~1                                                                                 ; LCCOMB_X41_Y21_N4  ; 9       ; Clock enable              ; no     ; --                   ; --               ; --                        ;
; igor_uart_top:system|igor_uart_protocol:serial|opcode[7]~2                                                                                                      ; LCCOMB_X38_Y22_N28 ; 8       ; Clock enable              ; no     ; --                   ; --               ; --                        ;
; igor_uart_top:system|igor_uart_protocol:serial|out_pos~0                                                                                                        ; LCCOMB_X41_Y18_N10 ; 53      ; Clock enable              ; no     ; --                   ; --               ; --                        ;
; igor_uart_top:system|igor_uart_protocol:serial|payload[0]~0                                                                                                     ; LCCOMB_X38_Y22_N14 ; 8       ; Clock enable              ; no     ; --                   ; --               ; --                        ;
; igor_uart_top:system|igor_uart_protocol:serial|payload[14]~1                                                                                                    ; LCCOMB_X38_Y22_N0  ; 8       ; Clock enable              ; no     ; --                   ; --               ; --                        ;
; igor_uart_top:system|igor_uart_protocol:serial|payload[16]~3                                                                                                    ; LCCOMB_X38_Y22_N24 ; 8       ; Clock enable              ; no     ; --                   ; --               ; --                        ;
; igor_uart_top:system|igor_uart_protocol:serial|payload[31]~2                                                                                                    ; LCCOMB_X38_Y22_N30 ; 8       ; Clock enable              ; no     ; --                   ; --               ; --                        ;
; igor_uart_top:system|igor_uart_protocol:serial|received_crc[7]~4                                                                                                ; LCCOMB_X38_Y22_N26 ; 8       ; Clock enable              ; no     ; --                   ; --               ; --                        ;
; igor_uart_top:system|igor_uart_protocol:serial|response_sample[0]~5                                                                                             ; LCCOMB_X41_Y18_N24 ; 32      ; Clock enable              ; no     ; --                   ; --               ; --                        ;
; igor_uart_top:system|igor_uart_protocol:serial|timer[6]~46                                                                                                      ; LCCOMB_X39_Y22_N20 ; 32      ; Clock enable              ; no     ; --                   ; --               ; --                        ;
; igor_uart_top:system|mb                                                                                                                                         ; LCCOMB_X38_Y20_N6  ; 19      ; Sync. clear               ; no     ; --                   ; --               ; --                        ;
; igor_uart_top:system|reset_sync[1]                                                                                                                              ; FF_X39_Y20_N1      ; 1286    ; Async. clear              ; yes    ; Global Clock         ; GCLK12           ; --                        ;
+-----------------------------------------------------------------------------------------------------------------------------------------------------------------+--------------------+---------+---------------------------+--------+----------------------+------------------+---------------------------+


+---------------------------------------------------------------------------------------------------------------------------------------------------------------------------+
; Global & Other Fast Signals                                                                                                                                               ;
+------------------------------------+---------------+---------+--------------------------------------+----------------------+------------------+---------------------------+
; Name                               ; Location      ; Fan-Out ; Fan-Out Using Intentional Clock Skew ; Global Resource Used ; Global Line Name ; Enable Signal Source Name ;
+------------------------------------+---------------+---------+--------------------------------------+----------------------+------------------+---------------------------+
; MAX10_CLK1_50                      ; PIN_P11       ; 1680    ; 27                                   ; Global Clock         ; GCLK19           ; --                        ;
; igor_uart_top:system|reset_sync[1] ; FF_X39_Y20_N1 ; 1286    ; 0                                    ; Global Clock         ; GCLK12           ; --                        ;
+------------------------------------+---------------+---------+--------------------------------------+----------------------+------------------+---------------------------+


+----------------------------------------------------------------------+
; Non-Global High Fan-Out Signals                                      ;
+------------------------------------------------------------+---------+
; Name                                                       ; Fan-Out ;
+------------------------------------------------------------+---------+
; igor_uart_top:system|igor_uart_protocol:serial|payload[1]  ; 2224    ;
; igor_uart_top:system|igor_uart_protocol:serial|payload[0]  ; 2195    ;
; igor_uart_top:system|igor_uart_protocol:serial|payload[2]  ; 2181    ;
; igor_uart_top:system|igor_neural_core:neural|address[1]    ; 2062    ;
; igor_uart_top:system|igor_neural_core:neural|address[0]    ; 2043    ;
; igor_uart_top:system|igor_neural_core:neural|address[2]    ; 2028    ;
; igor_uart_top:system|igor_uart_protocol:serial|payload[3]  ; 1967    ;
; igor_uart_top:system|igor_uart_protocol:serial|payload[6]  ; 1856    ;
; igor_uart_top:system|igor_neural_core:neural|address[3]    ; 1828    ;
; igor_uart_top:system|igor_uart_protocol:serial|payload[5]  ; 1783    ;
; igor_uart_top:system|igor_neural_core:neural|address[6]    ; 1726    ;
; igor_uart_top:system|igor_uart_protocol:serial|payload[4]  ; 1677    ;
; igor_uart_top:system|igor_neural_core:neural|address[5]    ; 1646    ;
; igor_uart_top:system|igor_uart_protocol:serial|payload[9]  ; 1599    ;
; igor_uart_top:system|igor_uart_protocol:serial|payload[8]  ; 1587    ;
; igor_uart_top:system|igor_uart_protocol:serial|payload[7]  ; 1582    ;
; igor_uart_top:system|igor_uart_protocol:serial|payload[11] ; 1560    ;
; igor_uart_top:system|igor_neural_core:neural|address[4]    ; 1548    ;
; igor_uart_top:system|igor_neural_core:neural|address[8]    ; 1473    ;
; igor_uart_top:system|igor_neural_core:neural|address[9]    ; 1461    ;
; igor_uart_top:system|igor_neural_core:neural|address[7]    ; 1444    ;
; igor_uart_top:system|igor_uart_protocol:serial|payload[10] ; 1442    ;
; igor_uart_top:system|igor_neural_core:neural|address[11]   ; 1412    ;
; igor_uart_top:system|igor_neural_core:neural|address[10]   ; 1308    ;
+------------------------------------------------------------+---------+


+--------------------------------------------------------------------------------------------------------------------------------------------------------------------------------------------------------------------------------------------------------------------------------------------------------------------------------------------------------------------------------------------------------------------------------------------------------------------------------------------------------------------------------------------------------------------------------------------------------------------------------------------------------------------------------------------------------------------------------------------------------------------------------------------------------------------------------------------------------------------------------------------------------------------------------------------------------------------------------------------------------------------------------------------------------------------------------------------------------------------------------------------------------------------------------------+
; Fitter RAM Summary                                                                                                                                                                                                                                                                                                                                                                                                                                                                                                                                                                                                                                                                                                                                                                                                                                                                                                                                                                                                                                                                                                                                                                   ;
+----------------------------------------------------------------------------------------------------------------------------------------+------+------------------+--------------+--------------+--------------+--------------+--------------+------------------------+-------------------------+------------------------+-------------------------+--------+-----------------------------+-----------------------------+-----------------------------+-----------------------------+---------------------+------+------+--------------------------------------------------------------------------------------------------------------------------------------------------------------------------------------------------------------------------------------------------------------------------------------------------------------------------------------------------------------------------------------------------------------------------------------------------------------------------------------------------------------------------------+----------------------+------------------------+------------------------+----------+------------------------+---------------+
; Name                                                                                                                                   ; Type ; Mode             ; Clock Mode   ; Port A Depth ; Port A Width ; Port B Depth ; Port B Width ; Port A Input Registers ; Port A Output Registers ; Port B Input Registers ; Port B Output Registers ; Size   ; Implementation Port A Depth ; Implementation Port A Width ; Implementation Port B Depth ; Implementation Port B Width ; Implementation Bits ; M9Ks ; MIF  ; Location                                                                                                                                                                                                                                                                                                                                                                                                                                                                                                                       ; Mixed Width RDW Mode ; Port A RDW Mode        ; Port B RDW Mode        ; ECC Mode ; ECC Pipeline Registers ; Fits in MLABs ;
+----------------------------------------------------------------------------------------------------------------------------------------+------+------------------+--------------+--------------+--------------+--------------+--------------+------------------------+-------------------------+------------------------+-------------------------+--------+-----------------------------+-----------------------------+-----------------------------+-----------------------------+---------------------+------+------+--------------------------------------------------------------------------------------------------------------------------------------------------------------------------------------------------------------------------------------------------------------------------------------------------------------------------------------------------------------------------------------------------------------------------------------------------------------------------------------------------------------------------------+----------------------+------------------------+------------------------+----------+------------------------+---------------+
; igor_uart_top:system|igor_neural_core:neural|altsyncram:h1_rtl_0|altsyncram_k7g1:auto_generated|ALTSYNCRAM                             ; AUTO ; Simple Dual Port ; Single Clock ; 64           ; 16           ; 64           ; 16           ; yes                    ; no                      ; yes                    ; no                      ; 1024   ; 64                          ; 16                          ; 64                          ; 16                          ; 1024                ; 1    ; None ; M9K_X53_Y27_N0                                                                                                                                                                                                                                                                                                                                                                                                                                                                                                                 ; Old data             ; New data with NBE Read ; New data with NBE Read ; Off      ; No                     ; No - Unknown  ;
; igor_uart_top:system|igor_neural_core:neural|altsyncram:h2_rtl_0|altsyncram_k7g1:auto_generated|ALTSYNCRAM                             ; AUTO ; Simple Dual Port ; Single Clock ; 64           ; 16           ; 64           ; 16           ; yes                    ; no                      ; yes                    ; no                      ; 1024   ; 64                          ; 16                          ; 64                          ; 16                          ; 1024                ; 1    ; None ; M9K_X53_Y26_N0                                                                                                                                                                                                                                                                                                                                                                                                                                                                                                                 ; Old data             ; New data with NBE Read ; New data with NBE Read ; Off      ; No                     ; No - Unknown  ;
; igor_uart_top:system|igor_neural_core:neural|altsyncram:inputs_rtl_0|altsyncram_a7g1:auto_generated|ALTSYNCRAM                         ; AUTO ; Simple Dual Port ; Single Clock ; 24           ; 16           ; 24           ; 16           ; yes                    ; no                      ; yes                    ; no                      ; 384    ; 24                          ; 16                          ; 24                          ; 16                          ; 384                 ; 1    ; None ; M9K_X33_Y27_N0                                                                                                                                                                                                                                                                                                                                                                                                                                                                                                                 ; Old data             ; New data with NBE Read ; New data with NBE Read ; Off      ; No                     ; No - Unknown  ;
; igor_uart_top:system|igor_top:core|igor_costmap_bank:tiles[0].memory|altsyncram:memory_rtl_0|altsyncram_jdi1:auto_generated|ALTSYNCRAM ; M9K  ; Simple Dual Port ; Single Clock ; 32768        ; 8            ; 32768        ; 8            ; yes                    ; no                      ; yes                    ; no                      ; 262144 ; 32768                       ; 8                           ; 32768                       ; 8                           ; 262144              ; 32   ; None ; M9K_X53_Y23_N0, M9K_X33_Y10_N0, M9K_X5_Y17_N0, M9K_X5_Y22_N0, M9K_X33_Y11_N0, M9K_X73_Y19_N0, M9K_X33_Y13_N0, M9K_X5_Y21_N0, M9K_X33_Y22_N0, M9K_X5_Y16_N0, M9K_X33_Y14_N0, M9K_X5_Y20_N0, M9K_X53_Y19_N0, M9K_X73_Y23_N0, M9K_X53_Y20_N0, M9K_X33_Y15_N0, M9K_X5_Y23_N0, M9K_X33_Y21_N0, M9K_X33_Y20_N0, M9K_X5_Y18_N0, M9K_X73_Y22_N0, M9K_X53_Y9_N0, M9K_X33_Y17_N0, M9K_X33_Y16_N0, M9K_X73_Y12_N0, M9K_X33_Y12_N0, M9K_X5_Y13_N0, M9K_X5_Y19_N0, M9K_X33_Y18_N0, M9K_X53_Y22_N0, M9K_X33_Y23_N0, M9K_X33_Y19_N0           ; Old data             ; New data with NBE Read ; New data with NBE Read ; Off      ; No                     ; No - Unknown  ;
; igor_uart_top:system|igor_top:core|igor_costmap_bank:tiles[1].memory|altsyncram:memory_rtl_0|altsyncram_jdi1:auto_generated|ALTSYNCRAM ; M9K  ; Simple Dual Port ; Single Clock ; 32768        ; 8            ; 32768        ; 8            ; yes                    ; no                      ; yes                    ; no                      ; 262144 ; 32768                       ; 8                           ; 32768                       ; 8                           ; 262144              ; 32   ; None ; M9K_X73_Y10_N0, M9K_X53_Y25_N0, M9K_X53_Y13_N0, M9K_X73_Y24_N0, M9K_X73_Y32_N0, M9K_X53_Y12_N0, M9K_X73_Y28_N0, M9K_X53_Y16_N0, M9K_X53_Y10_N0, M9K_X73_Y11_N0, M9K_X73_Y27_N0, M9K_X53_Y30_N0, M9K_X53_Y14_N0, M9K_X53_Y32_N0, M9K_X53_Y18_N0, M9K_X73_Y20_N0, M9K_X53_Y11_N0, M9K_X73_Y13_N0, M9K_X73_Y14_N0, M9K_X53_Y17_N0, M9K_X73_Y25_N0, M9K_X53_Y31_N0, M9K_X73_Y18_N0, M9K_X73_Y16_N0, M9K_X53_Y29_N0, M9K_X73_Y26_N0, M9K_X53_Y24_N0, M9K_X73_Y15_N0, M9K_X53_Y21_N0, M9K_X73_Y21_N0, M9K_X73_Y17_N0, M9K_X53_Y28_N0 ; Old data             ; New data with NBE Read ; New data with NBE Read ; Off      ; No                     ; No - Unknown  ;
; igor_uart_top:system|igor_top:core|igor_costmap_bank:tiles[2].memory|altsyncram:memory_rtl_0|altsyncram_jdi1:auto_generated|ALTSYNCRAM ; M9K  ; Simple Dual Port ; Single Clock ; 32768        ; 8            ; 32768        ; 8            ; yes                    ; no                      ; yes                    ; no                      ; 262144 ; 32768                       ; 8                           ; 32768                       ; 8                           ; 262144              ; 32   ; None ; M9K_X5_Y24_N0, M9K_X53_Y15_N0, M9K_X5_Y14_N0, M9K_X5_Y15_N0, M9K_X5_Y26_N0, M9K_X53_Y34_N0, M9K_X5_Y33_N0, M9K_X5_Y32_N0, M9K_X33_Y36_N0, M9K_X5_Y34_N0, M9K_X53_Y36_N0, M9K_X53_Y33_N0, M9K_X33_Y33_N0, M9K_X33_Y32_N0, M9K_X33_Y30_N0, M9K_X33_Y26_N0, M9K_X33_Y24_N0, M9K_X33_Y25_N0, M9K_X33_Y28_N0, M9K_X5_Y28_N0, M9K_X53_Y35_N0, M9K_X33_Y29_N0, M9K_X33_Y35_N0, M9K_X33_Y31_N0, M9K_X53_Y37_N0, M9K_X5_Y27_N0, M9K_X5_Y35_N0, M9K_X5_Y31_N0, M9K_X33_Y37_N0, M9K_X33_Y34_N0, M9K_X5_Y30_N0, M9K_X5_Y29_N0              ; Old data             ; New data with NBE Read ; New data with NBE Read ; Off      ; No                     ; No - Unknown  ;
; igor_uart_top:system|igor_top:core|igor_costmap_bank:tiles[3].memory|altsyncram:memory_rtl_0|altsyncram_jdi1:auto_generated|ALTSYNCRAM ; M9K  ; Simple Dual Port ; Single Clock ; 32768        ; 8            ; 32768        ; 8            ; yes                    ; no                      ; yes                    ; no                      ; 262144 ; 32768                       ; 8                           ; 32768                       ; 8                           ; 262144              ; 32   ; None ; M9K_X5_Y9_N0, M9K_X33_Y9_N0, M9K_X53_Y8_N0, M9K_X5_Y8_N0, M9K_X5_Y7_N0, M9K_X73_Y5_N0, M9K_X53_Y5_N0, M9K_X5_Y5_N0, M9K_X73_Y1_N0, M9K_X33_Y7_N0, M9K_X33_Y1_N0, M9K_X5_Y3_N0, M9K_X53_Y2_N0, M9K_X53_Y7_N0, M9K_X33_Y2_N0, M9K_X33_Y3_N0, M9K_X5_Y1_N0, M9K_X73_Y4_N0, M9K_X53_Y1_N0, M9K_X5_Y4_N0, M9K_X73_Y3_N0, M9K_X53_Y6_N0, M9K_X53_Y4_N0, M9K_X33_Y4_N0, M9K_X5_Y2_N0, M9K_X5_Y6_N0, M9K_X33_Y5_N0, M9K_X53_Y3_N0, M9K_X33_Y8_N0, M9K_X33_Y6_N0, M9K_X73_Y7_N0, M9K_X73_Y6_N0                                          ; Old data             ; New data with NBE Read ; New data with NBE Read ; Off      ; No                     ; No - Unknown  ;
+----------------------------------------------------------------------------------------------------------------------------------------+------+------------------+--------------+--------------+--------------+--------------+--------------+------------------------+-------------------------+------------------------+-------------------------+--------+-----------------------------+-----------------------------+-----------------------------+-----------------------------+---------------------+------+------+--------------------------------------------------------------------------------------------------------------------------------------------------------------------------------------------------------------------------------------------------------------------------------------------------------------------------------------------------------------------------------------------------------------------------------------------------------------------------------------------------------------------------------+----------------------+------------------------+------------------------+----------+------------------------+---------------+
Note: Fitter may spread logical memories into multiple blocks to improve timing. The actual required RAM blocks can be found in the Fitter Resource Usage section.


+-----------------------------------------------------------------------------------------------+
; Fitter DSP Block Usage Summary                                                                ;
+---------------------------------------+-------------+---------------------+-------------------+
; Statistic                             ; Number Used ; Available per Block ; Maximum Available ;
+---------------------------------------+-------------+---------------------+-------------------+
; Simple Multipliers (9-bit)            ; 1           ; 2                   ; 288               ;
; Simple Multipliers (18-bit)           ; 9           ; 1                   ; 144               ;
; Embedded Multiplier Blocks            ; 10          ; --                  ; 144               ;
; Embedded Multiplier 9-bit elements    ; 19          ; 2                   ; 288               ;
; Signed Embedded Multipliers           ; 9           ; --                  ; --                ;
; Unsigned Embedded Multipliers         ; 1           ; --                  ; --                ;
; Mixed Sign Embedded Multipliers       ; 0           ; --                  ; --                ;
; Variable Sign Embedded Multipliers    ; 0           ; --                  ; --                ;
; Dedicated Input Shift Register Chains ; 0           ; --                  ; --                ;
+---------------------------------------+-------------+---------------------+-------------------+


+---------------------------------------------------------------------------------------------------------------------------------------------------------------------------------------------------------------------------------------------------------------------------------------------------------------------------------------------------+
; DSP Block Details                                                                                                                                                                                                                                                                                                                                 ;
+----------------------------------------------------------------------------------------------------------------------------------------------------+----------------------------+--------------------+---------------------+--------------------------------+-----------------------+-----------------------+-------------------+-----------------+
; Name                                                                                                                                               ; Mode                       ; Location           ; Sign Representation ; Has Input Shift Register Chain ; Data A Input Register ; Data B Input Register ; Pipeline Register ; Output Register ;
+----------------------------------------------------------------------------------------------------------------------------------------------------+----------------------------+--------------------+---------------------+--------------------------------+-----------------------+-----------------------+-------------------+-----------------+
; igor_uart_top:system|igor_top:core|igor_rollout_tile:tiles[0].tile|igor_kinematic_step:stepper|lpm_mult:Mult0|mult_dfs:auto_generated|mac_out2     ; Simple Multiplier (18-bit) ; DSPOUT_X48_Y7_N2   ;                     ; No                             ;                       ;                       ;                   ; no              ;
;    igor_uart_top:system|igor_top:core|igor_rollout_tile:tiles[0].tile|igor_kinematic_step:stepper|lpm_mult:Mult0|mult_dfs:auto_generated|mac_mult1 ;                            ; DSPMULT_X48_Y7_N0  ; Signed              ;                                ; no                    ; yes                   ; no                ;                 ;
; igor_uart_top:system|igor_top:core|igor_rollout_tile:tiles[0].tile|igor_kinematic_step:stepper|lpm_mult:Mult1|mult_dfs:auto_generated|mac_out2     ; Simple Multiplier (18-bit) ; DSPOUT_X48_Y5_N2   ;                     ; No                             ;                       ;                       ;                   ; no              ;
;    igor_uart_top:system|igor_top:core|igor_rollout_tile:tiles[0].tile|igor_kinematic_step:stepper|lpm_mult:Mult1|mult_dfs:auto_generated|mac_mult1 ;                            ; DSPMULT_X48_Y5_N0  ; Signed              ;                                ; no                    ; yes                   ; no                ;                 ;
; igor_uart_top:system|igor_top:core|igor_rollout_tile:tiles[1].tile|igor_kinematic_step:stepper|lpm_mult:Mult0|mult_dfs:auto_generated|mac_out2     ; Simple Multiplier (18-bit) ; DSPOUT_X48_Y10_N2  ;                     ; No                             ;                       ;                       ;                   ; no              ;
;    igor_uart_top:system|igor_top:core|igor_rollout_tile:tiles[1].tile|igor_kinematic_step:stepper|lpm_mult:Mult0|mult_dfs:auto_generated|mac_mult1 ;                            ; DSPMULT_X48_Y10_N0 ; Signed              ;                                ; no                    ; yes                   ; no                ;                 ;
; igor_uart_top:system|igor_top:core|igor_rollout_tile:tiles[1].tile|igor_kinematic_step:stepper|lpm_mult:Mult1|mult_dfs:auto_generated|mac_out2     ; Simple Multiplier (18-bit) ; DSPOUT_X48_Y6_N2   ;                     ; No                             ;                       ;                       ;                   ; no              ;
;    igor_uart_top:system|igor_top:core|igor_rollout_tile:tiles[1].tile|igor_kinematic_step:stepper|lpm_mult:Mult1|mult_dfs:auto_generated|mac_mult1 ;                            ; DSPMULT_X48_Y6_N0  ; Signed              ;                                ; no                    ; yes                   ; no                ;                 ;
; igor_uart_top:system|igor_top:core|igor_rollout_tile:tiles[2].tile|igor_kinematic_step:stepper|lpm_mult:Mult0|mult_dfs:auto_generated|mac_out2     ; Simple Multiplier (18-bit) ; DSPOUT_X28_Y15_N2  ;                     ; No                             ;                       ;                       ;                   ; no              ;
;    igor_uart_top:system|igor_top:core|igor_rollout_tile:tiles[2].tile|igor_kinematic_step:stepper|lpm_mult:Mult0|mult_dfs:auto_generated|mac_mult1 ;                            ; DSPMULT_X28_Y15_N0 ; Signed              ;                                ; no                    ; yes                   ; no                ;                 ;
; igor_uart_top:system|igor_top:core|igor_rollout_tile:tiles[2].tile|igor_kinematic_step:stepper|lpm_mult:Mult1|mult_dfs:auto_generated|mac_out2     ; Simple Multiplier (18-bit) ; DSPOUT_X28_Y16_N2  ;                     ; No                             ;                       ;                       ;                   ; no              ;
;    igor_uart_top:system|igor_top:core|igor_rollout_tile:tiles[2].tile|igor_kinematic_step:stepper|lpm_mult:Mult1|mult_dfs:auto_generated|mac_mult1 ;                            ; DSPMULT_X28_Y16_N0 ; Signed              ;                                ; no                    ; yes                   ; no                ;                 ;
; igor_uart_top:system|igor_top:core|igor_rollout_tile:tiles[3].tile|igor_kinematic_step:stepper|lpm_mult:Mult0|mult_dfs:auto_generated|mac_out2     ; Simple Multiplier (18-bit) ; DSPOUT_X28_Y6_N2   ;                     ; No                             ;                       ;                       ;                   ; no              ;
;    igor_uart_top:system|igor_top:core|igor_rollout_tile:tiles[3].tile|igor_kinematic_step:stepper|lpm_mult:Mult0|mult_dfs:auto_generated|mac_mult1 ;                            ; DSPMULT_X28_Y6_N0  ; Signed              ;                                ; no                    ; yes                   ; no                ;                 ;
; igor_uart_top:system|igor_top:core|igor_rollout_tile:tiles[3].tile|igor_kinematic_step:stepper|lpm_mult:Mult1|mult_dfs:auto_generated|mac_out2     ; Simple Multiplier (18-bit) ; DSPOUT_X28_Y3_N2   ;                     ; No                             ;                       ;                       ;                   ; no              ;
;    igor_uart_top:system|igor_top:core|igor_rollout_tile:tiles[3].tile|igor_kinematic_step:stepper|lpm_mult:Mult1|mult_dfs:auto_generated|mac_mult1 ;                            ; DSPMULT_X28_Y3_N0  ; Signed              ;                                ; no                    ; yes                   ; no                ;                 ;
; igor_uart_top:system|igor_neural_core:neural|lpm_mult:Mult0|mult_qgs:auto_generated|mac_out2                                                       ; Simple Multiplier (18-bit) ; DSPOUT_X48_Y27_N2  ;                     ; No                             ;                       ;                       ;                   ; no              ;
;    igor_uart_top:system|igor_neural_core:neural|lpm_mult:Mult0|mult_qgs:auto_generated|mac_mult1                                                   ;                            ; DSPMULT_X48_Y27_N0 ; Signed              ;                                ; no                    ; yes                   ; no                ;                 ;
; igor_uart_top:system|igor_neural_core:neural|lpm_mult:Mult1|mult_sks:auto_generated|mac_out2                                                       ; Simple Multiplier (9-bit)  ; DSPOUT_X48_Y34_N2  ;                     ; No                             ;                       ;                       ;                   ; no              ;
;    igor_uart_top:system|igor_neural_core:neural|lpm_mult:Mult1|mult_sks:auto_generated|mac_mult1                                                   ;                            ; DSPMULT_X48_Y34_N0 ; Unsigned            ;                                ; yes                   ; no                    ; no                ;                 ;
+----------------------------------------------------------------------------------------------------------------------------------------------------+----------------------------+--------------------+---------------------+--------------------------------+-----------------------+-----------------------+-------------------+-----------------+


+---------------------------------------------------+
; Routing Usage Summary                             ;
+-----------------------+---------------------------+
; Routing Resource Type ; Usage                     ;
+-----------------------+---------------------------+
; Block interconnects   ; 21,190 / 148,641 ( 14 % ) ;
; C16 interconnects     ; 457 / 5,382 ( 8 % )       ;
; C4 interconnects      ; 8,950 / 106,704 ( 8 % )   ;
; Direct links          ; 1,999 / 148,641 ( 1 % )   ;
; Global clocks         ; 2 / 20 ( 10 % )           ;
; Local interconnects   ; 13,877 / 49,760 ( 28 % )  ;
; NSLEEPs               ; 0 / 500 ( 0 % )           ;
; R24 interconnects     ; 590 / 5,406 ( 11 % )      ;
; R4 interconnects      ; 9,169 / 147,764 ( 6 % )   ;
+-----------------------+---------------------------+


+------------------------------------------------------------------------------+
; LAB Logic Elements                                                           ;
+---------------------------------------------+--------------------------------+
; Number of Logic Elements  (Average = 14.12) ; Number of LABs  (Total = 1344) ;
+---------------------------------------------+--------------------------------+
; 1                                           ; 73                             ;
; 2                                           ; 26                             ;
; 3                                           ; 13                             ;
; 4                                           ; 8                              ;
; 5                                           ; 2                              ;
; 6                                           ; 16                             ;
; 7                                           ; 11                             ;
; 8                                           ; 7                              ;
; 9                                           ; 10                             ;
; 10                                          ; 5                              ;
; 11                                          ; 5                              ;
; 12                                          ; 12                             ;
; 13                                          ; 17                             ;
; 14                                          ; 47                             ;
; 15                                          ; 141                            ;
; 16                                          ; 951                            ;
+---------------------------------------------+--------------------------------+


+---------------------------------------------------------------------+
; LAB-wide Signals                                                    ;
+------------------------------------+--------------------------------+
; LAB-wide Signals  (Average = 0.54) ; Number of LABs  (Total = 1344) ;
+------------------------------------+--------------------------------+
; 1 Async. clear                     ; 213                            ;
; 1 Clock                            ; 240                            ;
; 1 Clock enable                     ; 153                            ;
; 1 Sync. clear                      ; 11                             ;
; 1 Sync. load                       ; 73                             ;
; 2 Async. clears                    ; 1                              ;
; 2 Clock enables                    ; 37                             ;
+------------------------------------+--------------------------------+


+-------------------------------------------------------------------------------+
; LAB Signals Sourced                                                           ;
+----------------------------------------------+--------------------------------+
; Number of Signals Sourced  (Average = 14.99) ; Number of LABs  (Total = 1344) ;
+----------------------------------------------+--------------------------------+
; 0                                            ; 4                              ;
; 1                                            ; 70                             ;
; 2                                            ; 34                             ;
; 3                                            ; 16                             ;
; 4                                            ; 6                              ;
; 5                                            ; 3                              ;
; 6                                            ; 15                             ;
; 7                                            ; 5                              ;
; 8                                            ; 7                              ;
; 9                                            ; 5                              ;
; 10                                           ; 6                              ;
; 11                                           ; 6                              ;
; 12                                           ; 11                             ;
; 13                                           ; 13                             ;
; 14                                           ; 41                             ;
; 15                                           ; 129                            ;
; 16                                           ; 799                            ;
; 17                                           ; 25                             ;
; 18                                           ; 16                             ;
; 19                                           ; 12                             ;
; 20                                           ; 19                             ;
; 21                                           ; 11                             ;
; 22                                           ; 18                             ;
; 23                                           ; 7                              ;
; 24                                           ; 8                              ;
; 25                                           ; 5                              ;
; 26                                           ; 10                             ;
; 27                                           ; 10                             ;
; 28                                           ; 8                              ;
; 29                                           ; 2                              ;
; 30                                           ; 1                              ;
; 31                                           ; 1                              ;
; 32                                           ; 21                             ;
+----------------------------------------------+--------------------------------+


+----------------------------------------------------------------------------------+
; LAB Signals Sourced Out                                                          ;
+-------------------------------------------------+--------------------------------+
; Number of Signals Sourced Out  (Average = 4.17) ; Number of LABs  (Total = 1344) ;
+-------------------------------------------------+--------------------------------+
; 0                                               ; 6                              ;
; 1                                               ; 227                            ;
; 2                                               ; 399                            ;
; 3                                               ; 253                            ;
; 4                                               ; 171                            ;
; 5                                               ; 47                             ;
; 6                                               ; 33                             ;
; 7                                               ; 17                             ;
; 8                                               ; 24                             ;
; 9                                               ; 9                              ;
; 10                                              ; 16                             ;
; 11                                              ; 16                             ;
; 12                                              ; 17                             ;
; 13                                              ; 26                             ;
; 14                                              ; 19                             ;
; 15                                              ; 8                              ;
; 16                                              ; 36                             ;
; 17                                              ; 3                              ;
; 18                                              ; 3                              ;
; 19                                              ; 4                              ;
; 20                                              ; 0                              ;
; 21                                              ; 0                              ;
; 22                                              ; 0                              ;
; 23                                              ; 0                              ;
; 24                                              ; 0                              ;
; 25                                              ; 0                              ;
; 26                                              ; 1                              ;
; 27                                              ; 1                              ;
; 28                                              ; 5                              ;
; 29                                              ; 1                              ;
; 30                                              ; 0                              ;
; 31                                              ; 0                              ;
; 32                                              ; 2                              ;
+-------------------------------------------------+--------------------------------+


+-------------------------------------------------------------------------------+
; LAB Distinct Inputs                                                           ;
+----------------------------------------------+--------------------------------+
; Number of Distinct Inputs  (Average = 12.13) ; Number of LABs  (Total = 1344) ;
+----------------------------------------------+--------------------------------+
; 0                                            ; 0                              ;
; 1                                            ; 0                              ;
; 2                                            ; 6                              ;
; 3                                            ; 10                             ;
; 4                                            ; 61                             ;
; 5                                            ; 8                              ;
; 6                                            ; 60                             ;
; 7                                            ; 49                             ;
; 8                                            ; 147                            ;
; 9                                            ; 183                            ;
; 10                                           ; 157                            ;
; 11                                           ; 194                            ;
; 12                                           ; 75                             ;
; 13                                           ; 82                             ;
; 14                                           ; 44                             ;
; 15                                           ; 31                             ;
; 16                                           ; 27                             ;
; 17                                           ; 25                             ;
; 18                                           ; 18                             ;
; 19                                           ; 13                             ;
; 20                                           ; 9                              ;
; 21                                           ; 10                             ;
; 22                                           ; 9                              ;
; 23                                           ; 8                              ;
; 24                                           ; 10                             ;
; 25                                           ; 6                              ;
; 26                                           ; 7                              ;
; 27                                           ; 15                             ;
; 28                                           ; 15                             ;
; 29                                           ; 10                             ;
; 30                                           ; 6                              ;
; 31                                           ; 3                              ;
; 32                                           ; 10                             ;
; 33                                           ; 13                             ;
; 34                                           ; 2                              ;
; 35                                           ; 7                              ;
; 36                                           ; 9                              ;
; 37                                           ; 2                              ;
; 38                                           ; 2                              ;
+----------------------------------------------+--------------------------------+


+------------------------------------------+
; I/O Rules Summary                        ;
+----------------------------------+-------+
; I/O Rules Statistic              ; Total ;
+----------------------------------+-------+
; Total I/O Rules                  ; 30    ;
; Number of I/O Rules Passed       ; 9     ;
; Number of I/O Rules Failed       ; 0     ;
; Number of I/O Rules Unchecked    ; 0     ;
; Number of I/O Rules Inapplicable ; 21    ;
+----------------------------------+-------+


+--------------------------------------------------------------------------------------------------------------------------------------------------------------------------------------------------------------------------------------------------------------------------------------+
; I/O Rules Details                                                                                                                                                                                                                                                                    ;
+--------------+-----------+-----------------------------------+------------------------------------------------------------------------------------------------------+----------+--------------------------------------------------------------------------+------+-------------------+
; Status       ; ID        ; Category                          ; Rule Description                                                                                     ; Severity ; Information                                                              ; Area ; Extra Information ;
+--------------+-----------+-----------------------------------+------------------------------------------------------------------------------------------------------+----------+--------------------------------------------------------------------------+------+-------------------+
; Pass         ; IO_000001 ; Capacity Checks                   ; Number of pins in an I/O bank should not exceed the number of locations available.                   ; Critical ; 0 such failures found.                                                   ; I/O  ;                   ;
; Inapplicable ; IO_000002 ; Capacity Checks                   ; Number of clocks in an I/O bank should not exceed the number of clocks available.                    ; Critical ; No Global Signal assignments found.                                      ; I/O  ;                   ;
; Pass         ; IO_000003 ; Capacity Checks                   ; Number of pins in a Vrefgroup should not exceed the number of locations available.                   ; Critical ; 0 such failures found.                                                   ; I/O  ;                   ;
; Inapplicable ; IO_000004 ; Voltage Compatibility Checks      ; The I/O bank should support the requested VCCIO.                                                     ; Critical ; No IOBANK_VCCIO assignments found.                                       ; I/O  ;                   ;
; Inapplicable ; IO_000005 ; Voltage Compatibility Checks      ; The I/O bank should not have competing VREF values.                                                  ; Critical ; No VREF I/O Standard assignments found.                                  ; I/O  ;                   ;
; Pass         ; IO_000006 ; Voltage Compatibility Checks      ; The I/O bank should not have competing VCCIO values.                                                 ; Critical ; 0 such failures found.                                                   ; I/O  ;                   ;
; Pass         ; IO_000007 ; Valid Location Checks             ; Checks for unavailable locations.                                                                    ; Critical ; 0 such failures found.                                                   ; I/O  ;                   ;
; Inapplicable ; IO_000008 ; Valid Location Checks             ; Checks for reserved locations.                                                                       ; Critical ; No reserved LogicLock region found.                                      ; I/O  ;                   ;
; Pass         ; IO_000009 ; I/O Properties Checks for One I/O ; The location should support the requested I/O standard.                                              ; Critical ; 0 such failures found.                                                   ; I/O  ;                   ;
; Pass         ; IO_000010 ; I/O Properties Checks for One I/O ; The location should support the requested I/O direction.                                             ; Critical ; 0 such failures found.                                                   ; I/O  ;                   ;
; Inapplicable ; IO_000011 ; I/O Properties Checks for One I/O ; The location should support the requested Current Strength.                                          ; Critical ; No Current Strength assignments found.                                   ; I/O  ;                   ;
; Inapplicable ; IO_000012 ; I/O Properties Checks for One I/O ; The location should support the requested On Chip Termination value.                                 ; Critical ; No Termination assignments found.                                        ; I/O  ;                   ;
; Inapplicable ; IO_000013 ; I/O Properties Checks for One I/O ; The location should support the requested Bus Hold value.                                            ; Critical ; No Enable Bus-Hold Circuitry assignments found.                          ; I/O  ;                   ;
; Inapplicable ; IO_000014 ; I/O Properties Checks for One I/O ; The location should support the requested Weak Pull Up value.                                        ; Critical ; No Weak Pull-Up Resistor assignments found.                              ; I/O  ;                   ;
; Pass         ; IO_000015 ; I/O Properties Checks for One I/O ; The location should support the requested PCI Clamp Diode.                                           ; Critical ; 0 such failures found.                                                   ; I/O  ;                   ;
; Inapplicable ; IO_000018 ; I/O Properties Checks for One I/O ; The I/O standard should support the requested Current Strength.                                      ; Critical ; No Current Strength assignments found.                                   ; I/O  ;                   ;
; Inapplicable ; IO_000019 ; I/O Properties Checks for One I/O ; The I/O standard should support the requested On Chip Termination value.                             ; Critical ; No Termination assignments found.                                        ; I/O  ;                   ;
; Pass         ; IO_000020 ; I/O Properties Checks for One I/O ; The I/O standard should support the requested PCI Clamp Diode.                                       ; Critical ; 0 such failures found.                                                   ; I/O  ;                   ;
; Inapplicable ; IO_000021 ; I/O Properties Checks for One I/O ; The I/O standard should support the requested Weak Pull Up value.                                    ; Critical ; No Weak Pull-Up Resistor assignments found.                              ; I/O  ;                   ;
; Inapplicable ; IO_000022 ; I/O Properties Checks for One I/O ; The I/O standard should support the requested Bus Hold value.                                        ; Critical ; No Enable Bus-Hold Circuitry assignments found.                          ; I/O  ;                   ;
; Inapplicable ; IO_000023 ; I/O Properties Checks for One I/O ; The I/O standard should support the Open Drain value.                                                ; Critical ; No open drain assignments found.                                         ; I/O  ;                   ;
; Inapplicable ; IO_000024 ; I/O Properties Checks for One I/O ; The I/O direction should support the On Chip Termination value.                                      ; Critical ; No Termination assignments found.                                        ; I/O  ;                   ;
; Inapplicable ; IO_000026 ; I/O Properties Checks for One I/O ; On Chip Termination and Current Strength should not be used at the same time.                        ; Critical ; No Current Strength or Termination assignments found.                    ; I/O  ;                   ;
; Inapplicable ; IO_000027 ; I/O Properties Checks for One I/O ; Weak Pull Up and Bus Hold should not be used at the same time.                                       ; Critical ; No Enable Bus-Hold Circuitry or Weak Pull-Up Resistor assignments found. ; I/O  ;                   ;
; Inapplicable ; IO_000045 ; I/O Properties Checks for One I/O ; The I/O standard should support the requested Slew Rate value.                                       ; Critical ; No Slew Rate assignments found.                                          ; I/O  ;                   ;
; Inapplicable ; IO_000046 ; I/O Properties Checks for One I/O ; The location should support the requested Slew Rate value.                                           ; Critical ; No Slew Rate assignments found.                                          ; I/O  ;                   ;
; Inapplicable ; IO_000047 ; I/O Properties Checks for One I/O ; On Chip Termination and Slew Rate should not be used at the same time.                               ; Critical ; No Slew Rate assignments found.                                          ; I/O  ;                   ;
; Pass         ; IO_000033 ; Electromigration Checks           ; Current density for consecutive I/Os should not exceed 160mA for row I/Os and 160mA for column I/Os. ; Critical ; 0 such failures found.                                                   ; I/O  ;                   ;
; Inapplicable ; IO_000034 ; SI Related Distance Checks        ; Single-ended outputs should be 5 LAB row(s) away from a differential I/O.                            ; High     ; No Differential I/O Standard assignments found.                          ; I/O  ;                   ;
; Inapplicable ; IO_000042 ; SI Related SSO Limit Checks       ; No more than 20 outputs are allowed in a VREF group when VREF is being read from.                    ; High     ; No VREF I/O Standard assignments found.                                  ; I/O  ;                   ;
+--------------+-----------+-----------------------------------+------------------------------------------------------------------------------------------------------+----------+--------------------------------------------------------------------------+------+-------------------+


+-----------------------------------------------------------------------------------------------------------------------------------------------------------------------------------------------------------------------------------------------------------------------------------------------------------------------------------------------------------------------------------------------------------------------------------------------------------------+
; I/O Rules Matrix                                                                                                                                                                                                                                                                                                                                                                                                                                                ;
+--------------------+-----------+--------------+-----------+--------------+--------------+-----------+-----------+--------------+-----------+-----------+--------------+--------------+--------------+--------------+--------------+--------------+--------------+--------------+--------------+--------------+--------------+--------------+--------------+--------------+--------------+--------------+--------------+-----------+--------------+--------------+
; Pin/Rules          ; IO_000001 ; IO_000002    ; IO_000003 ; IO_000004    ; IO_000005    ; IO_000006 ; IO_000007 ; IO_000008    ; IO_000009 ; IO_000010 ; IO_000011    ; IO_000012    ; IO_000013    ; IO_000014    ; IO_000015    ; IO_000018    ; IO_000019    ; IO_000020    ; IO_000021    ; IO_000022    ; IO_000023    ; IO_000024    ; IO_000026    ; IO_000027    ; IO_000045    ; IO_000046    ; IO_000047    ; IO_000033 ; IO_000034    ; IO_000042    ;
+--------------------+-----------+--------------+-----------+--------------+--------------+-----------+-----------+--------------+-----------+-----------+--------------+--------------+--------------+--------------+--------------+--------------+--------------+--------------+--------------+--------------+--------------+--------------+--------------+--------------+--------------+--------------+--------------+-----------+--------------+--------------+
; Total Pass         ; 19        ; 0            ; 19        ; 0            ; 0            ; 19        ; 19        ; 0            ; 19        ; 19        ; 0            ; 0            ; 0            ; 0            ; 8            ; 0            ; 0            ; 8            ; 0            ; 0            ; 0            ; 0            ; 0            ; 0            ; 0            ; 0            ; 0            ; 19        ; 0            ; 0            ;
; Total Unchecked    ; 0         ; 0            ; 0         ; 0            ; 0            ; 0         ; 0         ; 0            ; 0         ; 0         ; 0            ; 0            ; 0            ; 0            ; 0            ; 0            ; 0            ; 0            ; 0            ; 0            ; 0            ; 0            ; 0            ; 0            ; 0            ; 0            ; 0            ; 0         ; 0            ; 0            ;
; Total Inapplicable ; 0         ; 19           ; 0         ; 19           ; 19           ; 0         ; 0         ; 19           ; 0         ; 0         ; 19           ; 19           ; 19           ; 19           ; 11           ; 19           ; 19           ; 11           ; 19           ; 19           ; 19           ; 19           ; 19           ; 19           ; 19           ; 19           ; 19           ; 0         ; 19           ; 19           ;
; Total Fail         ; 0         ; 0            ; 0         ; 0            ; 0            ; 0         ; 0         ; 0            ; 0         ; 0         ; 0            ; 0            ; 0            ; 0            ; 0            ; 0            ; 0            ; 0            ; 0            ; 0            ; 0            ; 0            ; 0            ; 0            ; 0            ; 0            ; 0            ; 0         ; 0            ; 0            ;
; SW[0]              ; Pass      ; Inapplicable ; Pass      ; Inapplicable ; Inapplicable ; Pass      ; Pass      ; Inapplicable ; Pass      ; Pass      ; Inapplicable ; Inapplicable ; Inapplicable ; Inapplicable ; Pass         ; Inapplicable ; Inapplicable ; Pass         ; Inapplicable ; Inapplicable ; Inapplicable ; Inapplicable ; Inapplicable ; Inapplicable ; Inapplicable ; Inapplicable ; Inapplicable ; Pass      ; Inapplicable ; Inapplicable ;
; SW[1]              ; Pass      ; Inapplicable ; Pass      ; Inapplicable ; Inapplicable ; Pass      ; Pass      ; Inapplicable ; Pass      ; Pass      ; Inapplicable ; Inapplicable ; Inapplicable ; Inapplicable ; Pass         ; Inapplicable ; Inapplicable ; Pass         ; Inapplicable ; Inapplicable ; Inapplicable ; Inapplicable ; Inapplicable ; Inapplicable ; Inapplicable ; Inapplicable ; Inapplicable ; Pass      ; Inapplicable ; Inapplicable ;
; UART_TX            ; Pass      ; Inapplicable ; Pass      ; Inapplicable ; Inapplicable ; Pass      ; Pass      ; Inapplicable ; Pass      ; Pass      ; Inapplicable ; Inapplicable ; Inapplicable ; Inapplicable ; Inapplicable ; Inapplicable ; Inapplicable ; Inapplicable ; Inapplicable ; Inapplicable ; Inapplicable ; Inapplicable ; Inapplicable ; Inapplicable ; Inapplicable ; Inapplicable ; Inapplicable ; Pass      ; Inapplicable ; Inapplicable ;
; LEDR[0]            ; Pass      ; Inapplicable ; Pass      ; Inapplicable ; Inapplicable ; Pass      ; Pass      ; Inapplicable ; Pass      ; Pass      ; Inapplicable ; Inapplicable ; Inapplicable ; Inapplicable ; Inapplicable ; Inapplicable ; Inapplicable ; Inapplicable ; Inapplicable ; Inapplicable ; Inapplicable ; Inapplicable ; Inapplicable ; Inapplicable ; Inapplicable ; Inapplicable ; Inapplicable ; Pass      ; Inapplicable ; Inapplicable ;
; LEDR[1]            ; Pass      ; Inapplicable ; Pass      ; Inapplicable ; Inapplicable ; Pass      ; Pass      ; Inapplicable ; Pass      ; Pass      ; Inapplicable ; Inapplicable ; Inapplicable ; Inapplicable ; Inapplicable ; Inapplicable ; Inapplicable ; Inapplicable ; Inapplicable ; Inapplicable ; Inapplicable ; Inapplicable ; Inapplicable ; Inapplicable ; Inapplicable ; Inapplicable ; Inapplicable ; Pass      ; Inapplicable ; Inapplicable ;
; LEDR[2]            ; Pass      ; Inapplicable ; Pass      ; Inapplicable ; Inapplicable ; Pass      ; Pass      ; Inapplicable ; Pass      ; Pass      ; Inapplicable ; Inapplicable ; Inapplicable ; Inapplicable ; Inapplicable ; Inapplicable ; Inapplicable ; Inapplicable ; Inapplicable ; Inapplicable ; Inapplicable ; Inapplicable ; Inapplicable ; Inapplicable ; Inapplicable ; Inapplicable ; Inapplicable ; Pass      ; Inapplicable ; Inapplicable ;
; LEDR[3]            ; Pass      ; Inapplicable ; Pass      ; Inapplicable ; Inapplicable ; Pass      ; Pass      ; Inapplicable ; Pass      ; Pass      ; Inapplicable ; Inapplicable ; Inapplicable ; Inapplicable ; Inapplicable ; Inapplicable ; Inapplicable ; Inapplicable ; Inapplicable ; Inapplicable ; Inapplicable ; Inapplicable ; Inapplicable ; Inapplicable ; Inapplicable ; Inapplicable ; Inapplicable ; Pass      ; Inapplicable ; Inapplicable ;
; LEDR[4]            ; Pass      ; Inapplicable ; Pass      ; Inapplicable ; Inapplicable ; Pass      ; Pass      ; Inapplicable ; Pass      ; Pass      ; Inapplicable ; Inapplicable ; Inapplicable ; Inapplicable ; Inapplicable ; Inapplicable ; Inapplicable ; Inapplicable ; Inapplicable ; Inapplicable ; Inapplicable ; Inapplicable ; Inapplicable ; Inapplicable ; Inapplicable ; Inapplicable ; Inapplicable ; Pass      ; Inapplicable ; Inapplicable ;
; LEDR[5]            ; Pass      ; Inapplicable ; Pass      ; Inapplicable ; Inapplicable ; Pass      ; Pass      ; Inapplicable ; Pass      ; Pass      ; Inapplicable ; Inapplicable ; Inapplicable ; Inapplicable ; Inapplicable ; Inapplicable ; Inapplicable ; Inapplicable ; Inapplicable ; Inapplicable ; Inapplicable ; Inapplicable ; Inapplicable ; Inapplicable ; Inapplicable ; Inapplicable ; Inapplicable ; Pass      ; Inapplicable ; Inapplicable ;
; LEDR[6]            ; Pass      ; Inapplicable ; Pass      ; Inapplicable ; Inapplicable ; Pass      ; Pass      ; Inapplicable ; Pass      ; Pass      ; Inapplicable ; Inapplicable ; Inapplicable ; Inapplicable ; Inapplicable ; Inapplicable ; Inapplicable ; Inapplicable ; Inapplicable ; Inapplicable ; Inapplicable ; Inapplicable ; Inapplicable ; Inapplicable ; Inapplicable ; Inapplicable ; Inapplicable ; Pass      ; Inapplicable ; Inapplicable ;
; LEDR[7]            ; Pass      ; Inapplicable ; Pass      ; Inapplicable ; Inapplicable ; Pass      ; Pass      ; Inapplicable ; Pass      ; Pass      ; Inapplicable ; Inapplicable ; Inapplicable ; Inapplicable ; Inapplicable ; Inapplicable ; Inapplicable ; Inapplicable ; Inapplicable ; Inapplicable ; Inapplicable ; Inapplicable ; Inapplicable ; Inapplicable ; Inapplicable ; Inapplicable ; Inapplicable ; Pass      ; Inapplicable ; Inapplicable ;
; LEDR[8]            ; Pass      ; Inapplicable ; Pass      ; Inapplicable ; Inapplicable ; Pass      ; Pass      ; Inapplicable ; Pass      ; Pass      ; Inapplicable ; Inapplicable ; Inapplicable ; Inapplicable ; Inapplicable ; Inapplicable ; Inapplicable ; Inapplicable ; Inapplicable ; Inapplicable ; Inapplicable ; Inapplicable ; Inapplicable ; Inapplicable ; Inapplicable ; Inapplicable ; Inapplicable ; Pass      ; Inapplicable ; Inapplicable ;
; LEDR[9]            ; Pass      ; Inapplicable ; Pass      ; Inapplicable ; Inapplicable ; Pass      ; Pass      ; Inapplicable ; Pass      ; Pass      ; Inapplicable ; Inapplicable ; Inapplicable ; Inapplicable ; Inapplicable ; Inapplicable ; Inapplicable ; Inapplicable ; Inapplicable ; Inapplicable ; Inapplicable ; Inapplicable ; Inapplicable ; Inapplicable ; Inapplicable ; Inapplicable ; Inapplicable ; Pass      ; Inapplicable ; Inapplicable ;
; KEY[1]             ; Pass      ; Inapplicable ; Pass      ; Inapplicable ; Inapplicable ; Pass      ; Pass      ; Inapplicable ; Pass      ; Pass      ; Inapplicable ; Inapplicable ; Inapplicable ; Inapplicable ; Pass         ; Inapplicable ; Inapplicable ; Pass         ; Inapplicable ; Inapplicable ; Inapplicable ; Inapplicable ; Inapplicable ; Inapplicable ; Inapplicable ; Inapplicable ; Inapplicable ; Pass      ; Inapplicable ; Inapplicable ;
; MAX10_CLK1_50      ; Pass      ; Inapplicable ; Pass      ; Inapplicable ; Inapplicable ; Pass      ; Pass      ; Inapplicable ; Pass      ; Pass      ; Inapplicable ; Inapplicable ; Inapplicable ; Inapplicable ; Pass         ; Inapplicable ; Inapplicable ; Pass         ; Inapplicable ; Inapplicable ; Inapplicable ; Inapplicable ; Inapplicable ; Inapplicable ; Inapplicable ; Inapplicable ; Inapplicable ; Pass      ; Inapplicable ; Inapplicable ;
; KEY[0]             ; Pass      ; Inapplicable ; Pass      ; Inapplicable ; Inapplicable ; Pass      ; Pass      ; Inapplicable ; Pass      ; Pass      ; Inapplicable ; Inapplicable ; Inapplicable ; Inapplicable ; Pass         ; Inapplicable ; Inapplicable ; Pass         ; Inapplicable ; Inapplicable ; Inapplicable ; Inapplicable ; Inapplicable ; Inapplicable ; Inapplicable ; Inapplicable ; Inapplicable ; Pass      ; Inapplicable ; Inapplicable ;
; SW[3]              ; Pass      ; Inapplicable ; Pass      ; Inapplicable ; Inapplicable ; Pass      ; Pass      ; Inapplicable ; Pass      ; Pass      ; Inapplicable ; Inapplicable ; Inapplicable ; Inapplicable ; Pass         ; Inapplicable ; Inapplicable ; Pass         ; Inapplicable ; Inapplicable ; Inapplicable ; Inapplicable ; Inapplicable ; Inapplicable ; Inapplicable ; Inapplicable ; Inapplicable ; Pass      ; Inapplicable ; Inapplicable ;
; SW[2]              ; Pass      ; Inapplicable ; Pass      ; Inapplicable ; Inapplicable ; Pass      ; Pass      ; Inapplicable ; Pass      ; Pass      ; Inapplicable ; Inapplicable ; Inapplicable ; Inapplicable ; Pass         ; Inapplicable ; Inapplicable ; Pass         ; Inapplicable ; Inapplicable ; Inapplicable ; Inapplicable ; Inapplicable ; Inapplicable ; Inapplicable ; Inapplicable ; Inapplicable ; Pass      ; Inapplicable ; Inapplicable ;
; UART_RX            ; Pass      ; Inapplicable ; Pass      ; Inapplicable ; Inapplicable ; Pass      ; Pass      ; Inapplicable ; Pass      ; Pass      ; Inapplicable ; Inapplicable ; Inapplicable ; Inapplicable ; Pass         ; Inapplicable ; Inapplicable ; Pass         ; Inapplicable ; Inapplicable ; Inapplicable ; Inapplicable ; Inapplicable ; Inapplicable ; Inapplicable ; Inapplicable ; Inapplicable ; Pass      ; Inapplicable ; Inapplicable ;
+--------------------+-----------+--------------+-----------+--------------+--------------+-----------+-----------+--------------+-----------+-----------+--------------+--------------+--------------+--------------+--------------+--------------+--------------+--------------+--------------+--------------+--------------+--------------+--------------+--------------+--------------+--------------+--------------+-----------+--------------+--------------+


+-------------------------------------------------------------------------------------------+
; Fitter Device Options                                                                     ;
+------------------------------------------------------------------+------------------------+
; Option                                                           ; Setting                ;
+------------------------------------------------------------------+------------------------+
; Enable user-supplied start-up clock (CLKUSR)                     ; Off                    ;
; Enable device-wide reset (DEV_CLRn)                              ; Off                    ;
; Enable device-wide output enable (DEV_OE)                        ; Off                    ;
; Enable INIT_DONE output                                          ; Off                    ;
; Configuration scheme                                             ; Internal Configuration ;
; Enable Error Detection CRC_ERROR pin                             ; Off                    ;
; Enable open drain on CRC_ERROR pin                               ; Off                    ;
; Enable nCONFIG, nSTATUS, and CONF_DONE pins                      ; On                     ;
; Enable JTAG pin sharing                                          ; Off                    ;
; Enable nCE pin                                                   ; Off                    ;
; Enable CONFIG_SEL pin                                            ; On                     ;
; Enable input tri-state on active configuration pins in user mode ; Off                    ;
; Configuration Voltage Level                                      ; Auto                   ;
; Force Configuration Voltage Level                                ; Off                    ;
; Data[0]                                                          ; Unreserved             ;
; Data[1]/ASDO                                                     ; Unreserved             ;
; FLASH_nCE/nCSO                                                   ; Unreserved             ;
; DCLK                                                             ; Unreserved             ;
+------------------------------------------------------------------+------------------------+


+------------------------------------+
; Operating Settings and Conditions  ;
+---------------------------+--------+
; Setting                   ; Value  ;
+---------------------------+--------+
; Nominal Core Voltage      ; 1.20 V ;
; Low Junction Temperature  ; 0 °C   ;
; High Junction Temperature ; 85 °C  ;
+---------------------------+--------+


+------------------------------------------------------------+
; Estimated Delay Added for Hold Timing Summary              ;
+-----------------+----------------------+-------------------+
; Source Clock(s) ; Destination Clock(s) ; Delay Added in ns ;
+-----------------+----------------------+-------------------+
; MAX10_CLK1_50   ; MAX10_CLK1_50        ; 6.6               ;
+-----------------+----------------------+-------------------+
Note: For more information on problematic transfers, consider running the Fitter again with the Optimize hold timing option (Settings Menu) turned off.
This will disable optimization of problematic paths and expose them for further analysis using the Timing Analyzer.


+-----------------------------------------------------------------------------------------------------------------------------------------------------------------------------------------------------------------------------------------------------------------+
; Estimated Delay Added for Hold Timing Details                                                                                                                                                                                                                   ;
+------------------------------------------------------------------------------+--------------------------------------------------------------------------------------------------------------------------------------------------------------+-------------------+
; Source Register                                                              ; Destination Register                                                                                                                                         ; Delay Added in ns ;
+------------------------------------------------------------------------------+--------------------------------------------------------------------------------------------------------------------------------------------------------------+-------------------+
; igor_uart_top:system|igor_top:core|igor_rollout_tile:tiles[3].tile|x[11]     ; igor_uart_top:system|igor_top:core|igor_costmap_bank:tiles[3].memory|altsyncram:memory_rtl_0|altsyncram_jdi1:auto_generated|ram_block1a0~portb_address_reg0  ; 0.320             ;
; igor_uart_top:system|igor_uart_protocol:serial|payload[12]                   ; igor_uart_top:system|igor_top:core|igor_costmap_bank:tiles[0].memory|altsyncram:memory_rtl_0|altsyncram_jdi1:auto_generated|ram_block1a13~porta_address_reg0 ; 0.310             ;
; igor_uart_top:system|igor_top:core|igor_rollout_tile:tiles[3].tile|y[11]     ; igor_uart_top:system|igor_top:core|igor_costmap_bank:tiles[3].memory|altsyncram:memory_rtl_0|altsyncram_jdi1:auto_generated|ram_block1a20~portb_address_reg0 ; 0.265             ;
; igor_uart_top:system|igor_top:core|igor_rollout_tile:tiles[3].tile|y[10]     ; igor_uart_top:system|igor_top:core|igor_costmap_bank:tiles[3].memory|altsyncram:memory_rtl_0|altsyncram_jdi1:auto_generated|ram_block1a20~portb_address_reg0 ; 0.265             ;
; igor_uart_top:system|igor_uart_protocol:serial|payload[21]                   ; igor_uart_top:system|igor_top:core|igor_costmap_bank:tiles[0].memory|altsyncram:memory_rtl_0|altsyncram_jdi1:auto_generated|ram_block1a13~porta_datain_reg0  ; 0.252             ;
; igor_uart_top:system|igor_uart_protocol:serial|payload[19]                   ; igor_uart_top:system|igor_top:core|igor_costmap_bank:tiles[0].memory|altsyncram:memory_rtl_0|altsyncram_jdi1:auto_generated|ram_block1a3~porta_datain_reg0   ; 0.252             ;
; igor_uart_top:system|igor_uart_protocol:serial|payload[1]                    ; igor_uart_top:system|igor_top:core|igor_costmap_bank:tiles[0].memory|altsyncram:memory_rtl_0|altsyncram_jdi1:auto_generated|ram_block1a24~porta_address_reg0 ; 0.172             ;
; igor_uart_top:system|igor_uart_protocol:serial|payload[0]                    ; igor_uart_top:system|igor_top:core|igor_costmap_bank:tiles[0].memory|altsyncram:memory_rtl_0|altsyncram_jdi1:auto_generated|ram_block1a3~porta_address_reg0  ; 0.172             ;
; igor_uart_top:system|igor_uart_protocol:serial|payload[3]                    ; igor_uart_top:system|igor_top:core|igor_costmap_bank:tiles[0].memory|altsyncram:memory_rtl_0|altsyncram_jdi1:auto_generated|ram_block1a24~porta_address_reg0 ; 0.172             ;
; igor_uart_top:system|igor_top:core|igor_rollout_tile:tiles[3].tile|x[10]     ; igor_uart_top:system|igor_top:core|igor_costmap_bank:tiles[3].memory|altsyncram:memory_rtl_0|altsyncram_jdi1:auto_generated|ram_block1a7~portb_address_reg0  ; 0.165             ;
; igor_uart_top:system|igor_top:core|igor_rollout_tile:tiles[3].tile|x[8]      ; igor_uart_top:system|igor_top:core|igor_costmap_bank:tiles[3].memory|altsyncram:memory_rtl_0|altsyncram_jdi1:auto_generated|ram_block1a7~portb_address_reg0  ; 0.165             ;
; igor_uart_top:system|igor_top:core|igor_rollout_tile:tiles[3].tile|x[12]     ; igor_uart_top:system|igor_top:core|igor_costmap_bank:tiles[3].memory|altsyncram:memory_rtl_0|altsyncram_jdi1:auto_generated|ram_block1a7~portb_address_reg0  ; 0.149             ;
; igor_uart_top:system|igor_top:core|igor_rollout_tile:tiles[3].tile|x[9]      ; igor_uart_top:system|igor_top:core|igor_costmap_bank:tiles[3].memory|altsyncram:memory_rtl_0|altsyncram_jdi1:auto_generated|ram_block1a7~portb_address_reg0  ; 0.149             ;
; igor_uart_top:system|igor_uart_protocol:serial|igor_uart_tx:transmitter|busy ; igor_uart_top:system|igor_uart_protocol:serial|igor_uart_tx:transmitter|bit_index[3]                                                                         ; 0.123             ;
; igor_uart_top:system|igor_top:core|igor_rollout_tile:tiles[3].tile|y[8]      ; igor_uart_top:system|igor_top:core|igor_costmap_bank:tiles[3].memory|altsyncram:memory_rtl_0|altsyncram_jdi1:auto_generated|ram_block1a25~portb_address_reg0 ; 0.120             ;
; igor_uart_top:system|igor_top:core|igor_rollout_tile:tiles[3].tile|y[13]     ; igor_uart_top:system|igor_top:core|igor_costmap_bank:tiles[3].memory|altsyncram:memory_rtl_0|altsyncram_jdi1:auto_generated|ram_block1a25~portb_address_reg0 ; 0.120             ;
; igor_uart_top:system|igor_top:core|igor_rollout_tile:tiles[3].tile|x[14]     ; igor_uart_top:system|igor_top:core|igor_costmap_bank:tiles[3].memory|altsyncram:memory_rtl_0|altsyncram_jdi1:auto_generated|ram_block1a25~portb_address_reg0 ; 0.118             ;
; igor_uart_top:system|igor_top:core|igor_rollout_tile:tiles[3].tile|y[9]      ; igor_uart_top:system|igor_top:core|igor_costmap_bank:tiles[3].memory|altsyncram:memory_rtl_0|altsyncram_jdi1:auto_generated|ram_block1a20~portb_address_reg0 ; 0.118             ;
; igor_uart_top:system|igor_top:core|igor_rollout_tile:tiles[3].tile|x[13]     ; igor_uart_top:system|igor_top:core|igor_costmap_bank:tiles[3].memory|altsyncram:memory_rtl_0|altsyncram_jdi1:auto_generated|ram_block1a7~portb_address_reg0  ; 0.117             ;
; igor_uart_top:system|igor_top:core|igor_rollout_tile:tiles[3].tile|y[12]     ; igor_uart_top:system|igor_top:core|igor_costmap_bank:tiles[3].memory|altsyncram:memory_rtl_0|altsyncram_jdi1:auto_generated|ram_block1a25~portb_address_reg0 ; 0.117             ;
; igor_uart_top:system|igor_uart_protocol:serial|payload[7]                    ; igor_uart_top:system|igor_top:core|igor_costmap_bank:tiles[0].memory|altsyncram:memory_rtl_0|altsyncram_jdi1:auto_generated|ram_block1a24~porta_address_reg0 ; 0.116             ;
; igor_uart_top:system|igor_uart_protocol:serial|payload[5]                    ; igor_uart_top:system|igor_top:core|igor_costmap_bank:tiles[0].memory|altsyncram:memory_rtl_0|altsyncram_jdi1:auto_generated|ram_block1a24~porta_address_reg0 ; 0.116             ;
; igor_uart_top:system|igor_uart_protocol:serial|payload[6]                    ; igor_uart_top:system|igor_top:core|igor_costmap_bank:tiles[0].memory|altsyncram:memory_rtl_0|altsyncram_jdi1:auto_generated|ram_block1a24~porta_address_reg0 ; 0.116             ;
; igor_uart_top:system|igor_top:core|igor_rollout_tile:tiles[1].tile|x[11]     ; igor_uart_top:system|igor_top:core|igor_costmap_bank:tiles[1].memory|altsyncram:memory_rtl_0|altsyncram_jdi1:auto_generated|ram_block1a13~portb_address_reg0 ; 0.087             ;
; igor_uart_top:system|igor_top:core|igor_rollout_tile:tiles[1].tile|x[12]     ; igor_uart_top:system|igor_top:core|igor_costmap_bank:tiles[1].memory|altsyncram:memory_rtl_0|altsyncram_jdi1:auto_generated|ram_block1a13~portb_address_reg0 ; 0.042             ;
+------------------------------------------------------------------------------+--------------------------------------------------------------------------------------------------------------------------------------------------------------+-------------------+
Note: This table only shows the top 25 path(s) that have the largest delay added for hold.


+-----------------+
; Fitter Messages ;
+-----------------+
Info (20032): Parallel compilation is enabled and will use up to 4 processors
Info (119006): Selected device 10M50DAF484C7G for design "igor_max10"
Info (21076): High junction temperature operating condition is not set. Assuming a default value of '85'.
Info (21076): Low junction temperature operating condition is not set. Assuming a default value of '0'.
Info (171003): Fitter is performing an Auto Fit compilation, which may decrease Fitter effort to reduce compilation time
Info (176444): Device migration not selected. If you intend to use device migration later, you may need to change the pin assignments as they may be incompatible with other devices
    Info (176445): Device 10M08DAF484I7G is compatible
    Info (176445): Device 10M08DAF484I7P is compatible
    Info (176445): Device 10M16DAF484A7G is compatible
    Info (176445): Device 10M16DAF484C7G is compatible
    Info (176445): Device 10M16DAF484I7G is compatible
    Info (176445): Device 10M16DAF484I7P is compatible
    Info (176445): Device 10M25DAF484A7G is compatible
    Info (176445): Device 10M25DAF484C7G is compatible
    Info (176445): Device 10M25DAF484I7G is compatible
    Info (176445): Device 10M50DAF484I7G is compatible
    Info (176445): Device 10M50DAF484I7P is compatible
    Info (176445): Device 10M40DAF484C7G is compatible
    Info (176445): Device 10M40DAF484I7G is compatible
Info (169124): Fitter converted 8 user pins into dedicated programming pins
    Info (169125): Pin ~ALTERA_TMS~ is reserved at location H2
    Info (169125): Pin ~ALTERA_TCK~ is reserved at location G2
    Info (169125): Pin ~ALTERA_TDI~ is reserved at location L4
    Info (169125): Pin ~ALTERA_TDO~ is reserved at location M5
    Info (169125): Pin ~ALTERA_CONFIG_SEL~ is reserved at location H10
    Info (169125): Pin ~ALTERA_nCONFIG~ is reserved at location H9
    Info (169125): Pin ~ALTERA_nSTATUS~ is reserved at location G9
    Info (169125): Pin ~ALTERA_CONF_DONE~ is reserved at location F8
Info (169141): DATA[0] dual-purpose pin not reserved
Info (12825): Data[1]/ASDO dual-purpose pin not reserved
Info (12825): nCSO dual-purpose pin not reserved
Info (12825): DCLK dual-purpose pin not reserved
Warning (15714): Some pins have incomplete I/O assignments. Refer to the I/O Assignment Warnings report for details
Info (176045): Design uses memory blocks. Violating setup or hold times of memory block address registers for either read or write operations could cause memory contents to be corrupted. Make sure that all memory block address registers meet the setup and hold time requirements.
Info (332104): Reading SDC File: 'igor_max10.sdc'
Info (332151): Clock uncertainty is not calculated until you update the timing netlist.
Info (332154): The derive_clock_uncertainty command did not apply clock uncertainty to any clock-to-clock transfers.
Info (332129): Detected timing requirements -- optimizing circuit to achieve only the specified requirements
Info (332111): Found 1 clocks
    Info (332111):   Period   Clock Name
    Info (332111): ======== ============
    Info (332111):   20.000 MAX10_CLK1_50
Info (176353): Automatically promoted node MAX10_CLK1_50~input (placed in PIN P11 (CLK7p, DIFFIO_TX_RX_B20p, DIFFOUT_B20p, High_Speed)) File: C:/Users/William Anthony/Documents/Codex/2026-09-30/files-mentioned-by-the-user-draft/outputs/MAX10_10M50DAF484C7G/rtl/igor_de10_lite_top.v Line: 7
    Info (176355): Automatically promoted destinations to use location or clock signal Global Clock CLKCTRL_G19
Info (176353): Automatically promoted node igor_uart_top:system|reset_sync[1]  File: C:/Users/William Anthony/Documents/Codex/2026-09-30/files-mentioned-by-the-user-draft/outputs/MAX10_10M50DAF484C7G/rtl/igor_uart_top.v Line: 10
    Info (176355): Automatically promoted destinations to use location or clock signal Global Clock
    Info (176356): Following destination nodes may be non-global or may not use global or regional clocks
        Info (176357): Destination node igor_uart_top:system|igor_top:core|igor_safety_security_gate:gate|fault_code[3]~7 File: C:/Users/William Anthony/Documents/Codex/2026-09-30/files-mentioned-by-the-user-draft/outputs/MAX10_10M50DAF484C7G/rtl/igor_safety_security_gate.v Line: 13
        Info (176357): Destination node igor_uart_top:system|igor_top:core|igor_safety_security_gate:gate|fault_code[0]~14 File: C:/Users/William Anthony/Documents/Codex/2026-09-30/files-mentioned-by-the-user-draft/outputs/MAX10_10M50DAF484C7G/rtl/igor_safety_security_gate.v Line: 13
        Info (176357): Destination node igor_uart_top:system|igor_top:core|igor_safety_security_gate:gate|fault_code[2]~18 File: C:/Users/William Anthony/Documents/Codex/2026-09-30/files-mentioned-by-the-user-draft/outputs/MAX10_10M50DAF484C7G/rtl/igor_safety_security_gate.v Line: 13
        Info (176357): Destination node igor_uart_top:system|Selector23~3 File: C:/Users/William Anthony/Documents/Codex/2026-09-30/files-mentioned-by-the-user-draft/outputs/MAX10_10M50DAF484C7G/rtl/igor_uart_top.v Line: 33
        Info (176357): Destination node igor_uart_top:system|igor_neural_core:neural|outputs~79 File: C:/Users/William Anthony/Documents/Codex/2026-09-30/files-mentioned-by-the-user-draft/outputs/MAX10_10M50DAF484C7G/rtl/igor_neural_core.v Line: 10
        Info (176357): Destination node igor_uart_top:system|igor_neural_core:neural|comb~1
        Info (176357): Destination node igor_uart_top:system|igor_neural_core:neural|comb~2
        Info (176357): Destination node igor_uart_top:system|igor_neural_core:neural|comb~3
        Info (176357): Destination node igor_uart_top:system|igor_top:core|igor_safety_security_gate:gate|fault_code[1]~20 File: C:/Users/William Anthony/Documents/Codex/2026-09-30/files-mentioned-by-the-user-draft/outputs/MAX10_10M50DAF484C7G/rtl/igor_safety_security_gate.v Line: 13
        Info (176357): Destination node LEDR[1]~output File: C:/Users/William Anthony/Documents/Codex/2026-09-30/files-mentioned-by-the-user-draft/outputs/MAX10_10M50DAF484C7G/rtl/igor_de10_lite_top.v Line: 8
Info (176233): Starting register packing
Info (176235): Finished register packing
    Extra Info (176218): Packed 51 registers into blocks of type Embedded multiplier block
    Extra Info (176220): Created 51 register duplicates
Info (171121): Fitter preparation operations ending: elapsed time is 00:00:35
Info (14896): Fitter has disabled Advanced Physical Optimization because it is not supported for the current family.
Info (170189): Fitter placement preparation operations beginning
Info (170190): Fitter placement preparation operations ending: elapsed time is 00:00:06
Info (170191): Fitter placement operations beginning
Info (170137): Fitter placement was successful
Info (170192): Fitter placement operations ending: elapsed time is 00:01:36
Info (170193): Fitter routing operations beginning
Info (170195): Router estimated average interconnect usage is 7% of the available device resources
    Info (170196): Router estimated peak interconnect usage is 20% of the available device resources in the region that extends from location X33_Y11 to location X44_Y21
Info (170199): The Fitter performed an Auto Fit compilation.  Optimizations were skipped to reduce compilation time.
    Info (170201): Optimizations that may affect the design's routability were skipped
    Info (170200): Optimizations that may affect the design's timing were skipped
Info (170194): Fitter routing operations ending: elapsed time is 00:01:11
Info (11888): Total time spent on timing analysis during the Fitter is 26.31 seconds.
Info (334003): Started post-fitting delay annotation
Info (334004): Delay annotation completed successfully
Info (334003): Started post-fitting delay annotation
Info (334004): Delay annotation completed successfully
Info (11218): Fitter post-fit operations ending: elapsed time is 00:00:40
Warning (169177): 8 pins must meet Intel FPGA requirements for 3.3-, 3.0-, and 2.5-V interfaces. For more information, refer to AN 447: Interfacing MAX 10 Devices with 3.3/3.0/2.5-V LVTTL/LVCMOS I/O Systems.
    Info (169178): Pin SW[0] uses I/O standard 3.3-V LVTTL at C10 File: C:/Users/William Anthony/Documents/Codex/2026-09-30/files-mentioned-by-the-user-draft/outputs/MAX10_10M50DAF484C7G/rtl/igor_de10_lite_top.v Line: 7
    Info (169178): Pin SW[1] uses I/O standard 3.3-V LVTTL at C11 File: C:/Users/William Anthony/Documents/Codex/2026-09-30/files-mentioned-by-the-user-draft/outputs/MAX10_10M50DAF484C7G/rtl/igor_de10_lite_top.v Line: 7
    Info (169178): Pin KEY[1] uses I/O standard 3.3 V Schmitt Trigger at A7 File: C:/Users/William Anthony/Documents/Codex/2026-09-30/files-mentioned-by-the-user-draft/outputs/MAX10_10M50DAF484C7G/rtl/igor_de10_lite_top.v Line: 7
    Info (169178): Pin MAX10_CLK1_50 uses I/O standard 3.3-V LVTTL at P11 File: C:/Users/William Anthony/Documents/Codex/2026-09-30/files-mentioned-by-the-user-draft/outputs/MAX10_10M50DAF484C7G/rtl/igor_de10_lite_top.v Line: 7
    Info (169178): Pin KEY[0] uses I/O standard 3.3 V Schmitt Trigger at B8 File: C:/Users/William Anthony/Documents/Codex/2026-09-30/files-mentioned-by-the-user-draft/outputs/MAX10_10M50DAF484C7G/rtl/igor_de10_lite_top.v Line: 7
    Info (169178): Pin SW[3] uses I/O standard 3.3-V LVTTL at C12 File: C:/Users/William Anthony/Documents/Codex/2026-09-30/files-mentioned-by-the-user-draft/outputs/MAX10_10M50DAF484C7G/rtl/igor_de10_lite_top.v Line: 7
    Info (169178): Pin SW[2] uses I/O standard 3.3-V LVTTL at D12 File: C:/Users/William Anthony/Documents/Codex/2026-09-30/files-mentioned-by-the-user-draft/outputs/MAX10_10M50DAF484C7G/rtl/igor_de10_lite_top.v Line: 7
    Info (169178): Pin UART_RX uses I/O standard 3.3-V LVTTL at V10 File: C:/Users/William Anthony/Documents/Codex/2026-09-30/files-mentioned-by-the-user-draft/outputs/MAX10_10M50DAF484C7G/rtl/igor_de10_lite_top.v Line: 8
Info (144001): Generated suppressed messages file C:/Users/William Anthony/Documents/Codex/2026-09-30/files-mentioned-by-the-user-draft/outputs/MAX10_10M50DAF484C7G/quartus/output_files/igor_max10.fit.smsg
Info: Quartus Prime Fitter was successful. 0 errors, 2 warnings
    Info: Peak virtual memory: 5842 megabytes
    Info: Processing ended: Thu Oct  1 10:37:01 2026
    Info: Elapsed time: 00:05:02
    Info: Total CPU time (on all processors): 00:08:50


+----------------------------+
; Fitter Suppressed Messages ;
+----------------------------+
The suppressed messages can be found in C:/Users/William Anthony/Documents/Codex/2026-09-30/files-mentioned-by-the-user-draft/outputs/MAX10_10M50DAF484C7G/quartus/output_files/igor_max10.fit.smsg.


